0.16097,0.04944,0.36673,0.15475,0.0022918,0.00013149
0.093699,0.042355,0.13011,0.043058,0.0024173,0.00020328
0.09157,0.039924,0.11399,0.035939,0.0026352,0.00018372
0.089808,0.037067,0.10428,0.028247,0.0029984,0.00017882
0.08832,0.033947,0.095847,0.026425,0.0027953,0.00014823
0.087056,0.030775,0.084966,0.030866,0.0027229,0.00014907
0.086017,0.027792,0.073809,0.038801,0.0024001,0.00015691
0.085212,0.0252,0.066627,0.044109,0.0017434,0.00013906
0.084636,0.023087,0.06502,0.039475,0.0017641,0.0001375
0.084269,0.021419,0.066119,0.032265,0.0018372,0.00014518
0.084084,0.02008,0.068516,0.030403,0.0014621,0.00012363
0.08403,0.018934,0.066703,0.032608,0.0013368,0.00010785
0.084006,0.017845,0.060499,0.033648,0.0012155,0.00010268
0.083891,0.01671,0.055137,0.035234,0.0012469,8.8286e-05
0.083566,0.015467,0.052517,0.036547,0.0011883,8.7267e-05
0.082886,0.014094,0.052431,0.036978,0.0011299,8.6707e-05
0.081688,0.01262,0.053319,0.036502,0.0012108,0.00010731
0.079816,0.011146,0.051858,0.037277,0.0010473,9.3585e-05
0.07713,0.0098177,0.049227,0.036653,0.0013701,9.9595e-05
0.07356,0.0087943,0.048284,0.033181,0.0016189,0.000132
0.06917,0.0082147,0.051657,0.029704,0.0025341,0.00012292
0.064173,0.0081576,0.060927,0.029672,0.0023481,0.00011003
0.058869,0.0086415,0.071049,0.031407,0.0021239,0.00010446
0.053574,0.0096421,0.0769,0.030467,0.0021664,0.00011861
0.048589,0.011087,0.077196,0.028248,0.0022472,0.00011171
0.044194,0.012881,0.072751,0.027616,0.0022428,0.00012395
0.040576,0.014964,0.069019,0.026603,0.0025751,0.00012964
0.037795,0.017303,0.068346,0.024735,0.0026165,0.00010876
0.035853,0.01985,0.069863,0.022925,0.0026623,9.8745e-05
0.034744,0.022543,0.071371,0.021859,0.002912,9.5215e-05
0.034445,0.025323,0.071632,0.020049,0.003049,0.00010721
0.034904,0.028126,0.070878,0.018359,0.0029843,9.3052e-05
0.036034,0.030875,0.069432,0.018051,0.0028505,8.8989e-05
0.037724,0.033469,0.067367,0.019303,0.0028757,8.3738e-05
0.039854,0.035786,0.06496,0.024488,0.0030436,8.5318e-05
0.042315,0.03767,0.064666,0.030927,0.0026507,7.9497e-05
0.045026,0.038962,0.064711,0.033776,0.0020889,7.1321e-05
0.047928,0.039532,0.065321,0.029387,0.0021711,6.9783e-05
0.05098,0.039296,0.062465,0.022646,0.0022055,0.00011258
0.05411,0.038236,0.058165,0.021125,0.0021648,8.6983e-05
0.05719,0.03641,0.056386,0.023683,0.0030617,0.00011129
0.06005,0.03395,0.05739,0.032549,0.0028802,0.00012036
0.062521,0.031023,0.059651,0.038538,0.0028058,0.0001022
0.064467,0.027791,0.060438,0.038254,0.0029244,0.00010807
0.065815,0.024404,0.059299,0.038334,0.002554,0.00010229
0.066566,0.021043,0.058906,0.03804,0.0021315,0.00010114
0.066746,0.017962,0.059757,0.037306,0.0022489,9.7915e-05
0.066367,0.015447,0.062473,0.038298,0.0021677,9.421e-05
0.06541,0.013784,0.068669,0.039594,0.0022537,8.9866e-05
0.063829,0.013256,0.077934,0.039707,0.0023694,0.00010648
0.061586,0.014173,0.08744,0.040306,0.002149,0.00010541
0.058691,0.016864,0.095215,0.039681,0.0016267,0.00010932
0.05527,0.021578,0.10487,0.03601,0.0017019,9.7547e-05
0.051513,0.028419,0.1193,0.034461,0.0016989,7.9822e-05
0.047605,0.03739,0.13767,0.037779,0.0019695,6.9687e-05
0.043681,0.048462,0.15632,0.047737,0.0015594,6.9313e-05
0.16911,0.04589,0.10038,0.01056,0.0036796,0.00011619
0.18201,0.04785,0.10387,0.010546,0.0032044,0.00011654
0.19394,0.049005,0.10278,0.01102,0.0029878,0.00010707
0.20465,0.049133,0.10119,0.011757,0.0024446,0.00012107
0.21384,0.04806,0.098762,0.014068,0.0025159,0.00013277
0.22126,0.045728,0.09781,0.016096,0.0031343,0.00013283
0.22679,0.042252,0.099791,0.018968,0.0027558,0.00013687
0.23044,0.037906,0.10217,0.021945,0.0025044,0.00013731
0.23226,0.033044,0.10242,0.023066,0.002373,9.6284e-05
0.23226,0.028004,0.099304,0.022446,0.0022261,8.2928e-05
0.23044,0.023055,0.094079,0.02026,0.0021432,9.2084e-05
0.22681,0.018403,0.089704,0.017862,0.0019777,8.1972e-05
0.22145,0.014218,0.082545,0.01752,0.0018845,9.1818e-05
0.21458,0.010641,0.076098,0.020552,0.0017862,8.9742e-05
0.20663,0.0077425,0.068885,0.023299,0.0020169,8.6463e-05
0.19809,0.0055315,0.063234,0.024974,0.0021089,0.00011631
0.18934,0.0039652,0.059664,0.023713,0.0017744,0.00010752
0.18067,0.0029364,0.057804,0.018591,0.0019032,9.5452e-05
0.17233,0.0023206,0.057466,0.013888,0.0018996,9.469e-05
0.1644,0.0020166,0.058484,0.013141,0.0010288,7.8705e-05
0.15698,0.001943,0.060642,0.015485,0.0010191,8.6662e-05
0.15013,0.002035,0.068138,0.020034,0.0010862,8.7185e-05
0.14382,0.0022257,0.075417,0.024715,0.00090757,7.6986e-05
0.13795,0.0024378,0.074586,0.032926,0.0013418,7.8525e-05
0.13237,0.0025958,0.069746,0.045743,0.0013288,0.00011194
0.12694,0.0026571,0.064382,0.052227,0.0014912,0.00010013
0.12157,0.0026136,0.060572,0.051232,0.0014765,8.7963e-05
0.11626,0.0024595,0.062928,0.056083,0.001606,0.00012787
0.11113,0.0021831,0.080463,0.073721,0.0028274,0.0001747
0.10635,0.0017832,0.11031,0.096573,0.0019815,0.00010203
0.08771,0.026008,0.17899,0.034873,0.0024716,9.3648e-05
0.082268,0.024422,0.16588,0.031141,0.0019629,5.1387e-05
0.076858,0.023535,0.15641,0.032427,0.0020548,6.5646e-05
0.071576,0.023346,0.14582,0.034791,0.0021234,5.9224e-05
0.066509,0.023817,0.13282,0.032825,0.0017962,8.3154e-05
0.061685,0.024904,0.12013,0.025519,0.0024661,7.0595e-05
0.057038,0.026525,0.11136,0.019337,0.0023048,6.4006e-05
0.052482,0.028488,0.10655,0.016958,0.0020157,5.4208e-05
0.048043,0.030528,0.1015,0.017694,0.001852,5.2362e-05
0.043877,0.0324,0.09609,0.017338,0.0016267,4.5949e-05
0.040158,0.033895,0.090225,0.015113,0.0017001,4.2547e-05
0.036998,0.034872,0.083102,0.012991,0.001767,5.1505e-05
0.03447,0.03528,0.076838,0.012305,0.0021888,6.2726e-05
0.032625,0.035153,0.073414,0.013011,0.0021633,8.0468e-05
0.031522,0.034561,0.071347,0.015235,0.0017157,5.1502e-05
0.031227,0.03359,0.069006,0.017563,0.0016503,4.277e-05
0.031823,0.032316,0.066493,0.019601,0.001522,4.893e-05
0.033402,0.030801,0.065202,0.020505,0.001597,4.3116e-05
0.036042,0.029148,0.064581,0.019456,0.0015863,5.1195e-05
0.039788,0.027518,0.065283,0.01759,0.0018058,6.8819e-05
0.044623,0.026078,0.067308,0.015671,0.0017358,5.6631e-05
0.050466,0.02494,0.069832,0.016327,0.0015408,5.4039e-05
0.057165,0.024131,0.071105,0.018922,0.0010174,5.9092e-05
0.064535,0.023588,0.070502,0.018211,0.0013284,5.021e-05
0.072419,0.023198,0.069574,0.015938,0.0015325,5.8157e-05
0.080749,0.022813,0.067589,0.014122,0.0020048,7.6571e-05
0.089456,0.022294,0.066068,0.016436,0.002546,8.335e-05
0.098356,0.021556,0.067708,0.024603,0.0021376,9.7808e-05
0.1071,0.020573,0.074051,0.031055,0.0019517,7.3295e-05
0.11525,0.019387,0.082242,0.031994,0.0018718,5.5318e-05
0.12239,0.018093,0.087625,0.030977,0.0018364,4.7598e-05
0.12818,0.016793,0.089685,0.031457,0.0019314,4.8692e-05
0.13246,0.01557,0.084807,0.031548,0.0019944,5.3959e-05
0.13522,0.014466,0.077183,0.03075,0.0021875,4.3795e-05
0.13656,0.013495,0.067917,0.032052,0.0021776,5.3488e-05
0.13653,0.012655,0.060676,0.035137,0.0024006,6.103e-05
0.13518,0.011929,0.05573,0.038933,0.0024607,5.4553e-05
0.13253,0.011285,0.052958,0.041506,0.0022014,4.3905e-05
0.12863,0.010697,0.052044,0.042311,0.0023279,4.151e-05
0.12362,0.01017,0.057381,0.049157,0.0030066,7.9777e-05
0.1177,0.0097242,0.069951,0.058028,0.0026644,3.7488e-05
0.11107,0.0093511,0.079774,0.064615,0.0028257,3.3374e-05
0.10401,0.0089871,0.080817,0.076272,0.0028224,4.1668e-05
0.096801,0.0085492,0.076957,0.087398,0.0023486,4.4492e-05
0.089744,0.0079814,0.07001,0.089742,0.0023385,3.5435e-05
0.083075,0.0072602,0.0625,0.089393,0.0023273,4.6336e-05
0.07697,0.0063879,0.057565,0.090807,0.0025379,7.4648e-05
0.046759,0.040353,0.11767,0.080144,0.0026216,0.00013176
0.043802,0.035612,0.097703,0.06297,0.0027727,0.0001024
0.040912,0.031437,0.084963,0.051832,0.0024025,8.3207e-05
0.038021,0.027934,0.07406,0.049769,0.0022875,9.2283e-05
0.035217,0.025147,0.064713,0.047944,0.0022377,9.652e-05
0.03266,0.023116,0.061812,0.041965,0.0023394,0.00013438
0.030521,0.021845,0.06289,0.037251,0.002761,0.00010102
0.028958,0.021301,0.06624,0.03747,0.0027684,7.5808e-05
0.028092,0.021466,0.075334,0.040584,0.003184,8.2691e-05
0.027952,0.022339,0.094406,0.050405,0.00295,8.256e-05
0.028443,0.023861,0.12088,0.059974,0.0023263,6.427e-05
0.029408,0.025961,0.14772,0.062773,0.0019324,7.1936e-05
0.030746,0.028685,0.16828,0.067715,0.0018162,5.8498e-05
0.034523,0.036858,0.18138,0.059089,0.0013666,7.9237e-05
0.037026,0.037538,0.1613,0.058102,0.00099838,7.9075e-05
0.040656,0.038314,0.14397,0.05658,0.00090129,6.9407e-05
0.045682,0.039072,0.12789,0.053866,0.000942,7.4568e-05
0.052369,0.039804,0.11174,0.04951,0.0010003,0.00010127
0.060916,0.040509,0.097201,0.043139,0.0014557,0.00010199
0.071403,0.041138,0.087748,0.033518,0.0014388,0.00010638
0.083764,0.041586,0.081287,0.025991,0.0010611,9.1624e-05
0.097772,0.041727,0.071855,0.022946,0.0011226,9.7208e-05
0.11307,0.041473,0.058866,0.020887,0.0010684,0.00012287
0.1293,0.040814,0.047943,0.018974,0.0011854,0.00014225
0.034251,0.029278,0.1382,0.053169,0.0019247,8.5182e-05
0.034481,0.03099,0.13683,0.056506,0.0014118,9.6003e-05
0.034397,0.032118,0.13208,0.060799,0.0014213,0.00010709
0.033986,0.032564,0.12423,0.058192,0.0017631,0.00010277
0.033263,0.032301,0.1139,0.051441,0.0017292,9.0865e-05
0.032288,0.03137,0.10553,0.044141,0.0017361,7.4561e-05
0.031152,0.029842,0.10119,0.043141,0.0017305,7.9784e-05
0.029927,0.027787,0.099422,0.04383,0.0018181,9.2102e-05
0.02863,0.02531,0.098286,0.042276,0.0019414,0.000113
0.027215,0.022572,0.098382,0.041162,0.0012542,8.4103e-05
0.025592,0.019773,0.10011,0.041732,0.0013504,8.4298e-05
0.023699,0.017073,0.10563,0.044918,0.0017404,9.5422e-05
0.021534,0.014587,0.11469,0.050143,0.0016458,8.2287e-05
0.019156,0.012399,0.12184,0.056531,0.0014683,7.3726e-05
0.016677,0.010562,0.12691,0.064438,0.001457,7.8638e-05
0.014216,0.009116,0.13014,0.070019,0.0012997,8.1937e-05
0.011858,0.0081067,0.12868,0.067761,0.0013981,8.3547e-05
0.0096732,0.007567,0.12292,0.060176,0.0015791,8.6374e-05
0.0077314,0.0074989,0.11663,0.053491,0.001217,6.0224e-05
0.0061049,0.0078786,0.11159,0.052144,0.00096698,5.8672e-05
0.0048534,0.0086683,0.10648,0.05387,0.00085588,6.3563e-05
0.004014,0.0098446,0.10114,0.054469,0.0008924,6.3262e-05
0.0035917,0.011397,0.095525,0.051624,0.0010027,6.5542e-05
0.0035642,0.013295,0.09015,0.045367,0.0010718,7.2814e-05
0.0038932,0.015459,0.086169,0.039425,0.001079,5.908e-05
0.004532,0.017769,0.081535,0.036373,0.0010536,7.7521e-05
0.0054507,0.020092,0.073951,0.036512,0.0010642,6.7778e-05
0.0066301,0.022292,0.065303,0.035628,0.00082592,6.0195e-05
0.0080628,0.024213,0.058261,0.030666,0.0010466,5.7856e-05
0.0097438,0.025705,0.051564,0.024836,0.0011347,5.6463e-05
0.011638,0.026664,0.043473,0.02006,0.0011569,6.3303e-05
0.013688,0.02704,0.035459,0.012203,0.0014083,7.998e-05
0.015817,0.026825,0.030306,0.0056954,0.0011486,6.9077e-05
0.017915,0.026028,0.026877,0.0044873,0.001019,5.9172e-05
0.019878,0.024663,0.02374,0.0046102,0.0010671,6.1474e-05
0.021611,0.022786,0.021184,0.0051691,0.00090872,6.8337e-05
0.023049,0.020542,0.019318,0.0056624,0.00079642,6.9251e-05
0.024159,0.018129,0.017823,0.0052238,0.00083748,7.5934e-05
0.024934,0.015761,0.016694,0.0046417,0.001041,7.9987e-05
0.025393,0.013625,0.015962,0.0047084,0.0013326,7.9071e-05
0.025572,0.011869,0.015448,0.0051138,0.0016151,7.7491e-05
0.025504,0.010613,0.014542,0.0056634,0.0018258,7.5368e-05
0.025214,0.0099767,0.013404,0.006826,0.0017199,8.7413e-05
0.024747,0.01003,0.013233,0.0078252,0.0017458,8.144e-05
0.024183,0.010753,0.014651,0.0078201,0.0019299,7.6678e-05
0.023623,0.012053,0.016678,0.0074336,0.0020649,8.9541e-05
0.023198,0.013787,0.0187,0.0080424,0.0021791,8.6034e-05
0.023051,0.015799,0.022226,0.0086635,0.0029083,7.791e-05
0.02329,0.017937,0.026381,0.0098235,0.0028687,7.1189e-05
0.023962,0.020036,0.030906,0.010649,0.0028959,9.4645e-05
0.025072,0.021924,0.035335,0.011135,0.0031196,8.5118e-05
0.026604,0.023447,0.039504,0.011667,0.0031667,8.4977e-05
0.028483,0.024526,0.042619,0.011734,0.0033068,8.7231e-05
0.030567,0.025138,0.044476,0.011752,0.0033177,8.7812e-05
0.032694,0.025262,0.045711,0.012114,0.0030698,8.1878e-05
0.034716,0.024885,0.047138,0.012688,0.0027603,8.8207e-05
0.036502,0.024013,0.0494,0.012928,0.0025376,8.7195e-05
0.037947,0.022683,0.051043,0.012668,0.0026752,0.00010427
0.03897,0.020965,0.051913,0.014704,0.0028905,0.00010171
0.039518,0.018958,0.052998,0.017472,0.0025994,9.6062e-05
0.03958,0.016781,0.055403,0.018028,0.0024654,8.7944e-05
0.039168,0.014567,0.058431,0.018631,0.002395,8.5966e-05
0.038311,0.012435,0.0608,0.020308,0.0021789,0.00010283
0.037068,0.010469,0.062857,0.021338,0.0017589,9.2266e-05
0.035523,0.0087503,0.064631,0.020582,0.0017798,9.6296e-05
0.033792,0.0073635,0.063954,0.019646,0.0016233,8.2759e-05
0.032016,0.0063908,0.06247,0.022486,0.001869,8.9214e-05
0.030343,0.0058883,0.063048,0.029832,0.0016919,9.9431e-05
0.028927,0.0058831,0.064972,0.035399,0.0016756,6.5837e-05
0.027917,0.0063772,0.066756,0.037384,0.0017843,6.2795e-05
0.027447,0.007337,0.068022,0.039672,0.0017319,5.7745e-05
0.027611,0.0086973,0.069419,0.041072,0.0018038,4.6365e-05
0.028467,0.010359,0.071237,0.040405,0.0017517,3.6213e-05
0.030035,0.012198,0.072718,0.03934,0.0017325,3.9615e-05
0.03228,0.01408,0.0733,0.039094,0.0017739,6.2288e-05
0.035135,0.015887,0.073233,0.039198,0.0015744,4.4128e-05
0.038501,0.017528,0.073329,0.038073,0.001447,3.8404e-05
0.042259,0.018934,0.073571,0.038103,0.0015239,4.6509e-05
0.046263,0.020056,0.070221,0.03636,0.0017883,5.6836e-05
0.050325,0.02088,0.062282,0.036921,0.0020727,7.1897e-05
0.054212,0.021432,0.056518,0.041328,0.0013538,5.5631e-05
0.057728,0.021726,0.0568,0.043029,0.0012225,4.3643e-05
0.060775,0.021775,0.059266,0.042633,0.0011278,4.7501e-05
0.063374,0.021608,0.059813,0.03934,0.0010548,5.8374e-05
0.065642,0.021272,0.053419,0.035061,0.0012815,6.5015e-05
0.06774,0.020813,0.043397,0.033179,0.0010474,8.2e-05
0.069813,0.020281,0.033384,0.032635,0.0014442,0.00010418
0.023927,0.035467,0.11612,0.05677,0.0014094,0.00011564
0.019747,0.036489,0.11295,0.053998,0.0011301,0.00011862
0.01682,0.036832,0.10629,0.049187,0.0011072,0.00010399
0.015106,0.036476,0.09871,0.039377,0.0011051,9.498e-05
0.014523,0.035454,0.090498,0.029264,0.00095732,8.7416e-05
0.01497,0.033833,0.080802,0.024481,0.0010822,0.00010796
0.016356,0.031689,0.069411,0.021797,0.0010155,0.00014908
0.018556,0.029109,0.058979,0.019482,0.0011379,0.00010404
0.02139,0.026196,0.052036,0.017434,0.0010499,0.00010807
0.0246,0.023053,0.047763,0.016785,0.00082108,8.4334e-05
0.027872,0.019762,0.043397,0.01658,0.00086717,7.4926e-05
0.03089,0.016428,0.037966,0.01655,0.00086587,7.2772e-05
0.033378,0.013213,0.031632,0.015553,0.00097934,6.4803e-05
0.035178,0.010315,0.026222,0.014088,0.0010181,7.7212e-05
0.036257,0.0079015,0.021968,0.014229,0.0010603,7.9365e-05
0.036636,0.0060683,0.0191,0.014312,0.0010337,8.3906e-05
0.036353,0.0048409,0.017747,0.013416,0.0011145,8.35e-05
0.035454,0.0042001,0.01661,0.012912,0.0010405,8.2806e-05
0.034006,0.0041094,0.015239,0.01308,0.00094953,8.1187e-05
0.032111,0.0045198,0.013634,0.012878,0.0009428,8.2174e-05
0.029911,0.0053657,0.013223,0.012852,0.0011053,8.4822e-05
0.027629,0.0065675,0.013755,0.012059,0.0011965,8.6826e-05
0.025524,0.0080451,0.015471,0.011291,0.00099984,9.7625e-05
0.023796,0.0097394,0.016836,0.011697,0.0010774,0.00010192
0.022542,0.011604,0.018171,0.013254,0.0013104,9.6619e-05
0.021773,0.013582,0.020579,0.014757,0.0010934,0.0001082
0.021436,0.015594,0.024288,0.01488,0.001156,8.3483e-05
0.021445,0.017553,0.028592,0.017166,0.0013246,9.6433e-05
0.021707,0.019368,0.036747,0.024752,0.0022058,0.00011024
0.022141,0.020965,0.048066,0.034399,0.0024023,8.5042e-05
0.022672,0.022296,0.056069,0.043851,0.0021807,8.2733e-05
0.023225,0.023322,0.058406,0.052467,0.0021192,7.2114e-05
0.02373,0.02401,0.058926,0.056207,0.002114,6.2529e-05
0.024115,0.024346,0.059346,0.056319,0.0020988,5.7326e-05
0.02431,0.024338,0.061478,0.055837,0.0021933,6.3995e-05
0.024259,0.024027,0.065156,0.055929,0.0024762,6.7758e-05
0.023936,0.023476,0.068244,0.056424,0.0027729,7.8324e-05
0.023335,0.022752,0.070273,0.05721,0.0030202,7.0517e-05
0.02247,0.021888,0.072269,0.056955,0.0027777,6.3303e-05
0.021345,0.020881,0.074044,0.055828,0.0025575,5.8251e-05
0.019975,0.019718,0.07517,0.056674,0.0024781,5.9806e-05
0.018392,0.018409,0.076874,0.058011,0.0024941,6.3002e-05
0.016652,0.016988,0.076352,0.058474,0.0027674,7.4202e-05
0.014847,0.015493,0.070886,0.058116,0.0023935,7.52e-05
0.013089,0.013977,0.062463,0.053992,0.0020237,7.2167e-05
0.01149,0.012522,0.057466,0.043171,0.0022945,8.5853e-05
0.01015,0.011229,0.057084,0.034481,0.0018372,5.9232e-05
0.0091428,0.0102,0.056832,0.031999,0.0014347,5.1672e-05
0.0085298,0.0095193,0.05555,0.028206,0.001511,7.172e-05
0.0083635,0.0092693,0.055271,0.025921,0.00149,5.1566e-05
0.0086827,0.0095183,0.054714,0.025733,0.0013614,5.483e-05
0.0095066,0.0103,0.054141,0.026207,0.0012304,6.6598e-05
0.010832,0.011602,0.054361,0.027538,0.0013923,5.7013e-05
0.012635,0.013368,0.054894,0.028559,0.0010318,7.7626e-05
0.014885,0.015507,0.055821,0.026077,0.001095,7.1091e-05
0.017546,0.017906,0.056398,0.021502,0.00097893,6.4621e-05
0.020576,0.02044,0.055731,0.019046,0.00099098,6.9667e-05
0.023932,0.022962,0.05262,0.018366,0.00098968,6.8831e-05
0.027562,0.025335,0.047188,0.018416,0.00084444,6.948e-05
0.031416,0.027449,0.042224,0.01883,0.00083027,6.7599e-05
0.035456,0.029214,0.038576,0.018046,0.00083818,7.7365e-05
0.039644,0.030561,0.035858,0.015335,0.0010436,8.916e-05
0.043929,0.03142,0.034311,0.011522,0.0013012,9.7965e-05
0.048241,0.031722,0.034803,0.0085406,0.0012429,9.6291e-05
0.052497,0.031435,0.034959,0.0079893,0.0010564,9.2838e-05
0.05661,0.030565,0.032776,0.0082404,0.00093754,9.9321e-05
0.060495,0.029136,0.029927,0.0086488,0.00098409,9.6726e-05
0.064079,0.027192,0.027443,0.0089551,0.00095295,9.6344e-05
0.06731,0.024837,0.025292,0.0090318,0.0009323,0.00010436
0.070143,0.02224,0.023727,0.0089394,0.00086393,0.00011675
0.072529,0.019598,0.021668,0.009033,0.00078154,0.00011657
0.074418,0.017121,0.019238,0.0092135,0.00072455,0.00012582
0.075717,0.015037,0.017423,0.0088665,0.00081597,0.00011748
0.076319,0.013588,0.016852,0.0069023,0.00081026,0.00012767
0.076196,0.012956,0.017613,0.0055383,0.0011306,0.00011758
0.075432,0.013199,0.019641,0.0058944,0.00086023,0.00012036
0.07417,0.014255,0.022182,0.006287,0.000697,0.00011112
0.072559,0.016003,0.025498,0.0066614,0.00067812,0.0001136
0.070729,0.018295,0.030225,0.0094928,0.00064261,0.00010672
0.068777,0.020965,0.036507,0.012597,0.0005861,0.0001043
0.066762,0.02382,0.043795,0.013091,0.0005608,0.00011358
0.064724,0.026656,0.051159,0.011225,0.00081008,9.6055e-05
0.06269,0.029288,0.057481,0.0099125,0.00072628,9.4036e-05
0.060663,0.031579,0.06346,0.0099369,0.00062844,9.4515e-05
0.058606,0.033445,0.069702,0.01125,0.00067513,7.6013e-05
0.056452,0.034808,0.075669,0.013108,0.00061633,6.5524e-05
0.054149,0.035576,0.080757,0.013881,0.00068252,5.7472e-05
0.051674,0.035678,0.084685,0.01367,0.00069388,5.1367e-05
0.049018,0.035098,0.086342,0.014742,0.00080017,5.5693e-05
0.046183,0.033879,0.087708,0.02029,0.0011624,7.493e-05
0.043194,0.0321,0.092542,0.029601,0.00096832,6.8725e-05
0.040104,0.02986,0.10034,0.036651,0.00070534,6.0446e-05
0.036977,0.027258,0.10616,0.041245,0.00066326,5.5782e-05
0.03385,0.024412,0.10881,0.044976,0.00060265,6.1165e-05
0.030709,0.021468,0.10822,0.046581,0.00061681,5.8646e-05
0.027572,0.018564,0.10353,0.044781,0.00072083,6.6729e-05
0.02453,0.015791,0.09673,0.043743,0.0005498,5.3536e-05
0.021718,0.013217,0.090624,0.044995,0.00052383,5.8965e-05
0.019277,0.010917,0.086009,0.047455,0.00074929,8.4427e-05
0.017312,0.0089817,0.082302,0.049746,0.00063428,8.8371e-05
0.015896,0.0074929,0.078985,0.050385,0.00067625,8.6654e-05
0.015061,0.0064977,0.076454,0.052322,0.0007984,8.3542e-05
0.014761,0.0059921,0.076383,0.055354,0.00062484,7.5966e-05
0.014888,0.005952,0.078035,0.056307,0.00064062,6.7445e-05
0.015304,0.006375,0.077312,0.055367,0.00067082,6.4766e-05
0.015867,0.007291,0.073585,0.052851,0.00065426,6.7612e-05
0.01645,0.0087553,0.06865,0.04888,0.00078907,6.9581e-05
0.016967,0.010796,0.067726,0.045332,0.0011965,0.00011118
0.017356,0.013401,0.073928,0.049774,0.0019284,0.00013881
0.017553,0.016542,0.083275,0.055597,0.0018872,0.00010753
0.04378,0.033868,0.14157,0.07229,0.001155,8.2736e-05
0.03793,0.033425,0.12486,0.066634,0.0013026,0.00010057
0.0331,0.033296,0.11052,0.068537,0.0017279,0.0001476
0.0296,0.03373,0.097244,0.069381,0.0015754,0.00011553
0.0276,0.034986,0.087819,0.063299,0.0016245,0.00012164
0.027113,0.037253,0.083911,0.05488,0.0015405,9.5443e-05
0.028137,0.040545,0.079616,0.049272,0.0013742,8.6242e-05
0.030643,0.044774,0.06887,0.046249,0.0014313,0.00010194
0.034519,0.049815,0.056943,0.042048,0.0014646,0.00010351
0.039558,0.055487,0.051102,0.036104,0.00144,9.3021e-05
0.045458,0.061568,0.047887,0.03149,0.0014327,9.8652e-05
0.051833,0.067797,0.044139,0.023454,0.0016906,0.00011517
0.05828,0.073884,0.041569,0.016219,0.0018051,0.00012038
0.0644,0.079553,0.039228,0.01478,0.0011324,9.0907e-05
0.069803,0.084554,0.038025,0.014675,0.0010895,7.8226e-05
0.074122,0.088652,0.040204,0.014742,0.0011697,7.7423e-05
0.077045,0.091639,0.047691,0.014987,0.0018752,8.4743e-05
0.078355,0.093427,0.057587,0.016399,0.0018352,9.042e-05
0.077983,0.094078,0.063973,0.017415,0.0016571,7.7592e-05
0.075996,0.093661,0.06431,0.019007,0.0016515,8.1962e-05
0.072559,0.092204,0.062723,0.022583,0.0011669,8.5257e-05
0.067893,0.08975,0.066071,0.02492,0.0013545,0.00010532
0.062225,0.086385,0.072938,0.022631,0.0013517,8.7125e-05
0.055765,0.082245,0.080151,0.021364,0.0014489,7.7798e-05
0.048732,0.077488,0.086253,0.022517,0.0013655,8.2426e-05
0.041401,0.072298,0.090022,0.024427,0.001348,8.5634e-05
0.034134,0.066838,0.0918,0.025366,0.0015513,9.7473e-05
0.027328,0.061235,0.09253,0.025624,0.0016712,8.6985e-05
0.021318,0.055603,0.094434,0.026394,0.0014616,9.1593e-05
0.016277,0.050073,0.098101,0.027641,0.0014109,9.1574e-05
0.012231,0.044784,0.10189,0.030334,0.0014599,8.3417e-05
0.0091409,0.03986,0.10538,0.033894,0.0014509,8.1815e-05
0.0069552,0.035424,0.10875,0.035088,0.001109,7.9083e-05
0.0056085,0.031568,0.11206,0.031649,0.001216,9.756e-05
0.0050262,0.028302,0.1134,0.02635,0.0015479,8.9058e-05
0.0051037,0.025589,0.11202,0.02287,0.0013534,8.5174e-05
0.0056814,0.023421,0.10919,0.020617,0.0016456,9.594e-05
0.0065475,0.021829,0.10845,0.018594,0.0014892,8.9277e-05
0.0074668,0.020776,0.11099,0.019197,0.0017481,7.9309e-05
0.0082388,0.020102,0.11373,0.021319,0.0016482,6.8089e-05
0.0087255,0.019602,0.1146,0.023283,0.0020223,7.984e-05
0.0088716,0.019097,0.11288,0.026916,0.0020962,8.6419e-05
0.0087131,0.018493,0.11127,0.02919,0.0019482,8.3032e-05
0.0083399,0.017776,0.11246,0.028466,0.002402,0.00010165
0.0078543,0.017005,0.11411,0.028701,0.0022206,8.6371e-05
0.007352,0.016273,0.1145,0.030248,0.0022487,7.6338e-05
0.0069182,0.015678,0.11448,0.035342,0.002485,7.4805e-05
0.006627,0.015288,0.11676,0.040958,0.0023732,9.635e-05
0.0065389,0.015145,0.12485,0.045172,0.0028057,9.8431e-05
0.0066959,0.01527,0.13548,0.04826,0.0026703,7.3811e-05
0.041751,0.023028,0.19171,0.063147,0.0014258,7.6339e-05
0.042954,0.022742,0.17941,0.057528,0.0016557,7.9018e-05
0.044266,0.022488,0.16095,0.057993,0.0020343,0.0001105
0.045761,0.02222,0.13501,0.056506,0.0012104,0.00013712
0.047477,0.021918,0.1124,0.046964,0.0012176,9.2362e-05
0.049411,0.021578,0.096963,0.035014,0.0013325,9.0147e-05
0.051561,0.021187,0.0862,0.02734,0.0010865,8.5934e-05
0.053901,0.020759,0.074099,0.022677,0.0011074,0.00011523
0.056345,0.020342,0.06299,0.016884,0.0012272,9.3878e-05
0.058755,0.020013,0.053925,0.012561,0.001136,8.6076e-05
0.06099,0.019846,0.046854,0.012292,0.0011491,7.9781e-05
0.06295,0.019881,0.041267,0.012295,0.0012778,8.8203e-05
0.064569,0.020122,0.037311,0.012419,0.0013453,9.205e-05
0.065779,0.020589,0.034286,0.012295,0.0013406,8.5208e-05
0.066498,0.021334,0.030533,0.011797,0.0014026,7.8241e-05
0.066643,0.022433,0.025397,0.010809,0.0014837,7.8963e-05
0.066162,0.023896,0.020786,0.0092319,0.0018297,8.1152e-05
0.065077,0.025594,0.018241,0.0082138,0.0019246,9.4989e-05
0.063454,0.027308,0.019386,0.0075759,0.0018206,9.1978e-05
0.061311,0.028873,0.024127,0.0059945,0.0018146,9.492e-05
0.058673,0.030184,0.029864,0.0051201,0.0013831,9.5929e-05
0.055593,0.031171,0.034922,0.0052273,0.0010703,8.4388e-05
0.0522,0.03176,0.041202,0.0057562,0.0015501,0.00010061
0.048719,0.031871,0.050907,0.0080699,0.0016647,0.00010361
0.045388,0.031438,0.062244,0.011511,0.0014805,9.5029e-05
0.042384,0.030468,0.070972,0.01654,0.0014249,8.9212e-05
0.039807,0.029054,0.078503,0.025463,0.0016354,9.941e-05
0.037692,0.027341,0.088307,0.034074,0.0014982,0.00010568
0.03606,0.025506,0.10266,0.036991,0.0018737,9.7844e-05
0.034943,0.023781,0.11759,0.036476,0.0019859,8.6132e-05
0.034372,0.022414,0.13053,0.038974,0.0020589,7.5932e-05
0.067449,0.027697,0.052967,0.075723,0.0023411,8.5275e-05
0.066097,0.022843,0.046981,0.074121,0.0016767,7.45e-05
0.064194,0.018486,0.043242,0.075037,0.0015988,8.2089e-05
0.061794,0.014727,0.040481,0.07616,0.0015568,8.5291e-05
0.058968,0.011628,0.039439,0.073356,0.0015277,8.3244e-05
0.055786,0.0092321,0.039649,0.065835,0.0014886,7.9682e-05
0.052293,0.007547,0.036901,0.05848,0.0012981,7.8393e-05
0.048523,0.0065095,0.031501,0.046656,0.0014682,8.9464e-05
0.044542,0.0059805,0.027381,0.035257,0.0010894,7.2019e-05
0.040471,0.0058076,0.02424,0.029498,0.0011046,9.3505e-05
0.036462,0.0058726,0.022149,0.023993,0.001166,7.3026e-05
0.032689,0.0061017,0.023123,0.019418,0.00060671,7.9023e-05
0.029302,0.0064465,0.024091,0.017415,0.00067715,6.2793e-05
0.026381,0.0068599,0.022692,0.016415,0.00063922,6.2928e-05
0.023901,0.0073085,0.01866,0.014795,0.00070716,6.1157e-05
0.021787,0.0077943,0.013753,0.012752,0.00074135,6.2098e-05
0.02002,0.0083442,0.0098817,0.011954,0.00082528,6.1421e-05
0.018633,0.0089825,0.00753,0.010508,0.00088301,6.5417e-05
0.017692,0.0097146,0.0075186,0.0077174,0.00092561,5.249e-05
0.017243,0.010536,0.0085798,0.0060639,0.0010014,4.7926e-05
0.017303,0.011437,0.0090857,0.0062149,0.0010076,5.0646e-05
0.017849,0.012406,0.0093964,0.006647,0.00098635,4.11e-05
0.018808,0.013429,0.010517,0.0066315,0.00082254,4.2822e-05
0.020058,0.01448,0.012863,0.0055606,0.00086473,3.6439e-05
0.021498,0.015518,0.016656,0.0044318,0.0007496,4.1983e-05
0.023074,0.016511,0.022896,0.0059187,0.00082717,4.5732e-05
0.024755,0.017468,0.032049,0.0091497,0.00093245,4.4848e-05
0.026496,0.018443,0.039185,0.012654,0.0008877,4.8454e-05
0.028241,0.019544,0.043005,0.016114,0.00094123,4.9982e-05
0.029954,0.020898,0.044004,0.020684,0.0009273,5.4319e-05
0.031647,0.022627,0.044471,0.022373,0.00091629,5.5497e-05
0.033383,0.024842,0.045953,0.021492,0.0010032,5.558e-05
0.035294,0.027661,0.04849,0.019847,0.00091924,5.6844e-05
0.037578,0.031193,0.050325,0.019298,0.00085781,5.4464e-05
0.040461,0.035481,0.051098,0.019679,0.00079407,5.3962e-05
0.044143,0.040461,0.051136,0.020331,0.00067674,5.71e-05
0.048764,0.045975,0.051204,0.020786,0.00064818,5.5531e-05
0.054404,0.051836,0.052253,0.020827,0.00062218,6.1381e-05
0.061101,0.05785,0.054369,0.020349,0.000717,6.1301e-05
0.068863,0.063794,0.056215,0.02043,0.0010108,7.6365e-05
0.077663,0.069421,0.05679,0.021495,0.0010361,0.00010455
0.087425,0.074463,0.057858,0.021142,0.00087228,0.00011354
0.098016,0.078662,0.06343,0.016689,0.00090996,9.2353e-05
0.10925,0.081783,0.073929,0.011208,0.00069193,6.9836e-05
0.12093,0.083638,0.085022,0.0088057,0.00047176,5.0251e-05
0.13286,0.084097,0.092518,0.0089174,0.00043345,6.0394e-05
0.14486,0.083109,0.0962,0.0096574,0.00039713,6.1717e-05
0.15675,0.080714,0.097817,0.011033,0.00033109,5.2221e-05
0.16833,0.077027,0.095678,0.013677,0.00048266,6.2665e-05
0.17936,0.072212,0.093045,0.01766,0.00069937,5.6092e-05
0.18952,0.066481,0.092133,0.02217,0.00047279,5.8067e-05
0.19851,0.060095,0.092634,0.025441,0.00042423,4.6211e-05
0.20605,0.053366,0.093726,0.028249,0.00040275,5.1025e-05
0.21189,0.046644,0.095245,0.03033,0.00041641,5.4634e-05
0.21585,0.040285,0.096957,0.031191,0.00045512,5.8437e-05
0.21774,0.034632,0.098223,0.03077,0.00049468,7.8859e-05
0.2174,0.029999,0.097678,0.030816,0.00055825,6.8505e-05
0.21467,0.026671,0.094411,0.031436,0.00050219,6.7673e-05
0.20952,0.024844,0.088739,0.032044,0.00069095,9.2038e-05
0.20206,0.024578,0.080142,0.03172,0.0007811,8.6984e-05
0.19255,0.025767,0.06973,0.029465,0.00088451,0.00010019
0.18145,0.028155,0.06115,0.024447,0.001175,0.00012443
0.16928,0.031417,0.057771,0.019142,0.00085189,9.3519e-05
0.15651,0.035233,0.059366,0.015235,0.0003552,6.371e-05
0.1435,0.039301,0.063209,0.013496,0.00037321,6.4166e-05
0.13052,0.043316,0.06763,0.012782,0.00042358,7.0875e-05
0.11779,0.046976,0.070818,0.011664,0.00029035,7.3052e-05
0.10553,0.049991,0.071267,0.010427,0.00029548,7.5995e-05
0.093868,0.052115,0.067706,0.010996,0.00042335,9.569e-05
0.082906,0.053177,0.063073,0.013117,0.00080067,0.00010308
0.072706,0.053128,0.062651,0.017018,0.00086343,0.00010098
0.063321,0.052028,0.067769,0.021486,0.00044287,7.1585e-05
0.054777,0.050007,0.074838,0.02716,0.0003953,5.684e-05
0.047065,0.047288,0.082866,0.033488,0.00042675,6.3198e-05
0.04014,0.044198,0.092107,0.037572,0.00060685,6.8431e-05
0.03394,0.041126,0.10129,0.038166,0.0007707,8.3707e-05
0.028408,0.038443,0.10804,0.037115,0.0007906,7.4482e-05
0.023512,0.036437,0.11182,0.037266,0.00071321,7.8644e-05
0.019274,0.035271,0.11389,0.039179,0.00066429,8.0877e-05
0.015792,0.034969,0.11523,0.04176,0.00075834,8.6463e-05
0.013224,0.035453,0.11563,0.042847,0.00076612,8.3879e-05
0.011744,0.036585,0.1155,0.039889,0.0008643,7.4843e-05
0.011499,0.038175,0.11571,0.034536,0.0010275,8.0892e-05
0.012587,0.040005,0.1161,0.0306,0.0010273,7.7227e-05
0.015043,0.041848,0.11431,0.030787,0.00081515,7.1093e-05
0.018837,0.043503,0.11001,0.033203,0.00085789,7.3212e-05
0.023872,0.044841,0.10429,0.033578,0.0010299,7.7503e-05
0.029997,0.045789,0.096792,0.030533,0.0015082,8.2089e-05
0.037016,0.046291,0.087398,0.032556,0.0014025,0.00010148
0.044667,0.046308,0.079051,0.036145,0.0014017,0.00014612
0.052626,0.045833,0.075383,0.034343,0.0015834,0.00014656
0.060488,0.044916,0.077155,0.031338,0.0010271,9.1939e-05
0.067826,0.043675,0.080515,0.031086,0.00092952,7.6046e-05
0.074201,0.042287,0.080436,0.033055,0.00093157,6.8853e-05
0.079207,0.040974,0.076589,0.035698,0.00085966,7.3473e-05
0.082528,0.039968,0.071414,0.036169,0.00081285,7.874e-05
0.083971,0.039478,0.065023,0.035819,0.0009957,8.0897e-05
0.083477,0.039645,0.059853,0.036312,0.0011279,8.0646e-05
0.081122,0.040526,0.056293,0.037673,0.001213,8.1801e-05
0.077094,0.042093,0.053279,0.039381,0.0013482,8.8294e-05
0.071676,0.044252,0.048637,0.04046,0.0013407,8.904e-05
0.065216,0.046857,0.04379,0.040179,0.0011195,8.7417e-05
0.058113,0.049722,0.04074,0.035219,0.0011743,9.4049e-05
0.050815,0.052671,0.041068,0.026202,0.001496,0.00010145
0.043832,0.055522,0.04215,0.020039,0.0010713,8.0673e-05
0.037709,0.058077,0.03964,0.017106,0.0011534,8.1682e-05
0.032935,0.06014,0.0355,0.014968,0.0010736,7.1082e-05
0.029808,0.061571,0.031391,0.013462,0.0011642,8.6327e-05
0.028374,0.062314,0.027012,0.013164,0.0015601,0.00010515
0.028527,0.062362,0.022743,0.012503,0.0016615,0.00010124
0.030085,0.061724,0.020408,0.010409,0.0014205,7.7971e-05
0.032865,0.060392,0.020827,0.0073085,0.0014134,7.0716e-05
0.036698,0.058364,0.021533,0.0061688,0.0013218,7.0581e-05
0.041395,0.055671,0.020932,0.0062675,0.0012079,6.7916e-05
0.04671,0.052406,0.020474,0.0055396,0.0010711,6.4487e-05
0.05233,0.048718,0.020396,0.0047172,0.00089165,7.0486e-05
0.057904,0.044779,0.020576,0.0040583,0.0010623,5.8894e-05
0.063076,0.040762,0.021842,0.0046305,0.0010512,5.5123e-05
0.067507,0.036843,0.024342,0.0064012,0.0011567,5.197e-05
0.035736,0.021354,0.06468,0.023624,0.001524,6.897e-05
0.029691,0.021447,0.063917,0.029105,0.0017391,6.2147e-05
0.024751,0.021194,0.067041,0.03496,0.0020536,6.79e-05
0.020949,0.020631,0.069018,0.043252,0.0022696,9.4004e-05
0.018279,0.019808,0.067843,0.054196,0.0020246,0.00010449
0.016736,0.018761,0.06668,0.058103,0.0023643,7.4907e-05
0.016322,0.017506,0.066455,0.055289,0.002348,8.355e-05
0.017024,0.016045,0.067945,0.05026,0.0020313,8.4808e-05
0.018774,0.014404,0.069589,0.046809,0.0018572,7.1406e-05
0.021451,0.012651,0.069326,0.047162,0.0019179,7.9583e-05
0.0249,0.010874,0.067583,0.047357,0.0017834,8.4457e-05
0.028941,0.0091557,0.066637,0.045421,0.0015329,9.957e-05
0.033394,0.0075666,0.069425,0.044162,0.0015161,8.5711e-05
0.03809,0.0061748,0.074701,0.043355,0.001556,9.0135e-05
0.042874,0.0050412,0.078843,0.043924,0.0017392,8.6935e-05
0.047607,0.0042107,0.080143,0.046813,0.0018389,8.773e-05
0.052134,0.0036949,0.079647,0.048375,0.0016094,9.1353e-05
0.056291,0.0034707,0.078773,0.047028,0.0015935,9.7569e-05
0.059959,0.0034973,0.082176,0.042428,0.0016968,0.0001338
0.06308,0.0037332,0.090509,0.038186,0.00097697,0.00011566
0.065617,0.0041471,0.096903,0.033273,0.00082105,0.00013057
0.067532,0.0047291,0.10089,0.025347,0.0017422,0.00011941
0.068804,0.0054901,0.10535,0.023533,0.0013944,0.00010395
0.069412,0.0064733,0.10983,0.027205,0.0015542,9.6627e-05
0.069314,0.0077594,0.11374,0.03382,0.0015284,0.00010409
0.068505,0.0094205,0.1163,0.037307,0.0014272,9.8741e-05
0.067043,0.011487,0.11537,0.03543,0.0014434,9.1617e-05
0.065072,0.013942,0.11173,0.032473,0.0013973,8.0548e-05
0.062827,0.01674,0.10744,0.031717,0.0014507,8.4781e-05
0.060605,0.019827,0.10425,0.033794,0.001605,9.2164e-05
0.058729,0.023128,0.1025,0.036876,0.0014728,8.1505e-05
0.057471,0.026515,0.10099,0.037039,0.0011973,0.00010206
0.05703,0.029823,0.097872,0.033735,0.0013767,7.2286e-05
0.057516,0.03289,0.093177,0.029056,0.0011947,6.1437e-05
0.058908,0.03558,0.086895,0.024915,0.0014911,7.4293e-05
0.061112,0.037804,0.079397,0.022589,0.0017169,7.085e-05
0.064076,0.039495,0.071014,0.023457,0.001389,5.9085e-05
0.06779,0.040571,0.062644,0.024536,0.0012669,7.7438e-05
0.072206,0.040969,0.054086,0.026072,0.0012812,9.9828e-05
0.077151,0.040715,0.047475,0.02595,0.0010943,7.0495e-05
0.082301,0.039911,0.04376,0.020756,0.0013568,0.00011118
0.087254,0.038656,0.043785,0.013198,0.0016374,8.1466e-05
0.091657,0.037008,0.047191,0.0091734,0.0014782,6.343e-05
0.095237,0.035007,0.049173,0.0081412,0.0014211,5.7752e-05
0.097795,0.0327,0.048692,0.0076332,0.0014705,6.2308e-05
0.099206,0.030172,0.044321,0.0083272,0.0017597,7.1021e-05
0.099432,0.027532,0.038813,0.011609,0.0020433,7.7717e-05
0.098505,0.024881,0.034629,0.015663,0.0019532,7.4483e-05
0.09651,0.02229,0.033424,0.016991,0.0023029,0.00010463
0.093521,0.019802,0.034712,0.016416,0.0025226,8.8074e-05
0.089578,0.017451,0.038059,0.016037,0.0026775,7.9495e-05
0.084718,0.015278,0.044401,0.018016,0.0027364,0.00010608
0.079024,0.013314,0.053769,0.023731,0.0025221,9.274e-05
0.072741,0.01155,0.060598,0.029012,0.0025884,7.4449e-05
0.066245,0.0099509,0.061425,0.03577,0.0028286,0.00010313
0.059929,0.0084833,0.059111,0.045928,0.0026517,0.00010253
0.054143,0.0071275,0.056157,0.051167,0.0022264,8.7115e-05
0.049156,0.0058786,0.054296,0.052085,0.0024993,8.9748e-05
0.045054,0.0047488,0.054705,0.05158,0.0019162,0.00011564
0.041731,0.0037501,0.055969,0.050226,0.0020934,9.1096e-05
0.038984,0.0028894,0.057253,0.046718,0.0019965,9.5197e-05
0.036607,0.0021806,0.057755,0.044788,0.002129,8.7695e-05
0.034425,0.0016512,0.059597,0.046097,0.0017985,8.9844e-05
0.032294,0.0013376,0.061212,0.048244,0.0017933,8.7115e-05
0.030107,0.0012863,0.060161,0.053536,0.0019064,9.3541e-05
0.0278,0.0015442,0.058973,0.060652,0.0018643,0.00011403
0.025355,0.0021282,0.056839,0.064347,0.0021808,9.7941e-05
0.02279,0.0029953,0.051084,0.066823,0.0029012,0.00011676
0.020137,0.0040488,0.051246,0.073897,0.0036622,0.00012924
0.017416,0.0051878,0.064021,0.080444,0.0031478,9.6444e-05
0.01466,0.0063479,0.07463,0.085812,0.0031037,8.1372e-05
0.011939,0.0075273,0.076928,0.090357,0.0030204,9.4802e-05
0.0093631,0.0087434,0.080789,0.093383,0.0036992,0.00010184
0.0070649,0.0099758,0.091644,0.094336,0.0035104,0.00012078
0.0051673,0.011178,0.10345,0.0948,0.0034769,0.00010266
0.033468,0.0078892,0.21265,0.078948,0.0022585,5.5631e-05
0.037924,0.0085505,0.1954,0.072511,0.0021666,4.5169e-05
0.042472,0.0099083,0.18028,0.068863,0.0022906,6.4757e-05
0.046949,0.012038,0.16697,0.066063,0.0021668,8.7597e-05
0.051177,0.015031,0.15675,0.062876,0.0024134,6.8671e-05
0.055025,0.018908,0.14976,0.059996,0.0021495,6.6535e-05
0.058447,0.023571,0.14643,0.058131,0.0024812,7.819e-05
0.061499,0.028826,0.14733,0.06165,0.0024172,0.00012127
0.064338,0.034449,0.15287,0.064766,0.0019345,0.00011575
0.067148,0.040246,0.15975,0.06124,0.0017466,9.0146e-05
0.070075,0.046015,0.16663,0.061822,0.0014585,0.00010471
0.073213,0.051513,0.17493,0.072378,0.0014073,0.00011626
0.076579,0.056496,0.17939,0.077986,0.001559,0.00014302
0.080086,0.06081,0.1801,0.070729,0.0019771,0.00015358
0.083595,0.064379,0.17973,0.059924,0.0018639,0.00012647
0.086959,0.067179,0.18018,0.055437,0.001509,9.7895e-05
0.090022,0.069213,0.18226,0.055904,0.001388,0.00010547
0.09263,0.070487,0.18828,0.059377,0.0013337,0.0001216
0.094635,0.07098,0.19324,0.062943,0.001448,0.00011234
0.095844,0.070678,0.19179,0.068152,0.0017005,0.00012747
0.09603,0.069595,0.18648,0.080887,0.0015394,0.0001287
0.094958,0.067743,0.18616,0.095042,0.0012511,0.00011794
0.092396,0.065105,0.19273,0.10037,0.0012013,0.00011564
0.08824,0.061656,0.19944,0.10148,0.0011928,0.00010868
0.082588,0.057431,0.20026,0.10094,0.0012623,0.00011822
0.075741,0.052573,0.18851,0.097847,0.0013291,0.0001225
0.068133,0.047343,0.16004,0.095885,0.0015596,0.00013161
0.060255,0.042158,0.12964,0.088977,0.0021137,0.00012677
0.052678,0.037499,0.10812,0.079227,0.001973,0.00012718
0.046035,0.033791,0.096209,0.072059,0.0017361,9.3222e-05
0.040969,0.031337,0.088589,0.069484,0.0018267,0.0001069
0.038064,0.030339,0.079673,0.071426,0.0019345,0.00011191
0.0378,0.030977,0.068135,0.074202,0.0019644,0.00011449
0.040481,0.033364,0.05782,0.071944,0.0015911,0.00015677
0.046152,0.037438,0.053404,0.06177,0.0021502,0.00013051
0.0546,0.043009,0.051086,0.051701,0.0019895,0.00014714
0.065349,0.04985,0.045949,0.049247,0.0032807,0.00021848
0.077777,0.057726,0.047776,0.05103,0.0037224,0.0001809
0.091145,0.066406,0.06561,0.052285,0.0027665,0.00012883
0.10453,0.075747,0.087115,0.055317,0.0025978,0.00011273
0.11683,0.085729,0.10325,0.056667,0.0026479,0.0001249
0.12693,0.096366,0.10932,0.053433,0.00328,0.00010408
0.13387,0.10761,0.11007,0.050776,0.0032033,9.6627e-05
0.13708,0.1193,0.10715,0.048034,0.0034129,9.2382e-05
0.13654,0.13117,0.10725,0.046438,0.0037898,9.0748e-05
0.13282,0.14299,0.11046,0.049524,0.0036207,9.3751e-05
0.12699,0.15471,0.11416,0.053671,0.0035895,9.4551e-05
0.3279,0.10343,0.13256,0.067744,0.0028958,8.6828e-05
0.37051,0.10829,0.12081,0.056076,0.002529,8.336e-05
0.41054,0.113,0.1188,0.046096,0.0026169,9.9447e-05
0.44563,0.11703,0.12075,0.036484,0.0031363,0.0001355
0.47392,0.11991,0.12288,0.032557,0.001984,0.00010133
0.49405,0.12133,0.11808,0.035474,0.0017314,7.2376e-05
0.50527,0.12119,0.11783,0.043583,0.0021566,6.9195e-05
0.50745,0.11972,0.12723,0.050957,0.0019739,7.2206e-05
0.50106,0.11727,0.13939,0.053571,0.0022051,7.4715e-05
0.4871,0.11425,0.14722,0.055537,0.0023331,8.9183e-05
0.46692,0.11092,0.14247,0.059934,0.002144,9.8538e-05
0.44205,0.10751,0.1253,0.062685,0.0022451,9.3984e-05
0.41389,0.10419,0.10572,0.065265,0.0022818,0.00010162
0.3838,0.1012,0.08838,0.069719,0.0017318,0.00014153
0.35323,0.09872,0.075338,0.06792,0.0026574,0.00015609
0.32367,0.096868,0.065558,0.062759,0.0037888,0.00019421
0.29644,0.095772,0.057646,0.062032,0.0025166,0.0001548
0.27242,0.095605,0.052541,0.060695,0.0016679,0.00010903
0.25238,0.096455,0.051413,0.059968,0.0023026,9.8089e-05
0.23695,0.098293,0.057207,0.067625,0.0022108,0.00010393
0.22639,0.10104,0.066925,0.077616,0.0019752,0.00010824
0.22045,0.10457,0.07502,0.077033,0.0024508,0.00011227
0.21856,0.10874,0.078522,0.066596,0.0027101,0.00011967
0.21994,0.11335,0.081167,0.051404,0.0023658,0.00013519
0.22382,0.11813,0.090233,0.039255,0.0017921,7.3708e-05
0.22934,0.12282,0.10303,0.034869,0.0012232,6.1882e-05
0.2356,0.12718,0.11192,0.034448,0.0014061,6.2984e-05
0.24156,0.13101,0.11767,0.033086,0.0012554,4.8837e-05
0.24617,0.13412,0.11843,0.032013,0.0012142,4.1616e-05
0.24853,0.13625,0.1135,0.031449,0.0011133,4.5497e-05
0.24795,0.13706,0.10828,0.029914,0.00098848,5.0888e-05
0.24411,0.13622,0.10714,0.028173,0.0010688,5.3198e-05
0.23697,0.13348,0.1101,0.026715,0.00095646,6.0535e-05
0.22677,0.12884,0.11528,0.02262,0.0010268,7.2591e-05
0.21397,0.12256,0.11741,0.017287,0.0010485,7.5696e-05
0.19923,0.11516,0.11461,0.013264,0.00083884,8.1367e-05
0.18332,0.10729,0.10847,0.010251,0.00066994,8.7998e-05
0.16711,0.099675,0.10212,0.0092497,0.00060508,9.3266e-05
0.15146,0.093041,0.097108,0.010988,0.00099003,0.00010379
0.13715,0.088057,0.089596,0.014914,0.0009825,0.00011893
0.12492,0.085195,0.079985,0.017643,0.00096777,0.00013976
0.11548,0.08464,0.073238,0.020073,0.0010734,0.00016279
0.10953,0.086288,0.074599,0.024147,0.0019128,0.00017273
0.10748,0.089911,0.087087,0.029177,0.001312,0.00019964
0.10944,0.095192,0.10832,0.03244,0.001464,0.00016234
0.11518,0.10172,0.13053,0.033219,0.0012298,9.8354e-05
0.12418,0.10902,0.14734,0.034587,0.00081426,0.00012622
0.1356,0.11669,0.15571,0.034213,0.0018708,0.00010808
0.14842,0.12432,0.16223,0.035044,0.0019741,8.5389e-05
0.16154,0.13142,0.17018,0.034674,0.0023056,7.5801e-05
0.17391,0.13748,0.17864,0.034575,0.0024554,6.361e-05
0.18454,0.14198,0.18362,0.03614,0.0024059,5.5665e-05
0.19251,0.14445,0.18239,0.040129,0.0021952,6.1021e-05
0.19706,0.14453,0.17776,0.043971,0.0021917,6.4502e-05
0.19773,0.14214,0.17393,0.044673,0.0022732,6.844e-05
0.19439,0.13749,0.17376,0.041833,0.002417,7.0263e-05
0.18722,0.13097,0.17478,0.037252,0.0023599,6.0453e-05
0.1767,0.12303,0.17115,0.034638,0.0021694,6.2251e-05
0.16351,0.11413,0.15891,0.033851,0.0019961,6.2595e-05
0.1485,0.10463,0.14132,0.030612,0.0020606,5.9979e-05
0.13253,0.094852,0.12094,0.025831,0.0021323,5.7994e-05
0.11636,0.085092,0.10218,0.027052,0.0022518,0.00011017
0.10071,0.075629,0.08559,0.030178,0.0025545,9.9003e-05
0.086252,0.066702,0.071548,0.029593,0.0030891,0.00014115
0.07358,0.058493,0.060895,0.030767,0.0014286,0.00014085
0.063151,0.051121,0.05473,0.030509,0.00059496,7.7852e-05
0.055208,0.044678,0.049869,0.026675,0.0009077,0.00010347
0.049751,0.03925,0.045273,0.026254,0.00076258,8.8864e-05
0.046566,0.034907,0.043373,0.027363,0.0009071,7.1504e-05
0.045312,0.031663,0.045429,0.032129,0.0010973,8.4542e-05
0.045577,0.029469,0.052698,0.039086,0.00099699,7.6345e-05
0.046904,0.028232,0.059929,0.04234,0.0010145,7.2336e-05
0.048826,0.027846,0.062591,0.043,0.0010897,7.9083e-05
0.050865,0.02821,0.058945,0.041715,0.001231,7.8745e-05
0.052554,0.029235,0.054201,0.040365,0.0014122,8.6709e-05
0.053504,0.030864,0.054375,0.038424,0.0016006,9.5864e-05
0.053483,0.033024,0.057577,0.038001,0.0019309,8.9213e-05
0.052499,0.035591,0.059596,0.042325,0.0024542,0.00010098
0.050781,0.038368,0.058179,0.05047,0.0020997,0.00010029
0.048686,0.041116,0.056649,0.054338,0.0021356,0.00010074
0.046613,0.043591,0.058054,0.055452,0.0022875,9.0698e-05
0.044909,0.045573,0.065116,0.062207,0.0027668,0.00014893
0.043842,0.04689,0.080382,0.074782,0.0030371,0.00012394
0.043624,0.047411,0.099474,0.086444,0.0023441,0.00010049
0.044338,0.047119,0.11532,0.089854,0.0021494,9.6037e-05
0.045926,0.04612,0.12365,0.08662,0.001923,7.7529e-05
0.048227,0.044583,0.12612,0.080467,0.0021565,9.211e-05
0.051058,0.042659,0.12942,0.07582,0.0019366,8.9966e-05
0.054242,0.04046,0.13542,0.077166,0.0017182,7.3323e-05
0.057595,0.038075,0.1414,0.079849,0.0017229,7.434e-05
0.060928,0.035567,0.14359,0.084507,0.0015491,8.0247e-05
0.064124,0.032986,0.14299,0.09069,0.0022354,0.00010188
0.067163,0.030384,0.14807,0.10022,0.0021801,9.498e-05
0.070097,0.027801,0.16285,0.10738,0.0016346,8.753e-05
0.073016,0.025261,0.17976,0.11064,0.0013281,5.4028e-05
0.075958,0.022786,0.19234,0.10965,0.00095221,5.8803e-05
0.10622,0.013316,0.15529,0.043693,0.0015638,8.0596e-05
0.098603,0.0118,0.14662,0.038741,0.0014579,7.5172e-05
0.090721,0.010722,0.13993,0.046942,0.0017994,0.00011523
0.083164,0.010088,0.13789,0.053075,0.0016361,7.07e-05
0.076477,0.0098709,0.14134,0.049919,0.0017961,7.077e-05
0.071116,0.0099953,0.14431,0.042599,0.0026438,5.3826e-05
0.06743,0.010366,0.14238,0.038425,0.0030399,5.1438e-05
0.065616,0.010895,0.135,0.03633,0.003139,6.129e-05
0.065685,0.011515,0.12672,0.03611,0.0030163,4.8535e-05
0.067468,0.012161,0.12093,0.036899,0.0028982,5.1895e-05
0.070651,0.012809,0.11664,0.040806,0.0032423,9.0151e-05
0.074875,0.013504,0.11538,0.049567,0.0040523,0.00012116
0.079797,0.01434,0.12004,0.058668,0.0036883,0.00011901
0.085078,0.015387,0.13127,0.06378,0.0035591,0.00010831
0.05309,0.023234,0.12489,0.073053,0.0015779,9.4376e-05
0.048714,0.01951,0.10921,0.0671,0.0017526,7.9802e-05
0.044208,0.016073,0.09429,0.065312,0.0028795,0.00012427
0.039676,0.013036,0.08085,0.065564,0.0025779,0.0001331
0.035185,0.010505,0.073408,0.062299,0.0026211,0.00010219
0.030757,0.0085822,0.071384,0.054575,0.0025425,8.9838e-05
0.026417,0.0073365,0.069866,0.050014,0.0024269,8.5761e-05
0.022258,0.0067789,0.064496,0.044563,0.0025538,8.4298e-05
0.018411,0.0068906,0.058496,0.03451,0.0031561,0.00011018
0.015009,0.007632,0.053018,0.027428,0.0034973,0.00010782
0.012165,0.0089433,0.045808,0.027005,0.0038931,0.00013612
0.0099456,0.010749,0.038805,0.031543,0.0038614,0.00013723
0.0083658,0.012942,0.03492,0.036203,0.0036191,0.0001135
0.0074178,0.015354,0.03312,0.037897,0.0035873,0.00010948
0.007071,0.017762,0.03135,0.038859,0.0038017,0.00010763
0.0072528,0.019946,0.028805,0.037811,0.0040345,0.00011562
0.0079231,0.02175,0.025823,0.03701,0.0040327,0.00012951
0.0091366,0.023105,0.024098,0.038824,0.0034741,0.00013325
0.011043,0.023985,0.025508,0.038769,0.0031051,0.00013972
0.01383,0.024352,0.029223,0.03588,0.0023623,0.00014918
0.017632,0.024164,0.032349,0.032348,0.0019221,0.00013815
0.022493,0.023414,0.034035,0.027802,0.0018096,0.00013514
0.028342,0.022161,0.034545,0.025396,0.0019164,0.0001209
0.034974,0.020522,0.035557,0.02479,0.0017774,0.00012898
0.042131,0.018616,0.038404,0.026166,0.001136,9.6759e-05
0.049577,0.016556,0.043443,0.026125,0.00082297,6.7646e-05
0.057108,0.014477,0.045551,0.02532,0.00093313,7.0888e-05
0.064506,0.012544,0.042838,0.02726,0.0014307,7.9457e-05
0.071565,0.010906,0.042943,0.032394,0.0014011,0.0001399
0.078097,0.0096614,0.053529,0.036653,0.00088276,0.00010538
0.083884,0.0088503,0.069444,0.038499,0.00045691,9.1226e-05
0.088669,0.0084951,0.084313,0.037187,0.00040963,9.3504e-05
0.0922,0.0085975,0.096778,0.037251,0.00042345,8.5886e-05
0.094316,0.0091142,0.10575,0.037595,0.00082433,9.0601e-05
0.094998,0.0099689,0.10851,0.038645,0.00092543,7.7358e-05
0.094332,0.011081,0.10777,0.041489,0.0010657,8.1259e-05
0.0924,0.012354,0.1064,0.04642,0.0010915,9.9647e-05
0.089278,0.013658,0.10586,0.051135,0.0015216,0.0001164
0.085118,0.014852,0.10564,0.052738,0.0015255,0.00010503
0.080122,0.015809,0.10458,0.053823,0.0015893,9.8881e-05
0.074505,0.016459,0.10474,0.056813,0.0015031,9.6507e-05
0.068445,0.016771,0.1069,0.059006,0.0014008,9.1523e-05
0.062099,0.016731,0.10893,0.058203,0.0015268,0.00010576
0.055615,0.016317,0.10653,0.055038,0.0017264,9.8745e-05
0.049095,0.015536,0.098467,0.050425,0.0019123,9.7204e-05
0.042643,0.014457,0.087215,0.047379,0.0021683,9.51e-05
0.036427,0.013183,0.076664,0.050028,0.0020576,0.00011138
0.030666,0.011807,0.064414,0.051748,0.0026538,9.5263e-05
0.025537,0.010454,0.051757,0.054685,0.0025157,0.0001437
0.021154,0.0092821,0.04806,0.061373,0.0020176,0.00011917
0.017604,0.0084478,0.05083,0.064739,0.0023147,7.7576e-05
0.014971,0.0080734,0.051657,0.073789,0.0026343,7.1151e-05
0.013337,0.0082401,0.050893,0.083651,0.0026343,8.3041e-05
0.01276,0.0090078,0.052917,0.085365,0.0035693,7.7582e-05
0.089369,0.038856,0.099292,0.07411,0.0035211,0.00012501
0.094218,0.038446,0.10252,0.070528,0.0029914,0.00012001
0.098188,0.038189,0.10171,0.067258,0.0030157,0.00013002
0.1011,0.038167,0.094423,0.064106,0.0031818,0.00013537
0.10282,0.038418,0.07985,0.06211,0.0027932,0.00014406
0.10324,0.03896,0.065756,0.057245,0.0027441,0.00012219
0.10236,0.03978,0.052676,0.050761,0.002827,0.00012664
0.10029,0.040789,0.042151,0.042929,0.0031448,0.00014724
0.09719,0.04185,0.038291,0.030326,0.003732,0.00017332
0.093251,0.042844,0.042067,0.02141,0.0032827,0.00011249
0.088627,0.043681,0.049211,0.021724,0.0018528,9.3636e-05
0.08342,0.0443,0.058219,0.027228,0.0016264,0.00011139
0.077691,0.044655,0.072575,0.034062,0.0014709,0.00010868
0.07153,0.044721,0.084129,0.040126,0.0012608,7.6789e-05
0.06511,0.04448,0.087303,0.050868,0.0015081,0.00010207
0.058667,0.0439,0.088147,0.065625,0.0014216,0.00012071
0.052428,0.04292,0.092784,0.073994,0.0010845,9.7511e-05
0.046577,0.041465,0.10057,0.075855,0.0011479,8.2605e-05
0.041287,0.03946,0.1084,0.077548,0.00081342,7.7435e-05
0.017147,0.029024,0.16041,0.051714,0.0020708,8.8524e-05
0.01836,0.029422,0.15339,0.05122,0.002271,9.313e-05
0.019641,0.030195,0.14024,0.050973,0.0025973,0.00010607
0.021032,0.031344,0.1265,0.04491,0.0030261,9.5433e-05
0.022659,0.03292,0.11394,0.039046,0.0026442,9.1987e-05
0.024722,0.034952,0.1015,0.035578,0.0026816,0.00010098
0.027408,0.037387,0.085768,0.034676,0.0026832,0.00011653
0.030824,0.040116,0.06971,0.034676,0.0029177,9.9816e-05
0.034932,0.043053,0.057699,0.033964,0.0029173,0.00012548
0.039539,0.046196,0.051681,0.031596,0.0030667,0.00011345
0.044376,0.049573,0.048711,0.027969,0.0028408,8.278e-05
0.04918,0.053165,0.04609,0.0246,0.0028043,8.5915e-05
0.053759,0.056899,0.043139,0.021403,0.0031583,8.3846e-05
0.057974,0.060684,0.04066,0.020821,0.0031751,8.7609e-05
0.061697,0.064443,0.041136,0.023393,0.0027381,7.1635e-05
0.064796,0.068106,0.044157,0.02438,0.0022597,7.1152e-05
0.067136,0.071563,0.048498,0.024163,0.0018639,6.4752e-05
0.068601,0.074668,0.054541,0.022437,0.0016322,8.9368e-05
0.069099,0.077313,0.06756,0.02126,0.0020819,0.00012187
0.068557,0.079392,0.087181,0.023392,0.0016254,8.1147e-05
0.06695,0.080776,0.1052,0.029409,0.0013478,9.0279e-05
0.064322,0.081346,0.11686,0.043907,0.0012527,9.6753e-05
0.060758,0.08098,0.1278,0.06392,0.0010282,0.00015796
0.056365,0.079605,0.14186,0.076676,0.0010105,0.00012791
0.051263,0.077232,0.15419,0.082035,0.00073299,0.00011102
0.0456,0.07393,0.16321,0.086188,0.00078064,0.00010999
0.005428,0.0097048,0.13183,0.059674,0.0036358,0.00012798
0.0056623,0.0082777,0.11535,0.041801,0.0037148,9.223e-05
0.0058812,0.0076166,0.1033,0.03264,0.003441,6.6547e-05
0.0059955,0.0076043,0.090568,0.031517,0.0035535,7.7438e-05
0.0059587,0.0080864,0.076867,0.032332,0.0031796,8.2907e-05
0.0057712,0.0088894,0.067245,0.030339,0.0030917,6.5593e-05
0.0054807,0.0098529,0.06179,0.026099,0.0031447,6.6521e-05
0.0051673,0.010857,0.057164,0.023202,0.0029802,4.7065e-05
0.0049187,0.011831,0.051635,0.022296,0.0028248,6.474e-05
0.0048236,0.01274,0.046291,0.021201,0.0029455,6.6149e-05
0.0049687,0.013558,0.041564,0.021083,0.0027891,8.179e-05
0.0054289,0.01426,0.037678,0.020411,0.0026819,9.4682e-05
0.0062518,0.014807,0.034411,0.019491,0.0026308,0.00011033
0.0074377,0.015154,0.031742,0.019252,0.0021622,0.00010783
0.0089355,0.015275,0.029589,0.019166,0.001701,0.00011671
0.056042,0.0069349,0.11394,0.057551,0.0015205,0.00010402
0.063272,0.0067191,0.12044,0.057527,0.0014396,8.0866e-05
0.070518,0.0067404,0.12117,0.055989,0.0012378,6.3347e-05
0.077521,0.0070215,0.1196,0.056578,0.0013331,5.6087e-05
0.084004,0.0075766,0.11475,0.056412,0.0015281,5.9494e-05
0.089739,0.0083929,0.1043,0.053692,0.0018373,9.8375e-05
0.094559,0.0094286,0.093393,0.05693,0.0014939,6.346e-05
0.098331,0.010632,0.088595,0.062066,0.0011538,6.1408e-05
0.10095,0.011945,0.089013,0.063181,0.0012972,8.4858e-05
0.10231,0.013309,0.091276,0.061717,0.0017085,7.2272e-05
0.10233,0.014661,0.094098,0.060918,0.0019054,6.5665e-05
0.10097,0.015935,0.097814,0.061131,0.0023741,7.9854e-05
0.098308,0.017072,0.10121,0.062134,0.0021722,7.3109e-05
0.094442,0.01802,0.10119,0.062482,0.0021861,7.8952e-05
0.089508,0.018723,0.096544,0.060644,0.0023685,8.4454e-05
0.083681,0.019145,0.087474,0.05738,0.0025268,9.0884e-05
0.077169,0.01926,0.077084,0.053599,0.0025319,9.3197e-05
0.070219,0.019058,0.067486,0.053027,0.0025467,9.1165e-05
0.06309,0.018545,0.059093,0.055604,0.0023444,0.0001135
0.05598,0.017757,0.05164,0.052717,0.0026,0.00012476
0.049018,0.01677,0.049181,0.043723,0.0026604,0.00013347
0.042286,0.015678,0.052539,0.034819,0.0021557,0.00011802
0.035854,0.014563,0.054371,0.031325,0.0020771,0.00010439
0.029833,0.01348,0.0517,0.030479,0.001942,0.00011804
0.024351,0.012456,0.046647,0.031678,0.0018747,0.00012312
0.019518,0.011502,0.041742,0.033826,0.0017916,0.00012468
0.015406,0.010611,0.03529,0.036814,0.0015944,0.00012764
0.012058,0.0097679,0.03088,0.03512,0.0016192,0.0001098
0.0094529,0.0089614,0.028198,0.029852,0.002156,0.00010451
0.0075029,0.0081867,0.02675,0.02614,0.0018097,0.00011235
0.0060828,0.0074439,0.024825,0.02498,0.0018654,9.0433e-05
0.0050602,0.0067377,0.02326,0.024616,0.0020591,9.578e-05
0.0043174,0.0060808,0.021911,0.02504,0.002065,8.4171e-05
0.0037697,0.0054948,0.019854,0.025307,0.0021086,7.2535e-05
0.0033804,0.0050047,0.016975,0.02455,0.0020971,7.5732e-05
0.0031571,0.0046122,0.013945,0.024069,0.0022787,7.3366e-05
0.0031445,0.0042812,0.01127,0.023192,0.0023428,8.4382e-05
0.0034038,0.0039567,0.0097184,0.024445,0.0030572,9.2682e-05
0.0039851,0.0036019,0.010899,0.030678,0.0028052,9.3819e-05
0.0049292,0.0032105,0.013582,0.035834,0.0028834,8.3077e-05
0.0062841,0.0028026,0.016579,0.035947,0.0032455,6.7653e-05
0.0081258,0.0024108,0.018965,0.033401,0.0032583,6.4827e-05
0.010531,0.0020838,0.019896,0.030002,0.0030331,7.0196e-05
0.013511,0.0018787,0.019655,0.027004,0.0030232,7.8478e-05
0.017005,0.0018339,0.019892,0.025467,0.0026329,8.7766e-05
0.020911,0.0019604,0.021219,0.025828,0.0024603,8.2068e-05
0.025111,0.0022519,0.023121,0.025973,0.0025798,8.7562e-05
0.029492,0.0026908,0.023983,0.028009,0.0023343,8.3622e-05
0.03396,0.0032466,0.025715,0.031176,0.001941,9.2544e-05
0.038423,0.0038785,0.03038,0.032486,0.0018155,9.0329e-05
0.042764,0.0045511,0.037519,0.032447,0.0020655,8.0157e-05
0.046822,0.0052532,0.045349,0.032356,0.0020662,8.0403e-05
0.050436,0.0059785,0.051647,0.030344,0.0022216,8.4236e-05
0.053474,0.006708,0.05239,0.026954,0.0023212,7.3031e-05
0.055837,0.0074087,0.049039,0.023355,0.0021416,7.5075e-05
0.057473,0.0080435,0.045947,0.016852,0.001997,7.7407e-05
0.058343,0.0085754,0.046516,0.012858,0.0016469,7.1194e-05
0.058418,0.0089643,0.04766,0.01277,0.0019239,9.6263e-05
0.057692,0.0091718,0.047796,0.018258,0.0020365,8.39e-05
0.056209,0.0091848,0.048258,0.024921,0.0017477,7.2515e-05
0.054053,0.0090139,0.049853,0.029596,0.0016749,5.4841e-05
0.051309,0.0086774,0.053279,0.031609,0.0017099,5.2478e-05
0.048042,0.0081939,0.058435,0.030928,0.0018236,5.3674e-05
0.044349,0.007588,0.061135,0.028966,0.0018658,5.7017e-05
0.04035,0.0068895,0.057432,0.028768,0.0018996,5.6421e-05
0.036168,0.0061368,0.050538,0.032145,0.0020525,7.093e-05
0.031944,0.0053642,0.043339,0.036469,0.0021437,7.4839e-05
0.027812,0.0045986,0.03755,0.038203,0.0017632,6.8206e-05
0.023882,0.0038564,0.034194,0.035163,0.0017896,7.82e-05
0.020235,0.0031516,0.032431,0.032795,0.0019455,8.9089e-05
0.016901,0.0025167,0.03076,0.034287,0.0014412,7.1995e-05
0.013867,0.0019946,0.028875,0.036494,0.0012355,7.1742e-05
0.011142,0.0016339,0.027654,0.03806,0.0012004,7.1406e-05
0.0087796,0.0014942,0.026992,0.036329,0.0011968,7.8517e-05
0.0068281,0.001625,0.025434,0.032702,0.0011556,8.1749e-05
0.0053066,0.0020499,0.022621,0.026486,0.0011816,8.7952e-05
0.0042128,0.0027604,0.019945,0.021025,0.0010717,9.0716e-05
0.0035312,0.0037083,0.016956,0.018696,0.0013247,0.00010499
0.0032508,0.0048054,0.014443,0.017756,0.001111,9.8977e-05
0.0033673,0.0059436,0.014381,0.016442,0.0010362,9.5277e-05
0.0038845,0.0070243,0.015635,0.015148,0.0011737,8.3811e-05
0.0048239,0.0079797,0.016424,0.014016,0.0013279,9.4719e-05
0.006227,0.008776,0.017511,0.013744,0.0014353,0.00010913
0.0081462,0.0094097,0.021723,0.015035,0.0015339,9.6932e-05
0.010631,0.0098873,0.026636,0.017456,0.0013659,8.1719e-05
0.013719,0.010209,0.029725,0.018605,0.0013901,8.2368e-05
0.017423,0.010366,0.031813,0.017433,0.0015657,7.4809e-05
0.021744,0.010349,0.033024,0.015554,0.0015879,6.9267e-05
0.02667,0.010169,0.033751,0.013554,0.0015423,6.6481e-05
0.032176,0.0098549,0.03448,0.011917,0.0016285,7.1694e-05
0.03821,0.0094688,0.035509,0.013085,0.0015934,6.6218e-05
0.044678,0.0090959,0.036771,0.01695,0.0015961,8.6511e-05
0.051441,0.0088326,0.038645,0.02053,0.0013928,8.2052e-05
0.058329,0.0087892,0.042066,0.020538,0.0013335,7.7981e-05
0.065196,0.0090678,0.046172,0.018743,0.0012929,7.2427e-05
0.071928,0.0097157,0.050062,0.017957,0.001062,6.8311e-05
0.078427,0.010708,0.051536,0.018695,0.0009402,6.989e-05
0.084584,0.011978,0.049268,0.019925,0.00085913,6.3319e-05
0.090278,0.013434,0.045208,0.019261,0.00091056,6.4219e-05
0.095386,0.014981,0.040868,0.016368,0.0008265,6.7949e-05
0.0998,0.016516,0.038515,0.013454,0.00074069,7.0986e-05
0.10345,0.017924,0.038157,0.010765,0.0008671,7.9095e-05
0.10627,0.019125,0.039514,0.0088697,0.001124,9.5702e-05
0.10821,0.020089,0.041339,0.008712,0.00055276,0.00010513
0.10918,0.020801,0.042704,0.0083646,0.00053191,8.7361e-05
0.10911,0.021239,0.044637,0.0069707,0.00054897,9.0734e-05
0.10799,0.021367,0.04672,0.0056447,0.00049561,8.4165e-05
0.10591,0.021153,0.046784,0.0050106,0.0005068,8.2279e-05
0.10307,0.020571,0.043015,0.0056735,0.00065298,8.0799e-05
0.099591,0.019619,0.037153,0.0086233,0.00071456,9.527e-05
0.095591,0.018321,0.03274,0.012692,0.00073783,9.1637e-05
0.091152,0.016723,0.031263,0.014284,0.00062524,8.6291e-05
0.086343,0.014909,0.031282,0.013547,0.00075134,7.8627e-05
0.081256,0.012982,0.031197,0.013235,0.00073277,7.5486e-05
0.076017,0.011039,0.032466,0.01414,0.0007112,7.6006e-05
0.070747,0.009168,0.035883,0.016095,0.00094229,7.8283e-05
0.065559,0.0074432,0.037215,0.019766,0.001158,7.0422e-05
0.060553,0.0059279,0.036325,0.027543,0.0014747,7.5027e-05
0.055807,0.0046795,0.03556,0.035954,0.0013558,6.1712e-05
0.051366,0.0037381,0.034946,0.039413,0.0014312,5.3873e-05
0.047265,0.0031034,0.033557,0.040311,0.0015234,4.7302e-05
0.043527,0.0027316,0.03337,0.041427,0.0015193,6.7017e-05
0.040168,0.0025512,0.036623,0.042982,0.0017574,5.5818e-05
0.037204,0.0024799,0.040799,0.044766,0.0017427,5.9401e-05
0.03465,0.0024436,0.042737,0.048189,0.0018949,5.2393e-05
0.032496,0.002389,0.042618,0.051072,0.0018646,5.3022e-05
0.030691,0.0022903,0.040835,0.05033,0.0017866,4.6309e-05
0.029148,0.0021459,0.0376,0.048778,0.001796,5.3415e-05
0.027787,0.0019703,0.035216,0.051189,0.0020013,6.0772e-05
0.026568,0.0017793,0.034094,0.056213,0.001985,6.1525e-05
0.025501,0.0015802,0.032698,0.061578,0.0016965,5.3647e-05
0.024633,0.0013695,0.031651,0.061677,0.001671,5.2619e-05
0.024006,0.0011468,0.030876,0.056637,0.0017861,4.1957e-05
0.023647,0.00092228,0.029393,0.051134,0.0014619,5.4382e-05
0.023574,0.00071773,0.02697,0.047297,0.0016777,5.6526e-05
0.023801,0.00056324,0.026392,0.043379,0.0012214,6.3456e-05
0.024308,0.00049433,0.027384,0.042945,0.001039,6.2034e-05
0.025001,0.00055732,0.026099,0.043797,0.0010025,6.668e-05
0.025756,0.00081038,0.024266,0.042149,0.0011056,6.6331e-05
0.026473,0.0013138,0.022058,0.03821,0.0011655,6.3991e-05
0.027076,0.0021235,0.020316,0.036723,0.0012267,6.6198e-05
0.0275,0.0032952,0.019877,0.037529,0.0013423,8.4709e-05
0.027695,0.0048807,0.021852,0.037281,0.0012653,6.7705e-05
0.027627,0.0069156,0.025087,0.038395,0.0013766,7.0617e-05
0.027265,0.0094212,0.027984,0.043071,0.0014861,8.2229e-05
0.026589,0.012399,0.033002,0.045236,0.001449,9.4685e-05
0.02561,0.015795,0.038961,0.044208,0.00151,7.5961e-05
0.024382,0.019475,0.043957,0.04292,0.0015068,8.634e-05
0.022977,0.023277,0.048108,0.040625,0.0014484,9.4528e-05
0.021479,0.027044,0.05197,0.038907,0.0014028,8.4633e-05
0.02,0.030624,0.05611,0.037943,0.0014788,8.3711e-05
0.018664,0.033869,0.062797,0.037673,0.0021,0.00012687
0.017539,0.036644,0.072611,0.043814,0.0021716,8.4277e-05
0.01664,0.03884,0.080982,0.05059,0.0023934,7.722e-05
0.015967,0.040396,0.085531,0.056984,0.0029176,7.4693e-05
0.015492,0.041332,0.088943,0.059837,0.0031173,6.9846e-05
0.015182,0.041675,0.091111,0.058813,0.0031347,6.8688e-05
0.01501,0.041419,0.092989,0.053897,0.0032701,6.6335e-05
0.014918,0.040556,0.093739,0.049151,0.0033265,6.66e-05
0.014836,0.039106,0.093975,0.047677,0.0037389,6.3462e-05
0.014747,0.037123,0.092098,0.049217,0.0039481,7.3073e-05
0.014675,0.034701,0.087526,0.050033,0.0042504,9.4723e-05
0.014632,0.03195,0.084473,0.046513,0.0039199,7.0754e-05
0.014608,0.029022,0.083315,0.044228,0.003845,6.9591e-05
0.014599,0.026111,0.083266,0.043244,0.0042625,7.5529e-05
0.014633,0.023394,0.081394,0.044827,0.004626,9.8461e-05
0.014801,0.021004,0.076883,0.048621,0.00443,8.8615e-05
0.015281,0.019072,0.070261,0.048251,0.0038176,9.4067e-05
0.016373,0.017745,0.062497,0.041673,0.0033058,0.00011207
0.018559,0.017178,0.055783,0.035295,0.0036438,0.00011316
0.022559,0.017537,0.050895,0.034374,0.0031746,0.00011088
0.029336,0.019022,0.046424,0.031936,0.0037208,0.00014073
0.25393,0.010977,0.051594,0.015518,0.001268,9.6168e-05
0.23354,0.0098378,0.054188,0.013204,0.001245,9.012e-05
0.21534,0.0096412,0.050155,0.012867,0.0011729,9.0519e-05
0.19898,0.010023,0.041257,0.013174,0.0011125,8.7028e-05
0.18413,0.010601,0.031894,0.01327,0.0011318,0.00010336
0.17049,0.011065,0.024086,0.013784,0.001342,0.00010628
0.15781,0.011215,0.020602,0.014201,0.0013102,0.00014431
0.14582,0.010967,0.022711,0.013785,0.00084445,0.00013465
0.13421,0.010364,0.026662,0.012728,0.0011191,0.00010462
0.12275,0.0095541,0.029086,0.012233,0.00094957,0.00010348
0.11123,0.0087453,0.027554,0.012757,0.00098397,0.00010577
0.099623,0.0081049,0.023577,0.01385,0.0015068,0.00011034
0.08807,0.0076898,0.022083,0.015023,0.0014353,0.00010451
0.076836,0.0074846,0.024014,0.015238,0.0016884,0.00011159
0.066248,0.0074596,0.026814,0.01668,0.0017657,0.00011382
0.0566,0.0075826,0.028442,0.018775,0.0013798,9.8967e-05
0.048058,0.0078076,0.02987,0.018244,0.0012012,0.0001013
0.040675,0.0080797,0.032936,0.015344,0.0013088,0.0001041
0.034432,0.0083651,0.037651,0.013219,0.0013502,0.00011115
0.029268,0.0086723,0.043633,0.013572,0.001277,9.3675e-05
0.025092,0.0090241,0.050216,0.016486,0.001488,9.8624e-05
0.021787,0.0093887,0.057715,0.024961,0.0012769,9.7524e-05
0.019231,0.0096621,0.06718,0.032657,0.0012129,7.5492e-05
0.017321,0.0097148,0.07615,0.037442,0.001184,5.2006e-05
0.016003,0.0094476,0.083773,0.044611,0.0012057,5.2306e-05
0.015277,0.0088468,0.094335,0.053364,0.0012846,7.638e-05
0.015209,0.0079857,0.11389,0.060179,0.0024899,0.00013125
0.015884,0.0070003,0.13417,0.068496,0.0025961,6.8442e-05
0.017378,0.0060767,0.14819,0.082239,0.0027579,7.2444e-05
0.019727,0.0054205,0.16019,0.10096,0.0025507,7.6624e-05
0.022899,0.0051855,0.17276,0.11406,0.0023452,7.9384e-05
0.026807,0.0054203,0.18318,0.11626,0.0024278,8.164e-05
0.031353,0.0060988,0.19071,0.11668,0.0022559,7.6031e-05
0.036501,0.0071843,0.19864,0.12107,0.0023476,9.0246e-05
0.042308,0.008626,0.21187,0.13021,0.00308,0.00013723
0.048902,0.010324,0.23089,0.14244,0.0032596,0.00011548
0.05642,0.012109,0.25055,0.14987,0.0024881,8.7021e-05
0.064975,0.013773,0.26628,0.14475,0.0026961,0.00010431
0.074601,0.015154,0.27687,0.12729,0.0030352,8.7233e-05
0.085164,0.016215,0.28669,0.11414,0.0031777,6.3315e-05
0.096303,0.017049,0.29685,0.11143,0.0039368,8.7086e-05
0.10759,0.017786,0.30442,0.11993,0.0037989,0.00010023
0.11869,0.01855,0.30675,0.12547,0.0031915,7.4934e-05
0.12936,0.019457,0.30437,0.13076,0.0030735,7.7089e-05
0.13938,0.020615,0.3029,0.1437,0.0029115,0.00010036
0.14846,0.022106,0.30897,0.1431,0.0028661,0.0001217
0.15636,0.023975,0.32,0.12777,0.0024212,9.0837e-05
0.16281,0.026195,0.33931,0.1288,0.0020213,5.6422e-05
0.16756,0.028701,0.36678,0.15271,0.0020344,9.7759e-05
0.17048,0.03139,0.39546,0.17696,0.0024152,9.9188e-05
0.17159,0.034085,0.41394,0.18377,0.0016343,8.373e-05
0.17105,0.036512,0.42062,0.17475,0.0016956,6.336e-05
0.16916,0.038332,0.4203,0.16575,0.0015371,3.9789e-05
0.16634,0.039228,0.42381,0.16495,0.001874,6.9722e-05
0.16309,0.038999,0.43846,0.17545,0.0030672,0.00013052
0.15991,0.037677,0.4534,0.19684,0.0019407,9.4549e-05
0.15727,0.035577,0.45315,0.21363,0.002089,7.8053e-05
0.15552,0.033245,0.44693,0.22838,0.0026178,9.1938e-05
0.15503,0.031334,0.45099,0.23234,0.0020241,8.5924e-05
0.15628,0.030528,0.46222,0.22599,0.0018873,5.7585e-05
0.15983,0.031447,0.46822,0.20897,0.0020934,8.9375e-05
0.16624,0.034508,0.46665,0.18623,0.0023324,7.2265e-05
0.17588,0.039936,0.45733,0.17174,0.0022322,5.1102e-05
0.083165,0.059253,0.19668,0.10806,0.0033357,0.0001714
0.076522,0.074076,0.24555,0.13482,0.0022232,0.00012735
0.069861,0.089661,0.28151,0.14992,0.0021692,9.8462e-05
0.064559,0.10491,0.29927,0.15055,0.0026736,9.1799e-05
0.062214,0.11882,0.30526,0.14817,0.0039336,0.00010257
0.064494,0.13062,0.3213,0.15231,0.0063738,0.00020298
0.072995,0.13977,0.35388,0.1754,0.0061159,0.00023826
0.08906,0.14595,0.39493,0.19754,0.004871,0.00022032
0.11366,0.14901,0.43672,0.20597,0.0046761,0.00014134
0.14728,0.14907,0.47637,0.21014,0.0041234,9.9127e-05
0.18975,0.14649,0.50869,0.2075,0.004765,8.6025e-05
0.24011,0.1418,0.51926,0.20652,0.0050649,0.0001182
0.29683,0.13547,0.513,0.21844,0.0044431,0.00012698
0.35797,0.12787,0.51082,0.23169,0.0035864,0.00017163
0.42129,0.11934,0.52148,0.23801,0.0058428,0.00021583
0.48457,0.11017,0.5381,0.23958,0.0054631,0.00026407
0.54612,0.10062,0.55115,0.22719,0.004952,0.00032145
0.60454,0.09091,0.5612,0.1946,0.0052792,0.00025126
0.65831,0.081259,0.58304,0.17092,0.0038942,0.00010076
0.70579,0.071925,0.61522,0.16922,0.003176,0.00010111
0.74525,0.063177,0.63237,0.17789,0.0026432,0.00012821
0.77503,0.055251,0.6081,0.17955,0.0021125,0.00011444
0.79387,0.048297,0.55085,0.17299,0.0023845,8.4652e-05
0.80109,0.042335,0.48575,0.16177,0.0022874,0.00012609
0.7967,0.037301,0.44236,0.15564,0.0044002,0.0001922
0.78155,0.033154,0.42674,0.1487,0.0044935,0.00029862
0.75735,0.029884,0.43436,0.12796,0.0054352,0.00032374
0.72624,0.027348,0.45324,0.10433,0.0046057,0.00026605
0.6903,0.025305,0.46756,0.093772,0.0036462,0.00013914
0.65167,0.023552,0.47754,0.089892,0.0031827,8.7998e-05
0.61255,0.021988,0.50342,0.092211,0.0046241,0.00015483
0.57514,0.020623,0.54706,0.10815,0.0063848,0.0001114
0.5413,0.019559,0.57139,0.13425,0.007273,0.00013191
0.5126,0.018977,0.56171,0.17134,0.0081776,0.00019958
0.48992,0.019225,0.53428,0.21175,0.0088411,0.0002956
0.47324,0.020788,0.5142,0.21422,0.0092728,0.00038926
0.46197,0.023995,0.51798,0.17681,0.010589,0.00036699
0.45541,0.028783,0.5442,0.14128,0.0096441,0.00030016
0.45281,0.034869,0.57672,0.13667,0.007847,0.0001667
0.45336,0.041937,0.60706,0.15323,0.0079206,0.00020888
0.4565,0.049716,0.65773,0.18953,0.011737,0.00043193
0.46185,0.057886,0.73969,0.2441,0.011054,0.00027745
0.46901,0.065977,0.82237,0.28796,0.0096804,0.00014262
0.47737,0.07343,0.88136,0.31561,0.012374,0.00016361
0.48589,0.079826,0.89976,0.32926,0.015686,0.00017302
0.49308,0.085005,0.88137,0.33237,0.015839,0.00023879
0.49746,0.088949,0.85238,0.31912,0.013053,0.00019708
0.49795,0.091669,0.83484,0.28839,0.01245,0.00014546
0.49393,0.093235,0.83441,0.26473,0.013433,0.00015972
0.48527,0.093771,0.83667,0.26602,0.011139,0.00014809
0.47241,0.093405,0.82211,0.27313,0.011266,0.00030663
0.4561,0.092111,0.80891,0.26728,0.013018,0.00016478
0.43721,0.089628,0.8142,0.25914,0.011343,8.5318e-05
0.41644,0.085561,0.82675,0.26699,0.011975,8.3777e-05
0.39422,0.079678,0.82317,0.29641,0.013906,0.00011199
0.37078,0.072081,0.78018,0.32226,0.013322,0.000125
0.34649,0.063093,0.70163,0.3053,0.011294,9.9157e-05
0.32183,0.053157,0.61263,0.24437,0.010715,7.9916e-05
0.29735,0.042833,0.53384,0.19073,0.009707,7.8524e-05
0.27365,0.032797,0.47346,0.16928,0.0092081,0.00020114
0.25121,0.023783,0.42888,0.16542,0.0089875,0.00036574
0.23036,0.016428,0.40142,0.16593,0.0053476,0.00020175
0.21127,0.011072,0.38453,0.15434,0.0055541,0.0001366
0.19396,0.0076877,0.37516,0.14074,0.0056737,0.00011389
0.17832,0.0060062,0.36936,0.13447,0.0057823,9.7116e-05
0.16422,0.0056733,0.35636,0.13499,0.0057474,9.4635e-05
0.15178,0.0063503,0.32858,0.13797,0.0052408,9.5585e-05
0.14111,0.007688,0.29147,0.13825,0.0050406,0.00011787
0.13209,0.0093406,0.25322,0.14222,0.004557,0.00019249
0.12432,0.011058,0.22181,0.1423,0.0042023,0.00016269
0.11724,0.012741,0.19823,0.12693,0.0047789,0.00027183
0.11018,0.014399,0.19031,0.10971,0.0037177,0.00022844
0.028071,0.049337,0.33631,0.075203,0.0066488,0.00021685
0.029907,0.048422,0.35649,0.085925,0.0066318,0.00020658
0.032129,0.046839,0.36737,0.096381,0.0058332,0.00020307
0.034638,0.044737,0.36248,0.11749,0.0050734,0.00020355
0.037273,0.042235,0.35402,0.13602,0.0052098,0.00019464
0.039793,0.039429,0.34748,0.13962,0.0046012,0.00025592
0.041947,0.036465,0.34699,0.12858,0.0047345,0.0001819
0.043568,0.033567,0.34243,0.11164,0.005562,0.00018905
0.044587,0.030985,0.33225,0.10547,0.0058339,0.00015165
0.044993,0.028948,0.32277,0.10923,0.0068228,0.00017609
0.044792,0.027623,0.31872,0.12079,0.0079482,0.00018265
0.044006,0.027119,0.32072,0.1303,0.0088751,0.00018107
0.042656,0.027497,0.32653,0.12683,0.009292,0.00018839
0.040757,0.028761,0.32613,0.11676,0.0082481,0.00016261
0.038301,0.030835,0.31288,0.10954,0.0071275,0.00015523
0.035265,0.033526,0.29016,0.108,0.0071564,0.00015966
0.031659,0.036611,0.26394,0.10736,0.0059255,0.00016433
0.027597,0.039923,0.25128,0.089168,0.0060655,0.00014309
0.0233,0.043328,0.24748,0.062223,0.0064062,0.00013356
0.019037,0.046657,0.24247,0.04337,0.0060613,0.00015826
0.015052,0.049703,0.2374,0.033278,0.006038,0.00013713
0.01157,0.052266,0.23645,0.033243,0.0062011,0.00013692
0.0087238,0.054161,0.23899,0.049236,0.0059004,0.00012647
0.0065272,0.055231,0.24679,0.06441,0.0057758,0.00014839
0.0049171,0.055344,0.2574,0.068597,0.0049944,0.00013353
0.003795,0.054443,0.26396,0.060496,0.0040987,0.00011868
0.003059,0.052546,0.26422,0.053063,0.0036204,0.00010679
0.0026168,0.049694,0.26233,0.057672,0.0020846,0.00010154
0.0023915,0.045981,0.26693,0.069183,0.0015559,0.00012307
0.0023221,0.041598,0.2755,0.078955,0.0017072,0.00011523
0.0023635,0.036828,0.28385,0.08423,0.0013475,7.0599e-05
0.002487,0.032033,0.29027,0.094388,0.0017119,8.0479e-05
0.002679,0.027614,0.29883,0.11247,0.001591,0.00010831
0.0029237,0.02379,0.31405,0.13126,0.0018872,0.00010288
0.0031973,0.020601,0.32895,0.14243,0.0018766,7.717e-05
0.0034693,0.018045,0.33558,0.14728,0.0018831,6.5391e-05
0.0036993,0.016184,0.33171,0.14934,0.0018966,7.1825e-05
0.003843,0.015079,0.32528,0.15086,0.0021989,8.6471e-05
0.0038797,0.014682,0.31532,0.14954,0.0024673,7.2327e-05
0.0038287,0.01486,0.29942,0.14495,0.0029164,0.00010591
0.0037198,0.015511,0.28528,0.14479,0.0025104,5.8872e-05
0.0035897,0.016572,0.27267,0.1449,0.0025163,4.9665e-05
0.0035007,0.017908,0.25719,0.14292,0.002639,5.5725e-05
0.003534,0.01928,0.2379,0.13944,0.0028185,5.6195e-05
0.003769,0.020388,0.21752,0.13366,0.0029514,7.1314e-05
0.0042979,0.021003,0.19882,0.12347,0.0029474,5.2426e-05
0.0052279,0.021051,0.18231,0.11286,0.0033526,4.229e-05
0.006661,0.020585,0.16368,0.10388,0.0035308,4.2209e-05
0.0086742,0.019715,0.14049,0.088312,0.0042799,8.0504e-05
0.045354,0.019287,0.056912,0.040837,0.0052551,0.00012895
0.051145,0.021929,0.074043,0.06757,0.0046275,0.00018396
0.05684,0.025074,0.10895,0.091028,0.0026777,0.00011327
0.06228,0.028589,0.14464,0.097951,0.0026515,6.6431e-05
0.067216,0.032364,0.17345,0.10208,0.0026348,5.2422e-05
0.071402,0.036221,0.20183,0.11061,0.0029739,7.5445e-05
0.074692,0.0399,0.23165,0.12084,0.0030014,9.2338e-05
0.077073,0.043156,0.25769,0.13297,0.0024587,5.4501e-05
0.078617,0.045821,0.27229,0.1501,0.0024993,6.3831e-05
0.079382,0.047734,0.28056,0.17202,0.0026695,7.7593e-05
0.079371,0.048711,0.28987,0.18818,0.0023253,7.5237e-05
0.078582,0.048645,0.30082,0.19259,0.0021991,6.439e-05
0.077056,0.047586,0.31043,0.19134,0.0024199,5.7874e-05
0.074883,0.04571,0.31768,0.1935,0.0021016,4.4714e-05
0.072167,0.043208,0.32511,0.19678,0.0020397,5.7126e-05
0.069,0.040241,0.33282,0.1985,0.002169,5.6217e-05
0.065433,0.036945,0.33438,0.19429,0.0017312,4.4126e-05
0.06146,0.033496,0.32213,0.17869,0.0017302,5.8666e-05
0.057097,0.030117,0.29939,0.15902,0.0015485,5.9806e-05
0.052456,0.02698,0.2751,0.1478,0.0012639,5.9909e-05
0.047706,0.024182,0.23964,0.14235,0.0018684,0.0001331
0.042992,0.021791,0.19922,0.13771,0.0016111,0.00017965
0.038437,0.019853,0.17424,0.12687,0.0012764,0.00011814
0.034142,0.018395,0.16316,0.11069,0.0010166,6.4514e-05
0.065556,0.021379,0.21619,0.098409,0.0017155,8.3283e-05
0.070328,0.021306,0.24971,0.11147,0.0031094,0.000165
0.075704,0.021213,0.31068,0.14753,0.0054948,0.00041093
0.081724,0.021055,0.39217,0.20023,0.0055886,0.0001217
0.088364,0.020819,0.45948,0.24855,0.0065402,9.633e-05
0.095543,0.020509,0.50833,0.30291,0.00783,0.00011466
0.10306,0.020176,0.54606,0.34057,0.0080701,0.00012627
0.11059,0.019856,0.56874,0.3452,0.0085067,0.00012492
0.11776,0.019511,0.57566,0.33433,0.0073748,0.00011959
0.12435,0.019047,0.58206,0.32655,0.0071766,0.00011887
0.13034,0.018388,0.59846,0.33482,0.0089382,0.00017612
0.13574,0.017481,0.62484,0.36591,0.011053,0.00032452
0.14065,0.016303,0.65294,0.40009,0.0097092,0.00019189
0.1451,0.014876,0.68279,0.40855,0.0092401,0.00011554
0.14916,0.013238,0.7166,0.4108,0.0089366,0.00010105
0.15292,0.011416,0.75126,0.42192,0.0086303,0.00010699
0.1565,0.0094407,0.76435,0.43319,0.0095525,0.00013139
0.16004,0.0073914,0.74061,0.44136,0.0089037,0.00014721
0.16372,0.0054157,0.69231,0.42521,0.0080466,0.00014314
0.16777,0.0037115,0.64214,0.3802,0.0078437,0.00012683
0.17242,0.0024876,0.60488,0.34099,0.0069175,0.00016474
0.17787,0.0019317,0.57331,0.30666,0.0063407,0.00022595
0.18421,0.0022049,0.5472,0.25362,0.0055779,0.00036154
0.19141,0.003433,0.54001,0.22696,0.0045503,0.00014364
0.19933,0.0056626,0.54981,0.24168,0.0035335,0.00012527
0.20779,0.0088493,0.56291,0.26633,0.0041149,0.00016329
0.21659,0.01287,0.56342,0.27532,0.0044739,0.00015487
0.22552,0.017566,0.54161,0.26238,0.0040569,0.00013076
0.2344,0.02277,0.49726,0.23577,0.0034212,0.00011113
0.24299,0.028298,0.43934,0.20965,0.002954,0.00012219
0.25099,0.033955,0.37852,0.18699,0.0043205,0.00018957
0.25793,0.039617,0.33107,0.15553,0.0049798,0.00029019
0.26313,0.045255,0.30396,0.12907,0.0042914,0.00020592
0.26588,0.050862,0.28498,0.11728,0.0034487,0.00015459
0.19069,0.10152,0.10715,0.10089,0.0036217,0.00013734
0.19177,0.087735,0.10458,0.10429,0.0031009,0.0001661
0.19132,0.074743,0.10967,0.10055,0.0040866,0.00016299
0.18894,0.063331,0.11565,0.094348,0.0038584,0.00015482
0.18435,0.054038,0.12007,0.09242,0.0030665,0.00014019
0.17754,0.047031,0.12701,0.09308,0.0030401,0.00012326
0.16865,0.042273,0.14063,0.093804,0.0029344,0.00011663
0.15789,0.039595,0.15715,0.095214,0.0029322,0.00011584
0.14555,0.038717,0.17007,0.097424,0.002958,0.00012158
0.132,0.0393,0.17169,0.096049,0.0026278,0.00014655
0.11765,0.041005,0.16416,0.084655,0.0024644,0.00011423
0.10296,0.043509,0.15222,0.072047,0.0027999,9.6577e-05
0.088417,0.046496,0.14396,0.071553,0.0025242,0.00012207
0.07454,0.049661,0.1416,0.08139,0.0021952,0.00013065
0.080176,0.013979,0.15217,0.067263,0.0013394,0.00010906
0.086812,0.013415,0.15529,0.067855,0.001959,0.00015983
0.092784,0.012878,0.16254,0.068632,0.002072,0.00018092
0.098016,0.012329,0.1702,0.065348,0.0018874,0.0001268
0.10251,0.011701,0.1777,0.063779,0.0016157,0.00012406
0.10626,0.010936,0.18148,0.068117,0.0014174,0.00012782
0.10926,0.010017,0.17507,0.071406,0.0011989,0.00015993
0.1114,0.0089849,0.16193,0.066823,0.0013773,0.00012427
0.11256,0.0079042,0.14666,0.058368,0.0016764,0.00013911
0.11269,0.00684,0.13445,0.055322,0.001956,0.00011043
0.11175,0.005851,0.12806,0.057525,0.002013,0.00013076
0.10979,0.0049959,0.1251,0.059759,0.0025769,0.00016045
0.10684,0.0043341,0.12321,0.057445,0.0030858,0.00016897
0.10293,0.0039181,0.12134,0.052374,0.0031551,0.00017259
0.098106,0.0037815,0.1207,0.047165,0.0032841,0.00014503
0.092454,0.0039386,0.12265,0.047039,0.0032714,0.00014308
0.086123,0.0043935,0.12579,0.05142,0.0032952,0.00013846
0.079294,0.0051381,0.1275,0.053812,0.00354,0.0001509
0.072207,0.0061335,0.12544,0.049755,0.0041996,0.00013875
0.065141,0.0073098,0.11695,0.042531,0.0041115,0.00012583
0.058337,0.0085925,0.10309,0.03584,0.0040171,0.0001136
0.051943,0.0099254,0.090601,0.032222,0.0047637,0.00011897
0.04601,0.011265,0.084371,0.030452,0.0042055,0.00013714
0.022916,0.068345,0.14819,0.076445,0.0034542,9.6994e-05
0.028015,0.069126,0.15855,0.081543,0.0032766,8.8106e-05
0.034789,0.068531,0.16688,0.087753,0.003227,8.0398e-05
0.043064,0.066527,0.17333,0.093192,0.0032374,7.6222e-05
0.052674,0.063115,0.17707,0.09122,0.0033489,7.6945e-05
0.063443,0.058478,0.17737,0.086956,0.0035435,8.654e-05
0.07511,0.053049,0.17812,0.084321,0.0028384,8.8503e-05
0.08732,0.047383,0.18332,0.082891,0.0027453,8.0273e-05
0.099645,0.042046,0.18835,0.082713,0.0030361,8.745e-05
0.1116,0.037595,0.18809,0.083323,0.003822,0.00011606
0.12269,0.034568,0.18237,0.084507,0.0036824,0.00010063
0.13253,0.033438,0.17649,0.076041,0.0036797,0.00010457
0.14095,0.034464,0.1737,0.059504,0.0054296,0.00012027
0.14802,0.037553,0.17246,0.044737,0.0069737,0.00013818
0.15387,0.042355,0.17003,0.039836,0.0063236,0.00012907
0.15851,0.048542,0.1689,0.043888,0.0056241,0.00010479
0.16184,0.055832,0.17297,0.051922,0.0048318,8.2593e-05
0.16383,0.063914,0.18758,0.0568,0.0051898,0.00010102
0.16446,0.072452,0.21892,0.054013,0.0065207,0.00016728
0.16376,0.081079,0.26246,0.054433,0.0067125,6.9134e-05
0.16184,0.089425,0.30074,0.064841,0.0076109,7.2116e-05
0.15877,0.09713,0.32742,0.092748,0.0073803,7.1816e-05
0.15464,0.10385,0.34297,0.12013,0.0069739,6.0609e-05
0.14953,0.10926,0.35595,0.12622,0.0072852,6.0243e-05
0.14358,0.11307,0.37071,0.11561,0.0072262,5.4841e-05
0.13703,0.11501,0.38538,0.10349,0.007229,4.2837e-05
0.13018,0.1149,0.39751,0.10635,0.0069267,8.5588e-05
0.12333,0.11266,0.40562,0.12931,0.0074901,0.00013195
0.11664,0.10833,0.41841,0.16139,0.0066832,9.0016e-05
0.11015,0.10221,0.43758,0.18346,0.005342,8.3064e-05
0.10384,0.094832,0.45483,0.19719,0.0043748,5.8219e-05
0.097718,0.086723,0.45743,0.1946,0.0051879,6.6076e-05
0.09184,0.078305,0.43773,0.19212,0.0059866,9.5987e-05
0.086262,0.069938,0.40807,0.19167,0.0055962,6.4546e-05
0.080978,0.061957,0.38017,0.18421,0.0048984,5.0206e-05
0.075969,0.054653,0.35614,0.16861,0.0050026,4.154e-05
0.07123,0.048275,0.33147,0.15124,0.0042708,5.3341e-05
0.066781,0.042961,0.30294,0.13196,0.0049451,0.00011617
0.062669,0.038693,0.2748,0.11057,0.0051304,0.00017219
0.058945,0.035344,0.25692,0.10176,0.0036134,5.9019e-05
0.055642,0.03275,0.24961,0.1059,0.0035392,4.1638e-05
0.052786,0.030687,0.242,0.11446,0.0039422,5.5228e-05
0.050414,0.028924,0.22045,0.11966,0.004042,5.5246e-05
0.048579,0.027297,0.18547,0.11384,0.003747,4.9384e-05
0.047291,0.025711,0.14783,0.093381,0.0037953,4.7172e-05
0.046467,0.024146,0.11698,0.071582,0.0039041,3.8855e-05
0.045971,0.022695,0.09467,0.058363,0.0041789,5.9867e-05
0.045663,0.021538,0.081927,0.044755,0.0049661,0.00015761
0.045356,0.020927,0.077479,0.039787,0.0047558,8.6814e-05
0.13182,0.10373,0.056529,0.0067475,0.0023979,0.00012302
0.14467,0.093168,0.050411,0.0064039,0.0020122,8.8822e-05
0.15635,0.082742,0.049708,0.0078539,0.0019757,9.2318e-05
0.1663,0.07269,0.052856,0.0085376,0.0022991,7.817e-05
0.17393,0.063186,0.053312,0.0087211,0.0022721,7.5871e-05
0.17873,0.05431,0.048036,0.0097163,0.0022447,8.546e-05
0.18038,0.046089,0.043292,0.0097325,0.002416,8.6758e-05
0.17879,0.03855,0.038078,0.0083988,0.0033578,9.5856e-05
0.17412,0.031738,0.034743,0.0090097,0.0045489,0.00010134
0.16671,0.025743,0.034127,0.015163,0.004378,0.00011733
0.15702,0.02068,0.037448,0.020796,0.0041844,0.00011295
0.14562,0.016653,0.04471,0.022117,0.0040848,8.6688e-05
0.13313,0.013739,0.055887,0.022482,0.0038112,7.9707e-05
0.12023,0.011966,0.070858,0.024368,0.003858,7.7427e-05
0.10759,0.011315,0.092705,0.028332,0.0040113,0.00011938
0.095887,0.011739,0.11452,0.03369,0.0045887,8.6644e-05
0.085714,0.013168,0.12582,0.045367,0.0054841,0.00010917
0.077479,0.015514,0.13146,0.072496,0.0047652,0.00014098
0.071385,0.018678,0.1413,0.09925,0.003638,0.00015002
0.067496,0.022516,0.15975,0.10532,0.0040825,0.0001462
0.065768,0.026819,0.18074,0.096568,0.0043406,0.0001202
0.066007,0.031386,0.19883,0.094169,0.003847,7.9378e-05
0.067843,0.036076,0.21323,0.097595,0.0033251,7.0397e-05
0.070806,0.040767,0.22581,0.1046,0.0032504,7.4304e-05
0.074427,0.045308,0.23501,0.11109,0.0027341,7.3908e-05
0.078305,0.049507,0.23752,0.11501,0.0019426,6.1412e-05
0.082099,0.053185,0.23185,0.11479,0.0018528,6.9686e-05
0.085481,0.056211,0.22372,0.11436,0.0017737,8.9672e-05
0.088135,0.058505,0.21269,0.11292,0.0021493,9.2201e-05
0.089771,0.060021,0.20121,0.11326,0.0023791,0.00010346
0.090173,0.060765,0.19458,0.11009,0.0014798,0.00010526
0.089199,0.060762,0.19229,0.098036,0.0010865,7.3003e-05
0.086803,0.060061,0.18652,0.082966,0.0010541,6.5799e-05
0.10138,0.030268,0.11181,0.062993,0.0018311,0.00013017
0.11101,0.030395,0.1472,0.078778,0.0023337,0.00011507
0.12056,0.030228,0.17866,0.095605,0.0017935,5.8771e-05
0.12985,0.029785,0.19664,0.11628,0.0019359,5.1645e-05
0.13866,0.029122,0.20698,0.13972,0.0017668,5.9454e-05
0.14675,0.028289,0.21594,0.15342,0.0018384,5.0422e-05
0.1539,0.027305,0.22141,0.15608,0.0018519,4.3201e-05
0.15995,0.026172,0.22371,0.15967,0.0020505,6.1259e-05
0.16486,0.024885,0.2301,0.17329,0.0030144,0.00014092
0.16869,0.023434,0.2512,0.19589,0.003962,0.00014957
0.17152,0.021808,0.28159,0.21644,0.0030359,9.0099e-05
0.1734,0.020015,0.30927,0.2285,0.0026596,5.7581e-05
0.17431,0.018108,0.32894,0.23242,0.0026276,5.7039e-05
0.17418,0.016178,0.33576,0.22641,0.0025327,5.8632e-05
0.17297,0.014324,0.33114,0.21914,0.002664,6.7438e-05
0.17065,0.012625,0.31333,0.21637,0.0031896,9.7629e-05
0.1673,0.011126,0.28773,0.21309,0.0025038,0.00011553
0.16305,0.0098514,0.26353,0.1991,0.0029686,0.00010569
0.15808,0.0088217,0.24591,0.18396,0.0033383,9.7509e-05
0.15261,0.0080473,0.23262,0.17307,0.0025866,9.4062e-05
0.14686,0.0075126,0.2196,0.15411,0.003297,0.00014555
0.14102,0.007177,0.21243,0.12911,0.0028237,0.00014805
0.13528,0.0069853,0.21758,0.11469,0.0022212,9.0052e-05
0.12976,0.0068729,0.223,0.11095,0.0021414,9.5979e-05
0.12459,0.0067741,0.21547,0.111,0.0020581,9.673e-05
0.11986,0.0066346,0.19481,0.10319,0.0016971,8.856e-05
0.11568,0.0064202,0.17057,0.087282,0.0018718,8.0235e-05
0.11219,0.0061218,0.14645,0.073245,0.0018534,8.8835e-05
0.10951,0.005753,0.12448,0.057477,0.0027357,0.00015973
0.10773,0.0053449,0.10956,0.039723,0.0029905,0.00017277
0.087817,0.04205,0.070375,0.054627,0.0028917,0.00018623
0.085377,0.047209,0.07475,0.047189,0.0027924,0.00015325
0.082274,0.052298,0.080278,0.045095,0.0023456,0.00010958
0.078624,0.057138,0.079825,0.0463,0.0023054,9.4614e-05
0.074547,0.061528,0.077493,0.049764,0.002362,0.00010103
0.070172,0.065253,0.07724,0.0527,0.0023974,9.4508e-05
0.065624,0.068133,0.077774,0.052324,0.0021858,9.5468e-05
0.061011,0.070036,0.07609,0.051032,0.0018693,8.1383e-05
0.056441,0.070887,0.071239,0.048479,0.0015971,9.7091e-05
0.052019,0.070645,0.062333,0.044781,0.0018248,0.00011719
0.047839,0.069332,0.050632,0.039513,0.0016716,0.00011401
0.043972,0.067039,0.044127,0.033124,0.0017545,0.00010052
0.040493,0.063895,0.041765,0.030113,0.0016429,8.7101e-05
0.004254,0.0042615,0.12391,0.05243,0.0022797,9.5262e-05
0.0038604,0.0034792,0.1336,0.062114,0.0023636,8.7301e-05
0.0037284,0.0029751,0.14456,0.063823,0.0019532,8.7082e-05
0.0039503,0.0027923,0.15483,0.06207,0.0018999,5.8819e-05
0.0045954,0.002961,0.1642,0.06538,0.002232,7.7173e-05
0.0057035,0.0034759,0.17434,0.073544,0.0024232,8.0205e-05
0.0072819,0.0042924,0.1801,0.081975,0.0018752,8.6065e-05
0.0093086,0.0053383,0.18228,0.085995,0.0019082,7.7042e-05
0.011748,0.0065318,0.18421,0.090835,0.0018252,9.9281e-05
0.014605,0.0078082,0.19082,0.097235,0.0017424,0.00010788
0.017977,0.0090934,0.20257,0.10059,0.0020154,0.00011988
0.022,0.010272,0.21567,0.10144,0.0020362,0.00011114
0.026757,0.011224,0.22816,0.10265,0.0017874,8.8288e-05
0.03223,0.011885,0.23902,0.10251,0.0015097,5.9387e-05
0.03832,0.012245,0.24987,0.10213,0.001536,5.8194e-05
0.044837,0.012342,0.25952,0.10092,0.0014309,6.492e-05
0.051521,0.012235,0.26382,0.096527,0.0015122,6.2873e-05
0.058122,0.01198,0.26137,0.089595,0.001456,7.1524e-05
0.064442,0.011643,0.25867,0.09078,0.0012265,7.2975e-05
0.070376,0.011287,0.25745,0.096623,0.0014943,9.8655e-05
0.075847,0.01095,0.25855,0.09834,0.0011182,0.00011722
0.080725,0.010634,0.26298,0.09014,0.00096877,9.8265e-05
0.084842,0.01032,0.26924,0.07674,0.00094425,7.7689e-05
0.08804,0.0099884,0.27425,0.071635,0.00086071,7.3675e-05
0.090203,0.0096403,0.28034,0.08299,0.0019567,0.00012581
0.091284,0.0092883,0.28921,0.09773,0.0014958,0.00014208
0.091331,0.0089525,0.29818,0.10488,0.00126,8.7573e-05
0.090441,0.0086487,0.30107,0.1142,0.0013542,8.4723e-05
0.088688,0.0084208,0.29651,0.12474,0.0015316,0.00010252
0.086068,0.0083638,0.28494,0.12844,0.0020944,0.000134
0.082565,0.0085651,0.27172,0.12483,0.0019276,0.00012492
0.078188,0.0090812,0.26042,0.11826,0.0018908,9.9648e-05
0.072973,0.0099416,0.25478,0.11451,0.0022874,0.0001056
0.067008,0.011131,0.25552,0.12344,0.0026278,0.00014137
0.060507,0.012586,0.25979,0.13853,0.002597,0.00010222
0.053782,0.014217,0.26355,0.14608,0.0026677,7.2757e-05
0.047164,0.015916,0.26799,0.15319,0.0032729,6.765e-05
0.040931,0.017547,0.27543,0.1638,0.003143,8.1024e-05
0.035246,0.018932,0.2819,0.17044,0.0038925,9.9465e-05
0.030174,0.019874,0.28048,0.17191,0.0036627,8.4571e-05
0.025709,0.020263,0.26974,0.16757,0.0029257,7.6491e-05
0.021828,0.020102,0.25919,0.15188,0.0031762,6.6106e-05
0.018504,0.019491,0.25613,0.1373,0.0035428,5.2182e-05
0.015711,0.018633,0.26335,0.13416,0.0038469,9.385e-05
0.013417,0.017826,0.27196,0.13145,0.004469,9.0427e-05
0.011587,0.017411,0.2821,0.12616,0.0040486,9.982e-05
0.010193,0.017728,0.29748,0.12624,0.0039497,6.196e-05
0.0092362,0.019082,0.31794,0.13233,0.0048978,6.5485e-05
0.0087583,0.021702,0.34218,0.13635,0.0059054,0.00010188
0.0088381,0.025696,0.36389,0.13792,0.0051486,0.00010884
0.0095807,0.031028,0.37944,0.12963,0.0043735,7.6778e-05
0.011078,0.03751,0.39106,0.12089,0.0042361,7.1216e-05
0.013372,0.044851,0.40425,0.12508,0.0048892,0.00016897
0.016447,0.052746,0.42569,0.13702,0.0065265,0.00018987
0.020248,0.060886,0.45182,0.14558,0.0043507,0.00011034
0.024721,0.068919,0.47621,0.15365,0.0046836,8.4631e-05
0.029829,0.076421,0.48883,0.16129,0.0052592,0.00010478
0.035534,0.082965,0.48335,0.16299,0.0058083,0.00010415
0.041741,0.088258,0.47091,0.15752,0.0055556,0.00010578
0.048265,0.092157,0.46122,0.14415,0.0053217,0.00010649
0.054825,0.094516,0.45425,0.13238,0.0055072,8.9985e-05
0.061037,0.095165,0.44524,0.12854,0.0053128,8.465e-05
0.066407,0.093977,0.43026,0.1319,0.0051295,0.00011725
0.070562,0.090962,0.41126,0.13332,0.0040798,0.00012715
0.073325,0.086292,0.39716,0.12256,0.0037773,0.00010186
0.074674,0.080223,0.38866,0.10706,0.0043304,9.2184e-05
0.074685,0.073001,0.37638,0.099146,0.0046612,0.00010115
0.073455,0.064911,0.35093,0.10264,0.0046842,0.00011859
0.071115,0.056358,0.31212,0.1054,0.0036633,0.00013743
0.067857,0.047873,0.27604,0.08962,0.00298,0.00013542
0.063933,0.039922,0.25217,0.061623,0.0031742,0.00012001
0.059596,0.032856,0.24024,0.041957,0.0024511,0.00010243
0.055037,0.026969,0.23602,0.033627,0.003152,0.0001684
0.050356,0.022529,0.23481,0.037313,0.0030456,0.00019128
0.045589,0.019815,0.23391,0.050118,0.0015153,9.8919e-05
0.040801,0.019058,0.23738,0.054005,0.00085348,0.00012202
0.03614,0.020314,0.25044,0.045572,0.0029214,0.00017621
0.031803,0.023431,0.2664,0.042481,0.0036863,9.1154e-05
0.028003,0.028133,0.28354,0.053783,0.0054388,9.9866e-05
0.024896,0.034131,0.30576,0.081349,0.0058032,0.00013662
0.022496,0.041168,0.33938,0.10729,0.0063289,0.00012718
0.020729,0.048962,0.37934,0.11558,0.0063767,0.00012312
0.019518,0.057079,0.41615,0.11212,0.0058208,0.00010552
0.018769,0.064927,0.44214,0.10999,0.005844,8.1867e-05
0.018349,0.07193,0.46092,0.11426,0.0063501,9.6765e-05
0.018106,0.0777,0.48063,0.12319,0.006727,0.00010088
0.017909,0.082078,0.50595,0.12744,0.0063858,0.00012008
0.017702,0.085095,0.53966,0.12022,0.0067374,0.00018336
0.017542,0.086948,0.57554,0.11082,0.0064374,0.00010948
0.017546,0.0879,0.60666,0.11143,0.0066595,0.00012915
0.017816,0.088237,0.63411,0.13069,0.0076304,0.00015879
0.018424,0.088272,0.6642,0.15726,0.0073826,0.00016735
0.019414,0.08821,0.69827,0.16746,0.0066895,0.00017357
0.020796,0.08805,0.72433,0.1606,0.0052679,0.00013347
0.02255,0.087784,0.73289,0.14825,0.0036058,0.00012276
0.024637,0.087473,0.73164,0.13951,0.0041154,0.00015291
0.027004,0.087141,0.73087,0.14205,0.0029531,0.00024311
0.029576,0.086804,0.74714,0.15162,0.0022416,0.00021963
0.03226,0.086547,0.768,0.15888,0.0018414,0.00016825
0.034955,0.086499,0.78231,0.16268,0.001781,0.00017474
0.03756,0.086761,0.78608,0.17127,0.0016218,0.00017294
0.039999,0.087322,0.78165,0.18052,0.0022314,0.00016134
0.042221,0.088026,0.77222,0.18753,0.0017725,0.00017256
0.044203,0.088639,0.75959,0.18725,0.0013484,0.00012277
0.045954,0.08895,0.73807,0.1858,0.0011995,0.00011147
0.047496,0.088839,0.70833,0.19135,0.001371,0.00014274
0.048843,0.088218,0.67601,0.19748,0.0018453,0.00014235
0.04999,0.086961,0.64418,0.19174,0.0013165,0.00015949
0.050949,0.084955,0.61788,0.18468,0.00097895,9.6814e-05
0.051783,0.082187,0.59214,0.18435,0.00072395,9.35e-05
0.052604,0.078705,0.5536,0.18434,0.0012487,0.00012403
0.053549,0.074569,0.49881,0.17937,0.0016087,0.0001175
0.054771,0.069847,0.43708,0.16625,0.0013813,0.00012905
0.056385,0.064518,0.38156,0.14585,0.0015705,0.00010378
0.058457,0.058611,0.33517,0.12747,0.0014089,7.7581e-05
0.06101,0.052339,0.29293,0.11742,0.0016083,0.00011458
0.064029,0.046062,0.25192,0.10854,0.0025058,0.00014496
0.067492,0.040121,0.21411,0.095105,0.0028826,0.00017148
0.07139,0.034725,0.18513,0.080527,0.0025338,0.00011054
0.075736,0.029932,0.16593,0.068833,0.001602,7.2605e-05
0.080567,0.025734,0.14958,0.063139,0.0014259,6.5439e-05
0.085919,0.022138,0.12832,0.059916,0.0013469,7.1585e-05
