-19.459,-11.67525,-32.6702,-42.5724,-45.404,-39.77,-40.819,-58.035
-20.476,-15.6842166666667,-41.0338,-42.2722,-49.8551666666667,-45.351,-45.216,-50.244
-30.25,-18.3744666666667,-30.2972,-29.1114,-43.37,-40.1874,-46.864,-43.885
-43.533,-21.03035,-29.7208,-26.9968,-36.584,-42.1696,-42.6576666666667,-37.912
-17.844,-21.8038833333333,-32.891,-35.94,-40.273,-43.0952,-46.2063333333333,-42.86
-19.904,-21.3075,-38.6332,-36.264,-45.1043333333333,-39.7708,-46.0106666666667,-27.631
-26.791,-23.3145,-35.6686,-34.9736,-39.1306666666667,-39.4616,-37.152,-35.102
-29.597,-3.16416666666667,-4.318878,-6.05576,-8.72893,-7.07734,-6.18196666666667,-8.7737
-15.057,-8.68954333333333,-22.7916,-25.5178,-15.5599666666667,-8.42616,-16.169,0.66408
-29.672,-13.8097833333333,-18.393,-21.1562,-13.4869166666667,-2.55898,-19.4163333333333,-5.1902
-30.866,-14.4365166666667,-22.3112,-24.3422,-8.87126666666667,-0.34101,-16.6093333333333,-3.3291
-23.313,-14.4320333333333,-21.692,-21.501,-16.146,-8.515712,-14.6212666666667,-9.9153
-14.922,-16.188,-21.32,-25.096,-16.191,-4.08002,-10.6073333333333,-12.612
-26.324,-13.03005,-22.1636,-22.728,-16.9753333333333,-15.579412,-21.9411,-7.1055
-29.493,-15.8541666666667,-26.845,-24.6518,-25.088,-13.43628,-10.2168333333333,-16.938
-33.264,-13.988,-28.1974,-32.6596,-29.6735,-20.3218,-13.6756666666667,-13.533
-23.213,-10.51301,-26.0092,-35.1778,-38.8745,-28.1384,-17.352,-12.12
-11.042,12.4756666666667,-11.31198,-20.4702,-19.7636666666667,-12.55212,-2.9136,-4.5562
-15.479,12.472,-9.23122,-15.54888,-18.6,-6.20824,1.56669333333333,-7.8024
-7.1119,10.8734666666667,-8.279108,-16.4342,-17.2903333333333,-9.0054908,-2.60197333333333,-15.433
-13.881,13.8005,-12.04828,-19.932,-20.6996666666667,-14.23256,-2.21058666666667,-12.975
-7.8216,15.8915,-12.4448,-18.77824,-16.2263333333333,-10.03704,-4.06709333333333,-9.1338
-4.0915,16.3655,-9.10452,-14.54954,-14.2955,-9.27706,-6.46593333333333,-5.7208
-1.1138,15.1314,-9.282312,-14.60724,-15.9293333333333,-10.62384,-3.62756666666667,-4.1686
-5.3959,15.746,-12.6106,-15.37774,-18.0745,-13.74114,-3.4864,-9.6105
-3.809,16.8978333333333,-10.137618,-14.467,-15.3226666666667,-7.49172,-1.12640133333333,-7.2429
-7.1339,15.9056666666667,-8.24936,-15.8964,-14.5603333333333,-8.72844,-1.67769666666667,-8.9978
-0.90926,15.6817333333333,-10.464812,-17.9918,-18.4235,-13.58014,-5.05140766666667,-9.371
-15.979,15.5961166666667,-12.438415,-14.78906,-16.4143333333333,-12.20788,-4.97846666666667,-14.536
-0.87848,15.929,-8.662364,-16.43018,-14.7573333333333,-8.14668,-0.514925,-14.731
-7.8598,15.1687333333333,-10.02334,-17.8822,-18.75,-11.81248,-5.3123,-12.301
-2.2262,15.1114,-14.18022,-17.9506,-23.1395,-14.10018,-12.4988333333333,-10.194
-4.8626,15.8678333333333,-10.033536,-18.4902,-20.0603333333333,-8.40556,-5.29386666666667,-14.616
-5.8121,14.9304333333333,-9.701254,-17.8364,-17.3976666666667,-7.68682,-9.36523333333333,-13.501
-1.8861,14.2372333333333,-14.32098,-17.7766,-21.6333333333333,-16.98124,-20.889,-15.246
-15.285,13.325,-15.52384,-19.3592,-22.0595,-27.7028,-33.517,-23.995
-2.349,14.50845,-14.11226,-19.1616,-19.6031666666667,-29.2002,-32.5296666666667,-33.489
-12.985,12.3891166666667,-13.7466,-19.4214,-21.4853333333333,-28.3462,-35.6643333333333,-35.663
1.536,12.8642833333333,-17.55072,-23.667,-26.0673333333333,-30.1318,-36.1326666666667,-36.07
-18.154,12.8536883333333,-16.3094,-20.5968,-22.1048333333333,-26.2646,-27.0173333333333,-31.171
1.3299,10.9854333333333,-17.86476,-24.431,-27.2355,-34.8646,-35.3913333333333,-33.826
-0.34124,6.95014833333333,-19.5564,-27.0498,-28.3886666666667,-30.869,-32.3253333333333,-36.346
-9.1846,0.457566666666667,-26.04,-29.5808,-34.0136666666667,-37.5116,-38.688,-31.811
-7.6702,-8.78821666666667,-33.6562,-38.4938,-46.4945,-45.8816,-50.4116666666667,-37.671
-14.867,-12.3855416666667,-38.9936,-42.1338,-43.5218333333333,-48.6616,-58.2456666666667,-40.204
-15.997,-18.5270166666667,-35.508,-42.8744,-43.0691666666667,-44.7752,-61.7,-46.939
-19.24,-18.6066166666667,-36.3356,-43.5152,-48.2203333333333,-44.6354,-48.786,-46.734
-37.325,-18.0784,-39.79,-44.7444,-43.4856666666667,-45.0034,-41.52,-47.11
-16.919,-18.9568333333333,-35.9442,-40.6646,-43.8945,-48.4752,-49.3743333333333,-45.54
-19.929,-22.4513333333333,-35.4542,-38.493,-45.5605,-49.4666,-48.291,-47.079
-39.713,-22.67335,-42.9354,-45.6944,-46.2806666666667,-46.1016,-48.3216666666667,-45.601
-19.348,-22.2691666666667,-40.9468,-36.7742,-39.6038333333333,-41.9786,-39.9066666666667,-34.351
-15.124,-3.114885,-7.807032,-5.94424,-6.7088,-15.5466,-7.93419,3.2422
-12.138,3.2851,-19.9348,-20.743,-15.3230333333333,-25.6266,-6.98253333333333,-5.541
-17.723,15.9231666666667,-6.8989,-13.02104,-8.67883333333333,-16.54692,-10.1507,-8.7554
-23.419,14.5816666666667,5.273978,-2.305656,2.44444466666667,-9.54118,-8.51003333333333,-12.433
-21.561,14.6502666666667,4.7274,-3.386506,5.05419333333333,-12.58414,-9.35563333333333,-20.25
-2.8957,9.87381666666667,9.17202,2.362382,1.83583666666667,-9.22462,-20.7906666666667,-10.971
1.9634,16.1659166666667,14.8866,6.92002,5.49896666666667,-10.68824,-23.13,-12.503
-6.1473,8.59443333333333,11.17148,-0.43944,1.27522016666667,-19.6916,-30.686,-21.686
-3.9675,13.009,12.00646,5.69054,-0.681885,-18.7774,-28.9763333333333,-24.41
2.2777,15.1,15.81178,8.28494,4.32646333333333,-18.2644,-29.841,-13.215
2.0951,8.25765,8.26553,-0.46412,1.938929,-22.0346,-28.605,-13.41
-11.261,14.9921666666667,11.43222,6.29628,4.14166333333333,-16.2254,-23.2523333333333,-13.905
-3.4583,14.9211666666667,9.615782,4.381136,5.88813333333333,-19.4664,-28.35,-9.8818
1.494,11.39715,2.1741,-1.115574,1.18821666666667,-17.3816,-28.0053333333333,-16.876
1.9077,16.7881666666667,5.19296,-2.19694,6.31462683333333,-14.37194,-26.932,-10.317
-12.884,-2.61451666666667,-11.50152,-17.8034,-4.229235,-15.32518,-14.7940333333333,-16.589
-21.34,-17.0391666666667,-32.9382,-25.2154,-19.1133333333333,-25.3414,-29.7853333333333,-26.083
-21.376,-21.4023333333333,-20.4558,-19.9378,-17.3255,-26.4458,-32.7506666666667,-30.778
-12.028,-16.886,-33.31,-22.6182,-22.3086666666667,-36.6726,-46.125,-38.316
-39.754,-16.3075,-37.2438,-32.2878,-35.2281666666667,-33.6266,-48.912,-39.787
-15.319,-20.3555833333333,-41.193,-32.3236,-35.2106666666667,-34.8306,-43.5243333333333,-45.5
-0.81592,8.85401666666667,-19.163,-23.7938,-19.748,-27.4656,-39.1553333333333,-35.364
4.8073,11.27075,-15.48438,-20.4262,-16.2633333333333,-19.2686,-35.1163333333333,-28.19
2.0741,7.84451666666667,-21.505,-23.9858,-20.9769166666667,-26.4188,-34.3653333333333,-40.351
-1.3962,11.0087233333333,-16.00458,-17.41174,-12.1868333333333,-18.1916,-27.9956666666667,-30.838
-31.397,12.1187983333333,-18.58158,-19.83376,-15.6131666666667,-20.6056,-28.8333333333333,-30.725
2.5865,8.94706666666667,-18.4362,-22.91876,-15.5383166666667,-25.0806,-32.9276666666667,-32.202
5.9353,13.5972666666667,-13.92986,-17.236,-12.4100666666667,-17.9646,-32.2106666666667,-31.27
1.8898,11.7451333333333,-23.16212,-17.39126,-20.0205,-23.5686,-32.362,-41.239
-4.1159,6.802985,-14.14266,-15.9088,-20.6225,-24.3992,-24.7256666666667,-29.363
5.809,18.187,2.85942,-15.515,-2.22316666666667,2.557564,2.28481666666667,-10.996
-17.024,10.1585,-0.44764,-22.3668,-14.08575,0.41232,-6.45036666666667,-7.7592
-18.441,-14.8816666666667,-22.8574,-18.8154,-18.1935,-22.5144,-25.35,-10.335
-17.453,-18.9071666666667,-21.209,-22.6882,-18.3658333333333,-17.3914,-27.6263333333333,-6.3959
-20.665,-21.0231666666667,-28.6314,-24.511,-31.3915,-31.5702,-27.0013333333333,-14.177
-26.322,-31.1663333333333,-36.8514,-38.8048,-41.036,-31.7018,-34.6783333333333,-24.053
-47.946,-33.198,-41.7632,-45.8482,-50.6578333333333,-42.662,-53.3303333333333,-37.321
-31.053,-23.5566666666667,-36.529,-40.0936,-46.7901666666667,-45.9876,-50.3623333333333,-52.082
-23.999,-27.4508333333333,-41.4286,-39.2916,-42.7273333333333,-44.8154,-48.8863333333333,-36.907
-30.269,-27.6645,-40.7478,-43.4154,-47.3241666666667,-41.6242,-42.846,-47.567
-20.911,-27.244,-38.1898,-40.8614,-42.5025,-41.2144,-55.4546666666667,-36.8
-27.825,-17.7148333333333,-17.0604,-13.4138,-17.8813333333333,-9.77202,-9.68393333333333,-8.6942
-16.903,-12.7742833333333,-23.0972,-22.3154,-19.9888333333333,-18.01706,-8.8376,5.0113
-19.684,-8.01319666666667,-17.5374,-27.8756,-19.3626666666667,-10.80168,-10.0713,-0.24746
-8.7042,16.08345,-9.826,-21.1122,-12.6988333333333,-1.63825,0.199376666666667,-4.1063
-5.2245,16.86535,-7.27724,-21.6676,-13.6690833333333,3.72732,3.7129,-1.9558
-8.0483,15.7618833333333,-7.40638,-23.9666,-15.4099833333333,3.24436,-1.99224633333333,-4.1467
-25.844,17.4061666666667,-8.22796,-25.4708,-16.6787,1.513176,-8.7507,-5.2522
-18.531,17.9473333333333,-10.76548,-27.7566,-16.3451666666667,1.24226,-4.53826666666667,0.11939
-31.619,18.25885,-9.80988,-20.4762,-18.2088333333333,1.4751,-2.21286666666667,3.1931
-17.557,18.11655,-9.75584,-24.9496,-15.33755,0.19135,-0.894816666666667,1.9268
-61.438,18.4422166666667,-9.69082,-21.1852,-11.6793,2.05886,-1.20944,1.6149
-8.0888,18.4644,-9.5927,-19.9664,-8.96855,4.81128,-3.47005666666667,-1.0432
-16.825,17.2194666666667,-12.12434,-23.7666,-7.10075,1.084256,-12.9734666666667,-10.507
-13.613,14.4922,-14.27294,-21.264,-12.95035,-19.311,-23.4836666666667,-21.717
-7.121,5.68003333333333,-23.2388,-32.3636,-28.3613333333333,-25.3242,-24.959,-23.692
-12.809,8.14693333333333,-27.1656,-29.0016,-30.3705,-25.8786,-28.2523333333333,-31.346
-8.3413,4.36995,-22.2782,-25.5496,-22.847,-25.0428,-20.193,-27.863
-25.479,-0.870683333333334,-27.668,-23.9062,-20.169,-24.577,-28.157,-27.441
-16.142,5.51543333333333,-24.1738,-18.8582,-17.315,-18.127,-20.2936666666667,-18.424
-33.837,13.5295666666667,-11.3756,-20.3308,-8.97975,-6.35574,-9.48773333333333,-30.992
-11.695,18.2160333333333,2.20742,-12.43334,3.31676666666667,-1.8294352,-0.20422,-11.397
-16.563,18.3035,4.26164,-14.3728,4.01488333333333,-3.50672,-0.299486666666667,-4.8486
-9.3624,16.9925,2.90256,-12.58198,2.42063333333333,-7.53882,-2.7775,-1.1842
-16.203,15.5718333333333,-4.3964,-12.46984,-2.33904166666667,-15.95772,-8.92296666666667,-2.5718
-22.228,13.439,-1.460934,-12.60224,-4.22796666666667,-19.9634,-16.6473333333333,-17.73
-16.654,12.34805,-5.29034,-12.54626,-8.54886333333333,-21.3652,-18.8573333333333,-17.361
-60.895,15.3989666666667,-5.76674,-15.47534,-8.429785,-26.3058,-28.3966666666667,-25.505
-15.55,16.3555166666667,-7.91518,-14.3204,-10.0797666666667,-24.6726,-27.787,-25.722
-16.076,16.2855166666667,-10.31298,-15.44258,-10.3341166666667,-24.5524,-29.2456666666667,-22.276
-14.382,16.0923166666667,-11.16528,-17.00778,-15.4376666666667,-27.7106,-28.183,-24.793
-16.995,15.5058833333333,-12.6212,-16.7298,-16.3777833333333,-25.6118,-32.8886666666667,-22.502
-27.536,14.8859,-12.340994,-20.928,-23.2281666666667,-29.0536,-35.025,-27.037
-27.172,13.3245266666667,-18.68882,-26.4316,-20.9476666666667,-36.18,-35.946,-32.161
-16.764,10.1420833333333,-17.5465,-34.665,-26.6921666666667,-36.9596,-37.8776666666667,-28.588
-20.794,3.68445,-25.775,-29.4518,-23.7966666666667,-28.397,-32.7106666666667,-23.95
-9.2094,-3.64875,-27.6092,-29.7438,-26.2328333333333,-27.2442,-21.9206666666667,-22.151
-19.317,-5.46281666666667,-18.8114,-20.947,-21.3731666666667,-20.0334,-23.3483333333333,-19.277
-25.907,-7.614305,-16.477,-21.4138,-21.1473333333333,-28.4162,-19.7656666666667,-25.498
-22.713,-10.0502333333333,-21.7026,-20.8598,-19.1756666666667,-21.1152,-20.0606666666667,-10.082
-12.936,-11.6686333333333,-18.2336,-20.4498,-20.3055,-21.1476,-18.006,-19.465
-27.519,-13.9033666666667,-18.4644,-19.5586,-16.0866666666667,-17.1382,-22.4823333333333,-16.09
-17.704,-9.99641666666667,-15.1992,-20.7168,-19.1766666666667,-25.4092,-14.351,-16.185
-19.309,-17.0680166666667,-18.3442,-20.08,-13.3538833333333,-13.81,-15.9976666666667,-13.738
-9.0289,-13.9962,-20.9568,-18.8728,-14.0486666666667,-16.7108,-17.8116666666667,-12.522
-9.9731,-19.7292333333333,-18.0888,-18.3784,-14.2051666666667,-15.8624,-13.7903333333333,-17.753
-35.059,-21.302,-18.9698,-22.1872,-18.9936666666667,-19.4284,-26.8826666666667,-22.837
-27.281,-21.7905,-23.97,-26.7258,-20.1176166666667,-22.2772,-18.6243333333333,-31.111
-17.25,-22.3676666666667,-24.1234,-22.298,-18.4442666666667,-19.7852,-14.6573333333333,-18.96
-26.053,-16.5888333333333,-20.3556,-32.4736,-18.9918,-12.86422,-9.86823333333333,-16.172
-15.048,-6.13651666666667,-23.1754,-28.6634,-19.1991666666667,-16.0814,-15.573,-17.852
-7.2087,14.4158833333333,-16.26118,-34.1808,-20.0891666666667,-6.398588,-4.8773,-4.8843
-4.3596,13.53035,-15.129834,-30.1286,-21.4928333333333,-4.52124,-1.32619,-5.1527
-6.6753,13.8934666666667,-13.40084,-27.1602,-22.8358333333333,-4.881386,-5.81734666666667,-7.0955
-6.263,16.1027,-10.71242,-19.4924,-21.4153333333333,-4.155412,-0.0313233333333334,-12.956
-3.8336,16.8379,-8.465204,-21.608,-19.005,-3.713596,3.25353333333333,-4.2057
-7.1008,14.86675,-11.093174,-25.3968,-21.2505,-3.789668,1.61704666666667,-7.4278
-2.1602,13.9606333333333,-17.216802,-26.0274,-26.1776666666667,-5.67156,-3.52953333333333,-22.121
-3.1258,16.06995,-13.26052,-20.6466,-23.1281666666667,-2.492338,-1.84406333333333,-9.2862
-3.2925,15.6261,-11.088724,-23.1692,-18.2601666666667,-1.9304,1.8161,-15.84
1.7142,13.887085,-14.99604,-22.067,-21.4403333333333,-5.599866,-5.95726666666667,-7.882
-13.448,15.9594166666667,-10.286992,-17.7202,-18.9033333333333,-2.870932,-5.69933333333333,-6.5406
-2.3949,13.720945,-13.41674,-20.0678,-18.958,-7.30844,-15.0876666666667,-4.6232
0.82531,7.96191666666667,-18.2598,-32.234,-23.5598333333333,-12.96028,-16.7676666666667,-8.8925
0.039349,10.7755666666667,-16.68212,-28.5056,-21.77155,-20.7668,-17.4896666666667,-11.905
-3.2715,2.26193333333333,-20.931,-24.89,-21.2581666666667,-19.6972,-24.0703333333333,-22.778
-8.1668,2.59268833333333,-28.4608,-31.4566,-25.953,-26.9676,-26.1873333333333,-20.611
-5.4748,-0.445085,-22.1734,-27.2328,-22.1085,-25.3152,-20.1943333333333,-11.247
-4.3634,-2.2327,-26.746,-23.4246,-20.4801666666667,-21.0358,-26.0783333333333,-20.914
-5.9926,-2.58768333333333,-19.1744,-21.8798,-20.023,-20.2028,-31.7,-25.783
-7.1419,1.52995,-26.0866,-19.7624,-22.4236666666667,-29.1598,-29.532,-17.976
-6.2347,4.68794,-22.274,-24.2634,-25.6923333333333,-32.3024,-29.653,-21.762
-15.48,11.4768833333333,-15.30164,-22.0614,-20.4081666666667,-24.9746,-24.309,-20.471
3.7752,14.8510333333333,-12.74452,-21.347,-20.2185,-30.038,-24.3003333333333,-22.559
4.5586,12.3425333333333,-13.2413,-19.3676,-21.0263333333333,-29.744,-33.0603333333333,-32.828
0.031574,16.66355,-14.38692,-15.17832,-14.3046666666667,-25.0172,-29.2933333333333,-29.389
-9.0427,15.7438166666667,-11.02007,-16.6454,-14.1896666666667,-20.8404,-23.8933333333333,-32.657
4.2155,14.7180833333333,-15.27158,-17.9412,-14.0904166666667,-27.4302,-29.5,-25.308
3.7848,16.9739833333333,-11.91925,-16.134,-11.5213333333333,-20.1654,-25.095,-28.155
-1.0389,14.050865,-12.068484,-18.0366,-13.20525,-18.24318,-23.7483333333333,-36.332
-12.514,14.6802,-11.159906,-13.70652,-7.83076666666667,-12.83062,-22.4986666666667,-18.902
1.8229,15.2324666666667,-9.21116,-19.256,-14.1568,-16.2398,-17.15,-34.317
3.6512,10.9743333333333,-12.3760052,-19.1868,-12.3148166666667,-21.6226,-22.8026666666667,-34.378
-2.5807,16.0638333333333,-13.714906,-18.5616,-6.57138333333333,-22.6354,-18.061,-34.349
-9.9522,14.5567,-10.43228,-20.2314,-6.55426666666667,-16.9416,-19.8146666666667,-21.209
-0.083438,16.2685333333333,-4.0224,-12.8878,-6.38662166666667,-16.1458,-15.4126666666667,-10.04
2.8621,17.76935,12.94428,-3.65518,6.23283333333333,-2.676628,-3.10393666666667,5.1016
-0.57686,16.5711666666667,10.389802,3.2294,6.23255,1.51696,-0.29818,-1.2427
-2.3573,15.9729166666667,18.2472,0.760528,8.72093333333333,-3.829214,0.547292,1.0957
-15.472,15.8955,15.968,7.24516,10.7155833333333,2.22464,4.74743666666667,-1.3832
-8.762,13.4968166666667,17.433,1.3215,7.79403333333333,-5.79744,1.02359666666667,-0.50005
-1.2349,15.41435,18.0452,9.2232,8.2423,-0.336554,4.16013333333333,-8.1171
-3.3196,12.9912166666667,15.5642,3.70182,4.81578333333333,-10.17602,-4.46015,-18.19
0.71089,15.5324333333333,18.546,10.65458,7.15295,-3.33716,3.38179,-13.959
1.2281,13.41185,12.9387,5.90968,2.25935666666667,-11.32142,-10.7884,-19.481
-0.22968,14.2390166666667,18.2148,9.1038,3.36851666666667,-9.51256,-5.1278,-16.211
-4.4299,13.2278833333333,13.39904,7.73474,1.52946666666667,-13.5092,-10.2293666666667,-14.841
-16.364,12.6179166666667,16.5342,5.22142,3.72337666666667,-12.9457,-9.14976666666667,-23.479
-3.4271,14.34055,16.01,6.71128,3.11329,-8.26982,-5.10046666666667,-16.436
-1.2211,13.1284883333333,11.83778,1.251782,2.67035,-12.0284,-12.8757666666667,-17.822
-0.75168,14.4101166666667,16.6276,3.318338,7.61345,-6.11816,1.01451333333333,-11.791
-5.0846,13.72315,8.569,-0.022212,0.0941,-1.8116834,2.59843666666667,-11.554
-21.138,13.69647,12.280222,-7.98834,3.8434,0.77846,3.3341,-12.811
-16.48,6.72122,-0.12578,-3.96986,-6.02981666666667,-10.44844,-3.88023333333333,-22.27
-20.239,-5.47270833333333,-17.97302,-20.7426,-35.516,-36.0154,-32.2223333333333,-44.664
-13.168,-8.1837,-26.58856,-32.195,-39.6085,-38.5378,-35.19,-44.071
-41.895,-13.2619,-35.9692,-38.3178,-38.75,-40.4344,-40.9483333333333,-31.526
-19.815,-14.2748,-34.9892,-36.2536,-41.2766666666667,-40.1548,-38.7863333333333,-42.152
-41.917,-17.0062,-37.0218,-38.7236,-40.6941666666667,-44.5858,-41.556,-37.028
-19.296,-20.3911666666667,-40.54,-41.8426,-44.8968333333333,-48.8518,-42.11,-44.99
-30.247,-24.9468333333333,-38.68,-38.2326,-38.8901666666667,-46.3252,-43.843,-38.893
-36.717,-23.3168333333333,-41.8362,-48.359,-42.3865,-50.1734,-48.963,-41.129
-41.389,-25.2921666666667,-38.3358,-38.7504,-40.3068333333333,-42.089,-44.1253333333333,-42.032
-28.128,-25.7241666666667,-36.713,-40.6724,-45.3545,-38.9392,-40.732,-38.945
-20.539,-20.0721666666667,-36.6282,-40.589,-42.4736666666667,-42.3224,-40.1396666666667,-45.471
-13.098,-6.94555,-21.4978,-33.8476,-35.2215,-39.0432,-39.2746666666667,-42.489
-23.459,18.3765333333333,10.29288,-11.98,-21.5378333333333,-22.6752,-19.16,-15.21
-3.0679,13.9341166666667,4.91662,-13.27888,-21.1013333333333,-16.07022,-16.1756666666667,-18.629
-33.71,19.5488333333333,8.3794,-15.4706,-23.6598333333333,-12.36426,-14.8944,-15.662
-10.716,16.39245,6.94346,-14.13558,-21.6091666666667,-14.48476,-14.2853333333333,-14.993
-6.6926,17.683,7.427476,-14.3344,-19.7451666666667,-16.57106,-15.2773333333333,-15.199
-27.341,15.9973333333333,5.19007,-16.857,-20.5835,-17.6472,-14.6872,-15.114
-9.2379,18.3146666666667,5.60292,-18.7324,-26.1031666666667,-18.8699,-13.9750666666667,-16.702
-0.44026,12.9481833333333,1.50914,-19.258,-24.4398333333333,-20.94,-21.248,-20.864
3.0343,19.0395,5.27186,-18.7606,-24.968,-20.7558,-13.5083333333333,-18.789
3.3553,13.7795166666667,-0.65566,-22.311,-30.3283333333333,-25.099,-16.415,-32.145
-1.2882,18.2843333333333,5.08626,-17.8562,-29.3818333333333,-20.2088,-13.2416666666667,-20.452
-12.907,17.9663333333333,2.0182,-21.6358,-28.1618333333333,-28.4854,-14.1403333333333,-23.102
-4.2585,14.7376666666667,0.20596,-17.984,-28.3141666666667,-24.4078,-15.2761333333333,-23.263
3.4179,19.7398333333333,6.3403,-22.2808,-24.0571666666667,-20.3842,-14.0536666666667,-12.109
2.6224,15.6095,-1.0968124,-22.451,-30.5953333333333,-32.4988,-19.052,-15.504
-9.8296,17.6345,4.51902,-14.84776,-23.8535,-22.054,-13.0258333333333,-7.9707
-9.2133,18.3403166666667,1.891794,-19.3404,-30.3006666666667,-27.307,-11.8640666666667,-8.6224
1.7922,13.0847666666667,-8.04152,-20.561,-29.3841666666667,-29.6122,-20.9996666666667,-18.091
3.5481,13.9183466666667,-13.52694,-18.8526,-24.6648333333333,-26.4686,-22.9656666666667,-30.964
-10.104,9.02715,-27.8514,-29.4386,-38.6056666666667,-43.0286,-42.4803333333333,-32.089
-3.3926,2.97196666666667,-25.5912,-31.7268,-39.39,-40.3626,-42.3963333333333,-47.377
-12.247,-7.19754166666667,-31.303,-41.8362,-40.3458333333333,-40.6334,-42.667,-50.695
-26.778,-14.2276833333333,-37.7712,-39.1304,-47.5953333333333,-42.1512,-46.5636666666667,-43.974
-19.26,-11.7372,-39.2606,-41.9666,-46.8878333333333,-40.7498,-43.8393333333333,-44.085
-18.243,-16.4201683333333,-40.8572,-43.2062,-46.2036666666667,-41.2346,-43.9786666666667,-37.059
-13.408,-12.7484833333333,-18.971,-21.8532,-20.7793333333333,-22.4072,-22.2026666666667,-21.23
-16.032,-2.34441833333333,-10.58166,-14.3668,-11.8221333333333,-14.0332,-13.687,-16.005
-11.93,-11.75945,-18.8106,-23.4162,-11.8093666666667,-24.5092,-19.884,-20.708
-18.871,-11.7662833333333,-20.1582,-25.6642,-12.5395,-24.6332,-18.2693333333333,-21.984
-43.839,-21.8023333333333,-30.5678,-29.6898,-18.2513333333333,-27.1738,-21.4646666666667,-19.115
-28.099,-17.9818333333333,-26.9126,-30.6102,-27.3158333333333,-26.5278,-22.1856666666667,-14.298
-20.629,-14.403,-20.835,-26.2294,-21.1433333333333,-22.2692,-19.0886666666667,-18.529
-27.767,-11.98475,-12.08482,-20.9922,-18.7476666666667,-19.6662,-16.9626666666667,-15.939
-21.724,-11.5783,-18.8686,-30.7224,-11.8654166666667,-19.4688,-18.5046666666667,-18.48
-38.363,-14.597,-23.8896,-26.679,-11.1818166666667,-16.97608,-14.4606666666667,-15.131
-19.066,-21.7333333333333,-24.4448,-27.3488,-21.2743333333333,-13.75278,-15.847,-15.179
-22.575,-15.5426666666667,-26.2684,-27.6616,-19.8008333333333,-24.3164,-26.2696666666667,-25.974
-34.172,-20.793,-28.484,-22.2012,-17.07,-23.8396,-22.1396666666667,-24.704
-26.699,-15.18405,-27.6956,-30.5398,-36.0565,-24.5556,-23.9803333333333,-24.267
-15.881,-10.284685,-22.1756,-26.5614,-17.8418333333333,-25.5162,-30.0383333333333,-32.231
-18.028,-14.4788266666667,-27.748,-25.6208,-18.4495,-22.0882,-22.8356666666667,-26.054
-10.749,16.1958333333333,-5.12848,-20.438,-2.82601666666667,-1.82494,-3.99737733333333,-37.511
2.3034,14.1095,-5.669996,-16.9696,-6.07741666666667,1.98752,0.727613333333333,-10.73
1.7077,17.8351666666667,-2.03828,-15.01868,-7.07894,9.77598,7.04653333333333,-5.2485
-2.39,16.0963166666667,-10.35822,-15.184,-15.4533,4.984718,3.5377,-8.1951
0.96922,10.24645,-12.14438,-19.7958,-16.94765,-4.29698,-2.9044,-12.98
3.9917,13.8704166666667,-10.03982,-11.87836,-10.5011166666667,-1.6948308,1.9921,-14.349
-14.816,13.9808833333333,-13.14234,-17.40916,-12.9447166666667,-5.614458,-2.21330766666667,-14.467
4.1184,8.05730666666667,-16.637,-20.806,-19.0778333333333,-19.6888,-17.035,-27.564
-1.9613,9.83827666666667,-11.80956,-15.6124,-12.7881666666667,-16.4368,-30.5923333333333,-30.812
2.4887,11.0430133333333,-12.96066,-15.01848,-12.3112166666667,-14.8388,-32.012,-39.796
-7.3862,9.05710333333333,-16.14362,-19.1422,-16.8635,-17.8088,-38.7913333333333,-36.037
2.9464,6.17346,-22.5986,-21.6272,-23.0136666666667,-26.091,-43.7493333333333,-43.893
2.4526,2.71210333333333,-20.9148,-24.4222,-25.6358333333333,-36.8272,-43.2506666666667,-38.089
-2.1163,3.39884166666667,-27.446,-28.0786,-29.8615,-29.5548,-37.7416666666667,-43.145
-2.7514,0.210586666666667,-20.1646,-30.9212,-28.4086666666667,-30.8894,-40.8676666666667,-43.912
-4.2423,-5.82968833333333,-29.9166,-28.1784,-26.3751666666667,-37.705,-37.893,-32.897
-28.31,-2.14718333333333,-26.507,-28.3524,-12.1501966666667,-29.3284,-33.9473333333333,-34.981
-17.14,5.15555,-22.4894,-25.728,-11.85,-25.2696,-35.733,-48.657
-25.963,-6.65915833333333,-35.5058,-38.321,-29.9855,-33.685,-45.8303333333333,-39.789
-23.084,-4.73857216666667,-32.615,-38.6828,-27.0718333333333,-37.0026,-46.5313333333333,-42.677
-9.4844,-4.40141666666667,-34.2002,-40.3548,-15.4101,-33.2918,-42.148,-37.856
-23.261,5.19412666666667,-19.2476,-28.7606,-8.97973333333333,-25.2712,-34.0513333333333,-36.905
-6.4925,4.899025,-14.48488,-21.4342,-11.1116,-31.8268,-30.7563333333333,-29.717
-4.0596,2.89128333333333,-19.0006,-19.7874,-13.07045,-23.4086,-28.847,-26.444
-5.6417,6.3257,-26.9526,-31.3752,-13.7902,-30.8478,-37.473,-38.039
-12.039,8.99621666666667,-16.84402,-20.4396,-6.83248333333333,-24.8018,-36.9733333333333,-32.292
-6.6822,4.40206666666667,-14.0132,-22.712,-10.4998166666667,-14.869,-31.584,-35.337
-5.043,15.29055,-3.25656,-9.35868,3.04527333333333,-7.84916,-18.8933333333333,-25.969
-13.634,4.79358333333333,-18.6604,-23.0658,-13.8455333333333,-26.6834,-28.551,-36.829
-7.8053,4.18678666666667,-18.1143,-22.1416,-16.6551666666667,-17.59568,-25.879,-43.594
-4.9418,3.97240333333333,-24.4604,-28.2858,-24.9446666666667,-25.4268,-32.902,-34.774
-11.016,3.49043333333333,-19.59808,-24.5332,-16.0041666666667,-17.733,-16.7433333333333,-30.635
-10.157,1.84936666666667,-29.0042,-29.9978,-27.7243333333333,-26.4624,-33.7463333333333,-38.501
-5.3424,8.85728333333333,-18.3508,-29.9676,-25.1873333333333,-23.6362,-18.861,-42.921
-11.12,-3.65023666666667,-29.3992,-32.2748,-30.9875,-36.6228,-26.8576666666667,-40.213
-5.5456,1.86071666666667,-27.4614,-38.2324,-33.8516666666667,-38.629,-27.62,-32.542
-6.7107,0.421068333333333,-26.449,-35.7854,-36.0285,-36.6644,-26.0453333333333,-41.46
-12.364,-10.71997575,-37.9258,-44.3258,-37.592,-40.9756,-36.1416666666667,-23.955
-19.635,-15.3808,-34.67,-37.1258,-39.7961666666667,-38.2024,-42.8756666666667,-37.291
-23.641,-18.2254833333333,-36.354,-46.2172,-37.5955,-36.817,-30.3813333333333,-28.633
-24.028,-23.1875,-27.5716,-33.4694,-34.1888333333333,-37.5704,-36.8083333333333,-28.36
-27.695,-22.0301666666667,-42.4532,-33.7636,-33.8628333333333,-30.3938,-43.0386666666667,-26.069
-20.233,-17.5327333333333,-30.1722,-37.0714,-34.7495,-32.8146,-36.1163333333333,-23.242
-21.482,-24.2048333333333,-30.214,-35.817,-34.3996666666667,-29.69,-33.3283333333333,-25.572
-29.691,-26.1523333333333,-30.0688,-37.9994,-33.0646666666667,-33.3524,-29.339,-31.536
-35.008,-22.5341666666667,-29.7256,-31.084,-32.7573333333333,-31.7908,-30.9073333333333,-27.144
-29.751,-23.1456666666667,-27.4528,-32.6578,-30.435,-25.986,-27.1923333333333,-36.378
-16.564,-25.108,-29.6186,-32.0542,-31.2401666666667,-33.3522,-30.0053333333333,-28.176
-16.495,-22.1586666666667,-32.6134,-31.136,-34.9006666666667,-28.3146,-30.4366666666667,-21.173
-50.883,-25.708,-30.019,-33.0386,-32.1823333333333,-34.278,-31.8773333333333,-26.989
-24.311,-26.1291666666667,-30.5208,-40.2554,-35.0626666666667,-30.6284,-36.101,-40.943
-38.451,-24.7856666666667,-34.3902,-30.7874,-35.6688333333333,-35.186,-29.9523333333333,-31.402
-28.088,-22.4806666666667,-31.1202,-30.3528,-36.3951666666667,-32.131,-39.5696666666667,-25.157
-46.755,-27.4001666666667,-34.855,-32.3076,-31.864,-33.9978,-34.7603333333333,-32.837
-30.795,-26.1683333333333,-30.721,-32.8074,-28.8215,-33.9122,-38.321,-36.823
-25.306,-21.6126666666667,-33.8942,-30.0738,-35.6253333333333,-39.371,-39.4036666666667,-30.009
-19.999,-19.1916666666667,-22.7628,-22.9564,-24.6353333333333,-30.543,-33.8836666666667,-30.205
-5.0715,14.7691333333333,-14.7128,-31.4626,-26.3115,-11.03298,-10.2078666666667,-34.088
1.0524,15.81375,-13.6419,-20.3476,-16.75685,-4.75882,-11.9705333333333,-21.119
-16.143,15.56235,-4.555952,-17.5032,-11.0992833333333,-5.652016,-7.43786666666667,-13.005
2.5351,17.488,-2.41692,-18.6542,-10.5201166666667,-8.43178,-9.482,-12.264
-5.2458,10.473565,-4.89139,-23.8998,-12.9494,-18.3956,-11.888,-17.021
6.4911,7.93403333333333,-15.0303,-25.6348,-21.1285,-25.7448,-26.0733333333333,-23.934
0.77213,4.512195,-11.22456,-21.1476,-17.661,-24.0554,-19.0196666666667,-32.107
-4.7629,4.91865,-10.5016,-19.5638,-18.5821666666667,-30.967,-29.3376666666667,-26.944
6.0743,6.27217333333333,-8.89762,-17.846,-12.8397333333333,-33.3076,-26.0206666666667,-28.228
4.0476,8.31395,-14.97742,-25.4356,-14.777,-27.863,-34.6966666666667,-28.805
4.5975,8.9797,-25.222,-29.6438,-16.9566666666667,-31.2516,-36.0503333333333,-37.55
0.72189,7.32563333333333,-16.1882,-26.5116,-15.0645,-23.8418,-31.868,-31.466
3.2603,9.97916666666667,-15.16116,-22.015,-10.16545,-18.773,-27.328,-22.616
-3.2061,1.46128333333333,-22.0362,-26.8198,-25.8203333333333,-28.105,-30.3936666666667,-39.95
-1.7986,7.1682,-24.0852,-28.8644,-11.6353666666667,-27.7244,-21.194,-25.618
4.8561,3.21663666666667,-25.4072,-26.0542,-14.1867666666667,-34.917,-28.9653333333333,-27.632
1.9237,4.80305,-22.9522,-32.9406,-23.2615,-31.2586,-31.863,-43.577
-5.0417,-4.03086666666667,-27.9668,-31.5368,-29.2583333333333,-35.9498,-34.7626666666667,-34.886
-16.849,5.35551666666667,-22.307,-25.9298,-24.9568333333333,-36.4426,-33.7453333333333,-33.311
1.1499,4.93895,-23.5046,-25.1936,-19.4153333333333,-23.4164,-18.8303333333333,-24.721
2.6977,6.8569,-22.0068,-25.7398,-23.1053333333333,-31.0252,-36.8013333333333,-36.001
-18.26,10.1445166666667,-25.29692,-27.889,-24.5106666666667,-31.1966,-35.1396666666667,-42.932
-28.855,6.88056666666667,-22.2434,-35.028,-23.824,-35.158,-37.6543333333333,-35.888
-20.491,0.458793333333333,-23.9062,-28.8272,-34.443,-33.922,-33.2093333333333,-37.461
-17.562,0.731743333333333,-22.7868,-26.675,-27.36,-31.1378,-30.9983333333333,-40.767
-10.2,1.35020833333333,-31.9442,-39.7004,-39.863,-41.3692,-41.4593333333333,-31.221
-17.502,-8.4494,-30.2402,-36.4188,-34.1406666666667,-38.6312,-38.2443333333333,-37.481
-30.805,-18.5574416666667,-33.6666,-39.7904,-38.043,-41.4028,-40.2456666666667,-34.953
-43.686,-11.65465,-30.3614,-33.3016,-33.1478333333333,-39.2754,-29.898,-33.559
-32.366,-18.1366666666667,-36.0154,-34.173,-33.321,-34.3612,-28.9246666666667,-24.73
-23.214,-18.7761166666667,-32.1118,-32.4212,-31.8525,-45.2686,-38.2383333333333,-22.142
-24.642,-22.6277333333333,-30.3648,-33.9082,-33.958,-41.2832,-33.236,-27.25
-59.105,-23.6096666666667,-30.5596,-26.71,-25.2751666666667,-27.871,-21.8986666666667,-18.043
-18.654,-21.0443333333333,-35.3454,-34.4072,-29.6858333333333,-33.9588,-31.7826666666667,-22.589
-46.662,-17.7251666666667,-24.6942,-32.4308,-25.6141666666667,-32.781,-26.0786666666667,-16.563
-17.312,-20.656,-30.9352,-27.864,-28.287,-25.1634,-20.8383333333333,-22.082
-18.437,-21.1586666666667,-25.6922,-28.0956,-26.9535,-27.078,-32.2266666666667,-14.708
-22.833,-24.5958333333333,-29.9604,-37.2796,-29.1436666666667,-28.8898,-26.424,-19.929
-12.656,-22.5073333333333,-30.3064,-30.6846,-26.9306666666667,-29.6932,-26.214,-24.02
-16.092,-25.7953333333333,-28.309,-39.5946,-35.506,-35.0108,-23.225,-21.71
-29.511,17.2926666666667,-4.99666,-14.81118,-7.88056666666667,0.748922,-2.81213333333333,-0.13293
-23.099,17.7288333333333,-4.62294,-14.63792,-8.09683333333333,1.95868,-1.1889,-1.4516
-24.853,18.2858333333333,-4.58454,-16.36268,-7.19061666666667,2.91282,0.318733333333333,0.23451
-26.462,18.6321666666667,-4.003212,-11.63526,-7.4087,2.91104,-0.841077066666667,-1.0074
-41.294,18.2781666666667,-3.420222,-11.9344,-7.6676,4.21176,-1.77302,-2.45
-29.679,17.8956666666667,-2.529006,-13.06684,-9.11197666666667,6.812232,-5.7574,-3.4802
-29.664,17.5335,-2.76344,-12.91382,-9.09345,5.02818,-2.26769,4.9621
-20.4,15.62385,-4.89072,-13.079,-8.23216666666667,-4.86222,-2.6288,-4.9192
-39.743,16.9543333333333,-4.666,-12.41034,-10.438157,-14.66456,-6.70256666666667,-13.085
-16.351,15.3108333333333,-2.097342,-14.32876,-6.12563333333333,-12.65376,-6.56888,-11.691
-20.704,16.27,2.21516,-9.15498,-1.02872666666667,-7.833818,-2.67636666666667,4.4993
-14.034,17.862,6.24006,-4.5631,2.25238333333333,-4.278692,2.16218,5.4301
-11.906,18.8951666666667,8.8817,-4.7999,4.59375,-5.45832,1.72546666666667,-0.25386
-16.98,19.1096666666667,9.345286,-7.22062,2.19008333333333,-8.41256,-0.0695233333333334,-0.77165
-8.0573,18.543,6.81994,-7.47254,2.754253,-10.92288,-4.80353333333333,-1.5522
-10.227,16.9228333333333,3.21314,-9.29548,-2.50175333333333,-7.70924,-2.09996666666667,-9.1674
-10.949,15.57005,-0.25074,-10.417,-1.7011,-10.49854,-10.6447666666667,-4.5038
-15.322,12.9800833333333,-3.55926,-16.4648,-10.99635,-14.29798,-5.63463333333333,-16.917
-24.615,8.26476666666667,-8.82612,-21.5522,-17.0525166666667,-16.3088,-23.9563333333333,-11.173
-24.375,1.66528333333333,-17.0326,-24.2488,-13.0056833333333,-17.286,-16.7336666666667,-17.977
-14.839,-5.46056666666667,-19.9976,-19.2548,-13.978,-17.6324,-25.7313333333333,-13.706
-18.588,-5.08416666666667,-19.2776,-21.7894,-19.5518333333333,-22.6112,-17.574,-10.307
-19.881,-7.8779,-16.5562,-20.6044,-20.0213333333333,-22.2798,-17.6876666666667,-28.443
-34.086,-11.23285,-17.7014,-18.8724,-20.1706666666667,-17.9984,-23.6276666666667,-9.1741
-15.439,-18.0866666666667,-17.578,-20.616,-21.4961666666667,-21.0956,-13.336,-7.4243
-40.045,-18.31,-20.9968,-21.7462,-15.8935166666667,-22.111,-19.735,-19.278
-24.076,-18.83,-22.7332,-15.258,-19.8762333333333,-21.1938,-21.8903333333333,-12.027
-30.686,-13.3871833333333,-20.019,-20.3496,-18.547,-20.1614,-21.2706666666667,-18.869
-73.067,-16.2366666666667,-16.4698,-29.1776,-13.6315,-14.7606,-16.3193333333333,-5.9063
-25.777,-16.0323333333333,-20.9316,-18.6166,-15.2916666666667,-15.3668,-23.6303333333333,-20.366
-37.685,-20.6606666666667,-26.9566,-22.0686,-21.5443333333333,-14.2054,-17.6626666666667,-16.369
-22.083,-17.932,-16.612,-24.935,-18.3673333333333,-17.0326,-22.2356666666667,-18.542
-22.879,-19.8681666666667,-19.5546,-19.7746,-15.7387,-17.29478,-22.501,-11.423
-22.307,-17.1903333333333,-19.5452,-19.3026,-15.5928666666667,-15.4312,-29.496,-8.4893
-17.75,-3.36456333333333,-21.049,-26.8336,-17.1395833333333,-14.11962,-15.3996666666667,-8.9235
-27.714,9.26168333333333,-21.7538,-33.1356,-18.8994166666667,-13.90208,-22.8073333333333,-8.7511
-21.273,16.3644333333333,-13.689004,-24.8658,-15.2514166666667,-4.289274,-5.36376666666667,-1.1711
-13.274,17.5017833333333,-10.17602,-23.9784,-13.2875666666667,2.27498,-2.25657333333333,-1.3263
-18.025,16.66475,-10.50606,-26.8492,-12.3505333333333,4.276018,2.90380996666667,-2.9951
-29.445,16.29665,-9.84258,-24.0348,-12.6056,3.87802,4.20333333333333,-0.91298
-7.3998,15.99565,-13.362774,-25.641,-12.3641833333333,1.59534,0.896766666666667,-2.4966
-8.5172,14.2002166666667,-14.18408,-29.3368,-13.5352833333333,0.15224,-1.18079333333333,-7.1592
-16.349,16.1056666666667,-17.3218,-25.6842,-17.9959666666667,-4.095466,-1.85948333333333,-4.8595
-8.6682,17.9759666666667,-10.2199,-16.1066,-17.4343333333333,0.038242,-4.11276,-3.1283
-4.2073,18.5743833333333,-10.26774,-18.065,-12.8927666666667,0.557472,-1.32152,0.28922
-14.443,16.9855333333333,-13.59498,-28.2778,-13.2449166666667,-6.4739,-9.6173,-13.39
-0.31957,11.7537433333333,-19.3577,-22.6546,-14.80485,-14.63754,-14.068,-8.1462
-74.927,12.10835,-14.71392,-19.8048,-19.7991333333333,-18.05144,-15.8936666666667,-7.3575
1.0784,11.4800166666667,-19.1588,-24.4696,-17.784,-23.4896,-19.7616666666667,-16.724
-2.1024,5.2476,-21.477,-24.7924,-19.351,-26.7612,-28.4786666666667,-12.34
-11.024,0.50395,-24.453,-22.8298,-23.367,-27.1186,-25.3113333333333,-16.959
-9.7754,-9.39798333333333,-18.3334,-24.5564,-16.8983333333333,-23.571,-22.9386666666667,-21.772
-9.342,-8.79455,-24.6314,-14.1052,-16.683,-17.5644,-20.6266666666667,-7.2151
-12.846,-10.609415,-13.7924,-23.848,-16.8463333333333,-19.1332,-21.9263333333333,-24.015
-30.214,-9.838315,-16.9314,-15.8866,-12.9078666666667,-16.9588,-27.2783333333333,-11.229
-39.023,-14.3380666666667,-22.5492,-22.6428,-20.7391666666667,-19.7688,-30.346,-11.106
-20.787,-11.0179833333333,-18.2308,-22.0736,-16.2401666666667,-18.453,-24.4406666666667,-13.674
-29.797,-19.4775,-21.5514,-14.4182,-17.6868333333333,-19.9494,-21.4033333333333,-14.323
-36.96,-25.3878333333333,-22.6596,-20.7486,-20.5513333333333,-17.8104,-23.0333333333333,-18.318
-28.365,-21.8103333333333,-22.7784,-21.416,-18.0883333333333,-23.303,-26.0476666666667,-21.586
-26.591,-21.4698333333333,-20.9056,-19.2594,-20.8403333333333,-22.8136,-20.922,-21.481
-34.771,-19.1126666666667,-16.468,-16.0902,-18.6033333333333,-24.2574,-18.205,-16.099
-34.689,-20.4081666666667,-24.9022,-20.0456,-13.2463833333333,-28.0832,-20.6663333333333,-20.795
-21.731,-19.275,-19.9048,-19.675,-19.9376666666667,-17.0838,-19.847,-9.8965
-23.032,-19.9686666666667,-15.7826,-21.4198,-14.7278833333333,-16.32836,-22.5953333333333,-15.715
-16.953,-17.0995,-13.1468,-16.2824,-17.43815,-16.4076,-20.6123333333333,-9.4052
-33.36,-21.751,-20.656,-20.7232,-17.3925,-14.45434,-23.4343333333333,-10.689
-19.981,-0.0222950000000003,-6.29472,-18.616,-14.0221833333333,-11.24614,-13.5617333333333,-3.5863
-22.443,14.8673,-8.20936,-19.1978,-13.1997166666667,-15.18322,-14.9923333333333,-10.317
-7.4907,16.5696166666667,-5.6733,-19.1112,-4.62256333333333,-1.596414,-2.9606,-2.8098
-17.779,17.2723333333333,-5.22666,-21.5624,-6.28901666666667,3.61922,-2.7971,-17.084
-25.236,15.7738833333333,-7.02422,-22.1176,-10.3636333333333,4.695262,-0.628066666666667,-8.1277
-35.848,6.23096666666667,-21.206,-23.346,-28.8735,-8.399,-7.9991,-20.93
-32.78,-1.0789,-26.6216,-31.5344,-33.0216666666667,-31.9714,-29.0416666666667,-36.688
-22.115,-9.94546666666667,-32.8748,-39.5028,-41.0281666666667,-31.8978,-37.2503333333333,-35.802
-31.976,-8.4566825,-34.402,-43.2344,-44.0623333333333,-46.2494,-48.568,-37.631
-37.229,-12.77015,-32.5796,-43.257,-46.7725,-44.6606,-39.977,-38.439
-35.329,-20.2949666666667,-37.3756,-39.2272,-43.0566666666667,-48.8746,-44.9193333333333,-46.453
-32.625,-20.1108333333333,-37.4744,-46.4684,-39.2576666666667,-41.8024,-48.767,-39.89
-23.45,-3.70078333333333,-9.26836,-14.67484,0.112233333333333,1.41008,-10.5883666666667,-13.672
-25.598,-13.2188666666667,-19.8746,-20.1262,-14.9870333333333,-8.64392,-15.8548333333333,4.3941
-8.9443,17.0779,-7.7731,-13.0097,-10.1760333333333,2.78799,-3.5647,-12.033
2.4316,16.3409833333333,-12.603122,-15.84504,-13.7068833333333,0.355148,-7.5443,-25.728
-1.6594,16.6708833333333,-10.51457,-13.99358,-9.92118333333333,2.63624,-2.67967333333333,-15.371
-12.921,15.3200833333333,-8.58678,-12.59858,-9.34666666666667,1.450586,-1.57171666666667,-11.678
-1.567,15.1985,-15.818086,-17.3348,-15.4692333333333,-0.6225,-5.47453333333333,-21.33
0.35261,16.52265,-9.95816,-14.16048,-8.28153333333333,2.05292,2.26223333333333,-14.296
-32.598,-19.0555,-22.495,-30.8132,-22.6471666666667,-26.0254,-30.0123333333333,-14.794
-12.933,-19.2636666666667,-27.915,-23.6326,-25.6341666666667,-25.6004,-30.8503333333333,-16.667
-15.311,-23.3703333333333,-22.6004,-28.6278,-22.1186666666667,-27.218,-24.8773333333333,-15.798
-37.327,-17.0336666666667,-26.9854,-25.6992,-21.1235,-24.2496,-25.1996666666667,-28.254
-21.338,-20.7858333333333,-33.121,-20.1116,-22.981,-28.9864,-23.9766666666667,-21.755
-30.188,-22.5565,-28.9,-25.5528,-25.2066666666667,-30.8242,-23.446,-22.363
-21.459,-20.3635,-22.7228,-25.8002,-25.73,-24.0912,-18.9296666666667,-11.441
-19.213,-20.3003333333333,-28.0622,-21.5572,-24.0458333333333,-17.86198,-22.426,-20.011
-65.301,-4.66533333333333,-23.1034,-18.6848,-25.773,-26.3786,-28.7303333333333,-20.124
-24.522,-11.6013,-31.658,-34.4288,-39.3123333333333,-39.4928,-43.867,-35.114
-50.109,-8.25554,-19.5573,-29.207,-44.5586666666667,-38.9278,-40.012,-30.527
-23.443,-7.81413166666667,-10.9163,-25.8508,-36.0803333333333,-26.9514,-37.2766666666667,-29.347
-23.403,-3.45701666666667,-11.57852,-34.3204,-39.1215,-23.7688,-33.4726666666667,-27.503
-32.909,-2.85235,-11.03706,-40.4474,-45.4981666666667,-29.2054,-43.7523333333333,-35.758
-35.413,-15.7241166666667,-23.92,-43.7278,-42.684,-49.4392,-49.1386666666667,-39.78
-22.764,-21.9566666666667,-43.0028,-47.5592,-50.7858333333333,-45.3268,-52.4173333333333,-53.089
-13.393,7.80841666666667,-0.139328,-21.183,-23.5225,-26.4456,-34.519,-28.875
-10.997,-3.62021833333333,-14.96316,-35.442,-38.5186666666667,-43.6756,-46.0526666666667,-40.894
-16.048,2.84778333333333,-4.6702,-19.4904,-23.1721666666667,-24.6192,-27.456,-24.063
-9.2976,12.99145,9.2407,-7.6624,-15.2388333333333,-23.0788,-30.7186666666667,-26.594
-18.826,13.4958333333333,3.55986,-12.20256,-13.6349166666667,-31.23,-33.8206666666667,-20.819
-32.996,15.8425,8.3787,-11.2174,-17.39735,-29.8868,-31.7613333333333,-28.197
-16.006,16.8458333333333,9.96248,-8.4640894,-12.8069333333333,-21.7154,-23.3863333333333,-31.837
-9.419,17.5233333333333,10.41676,-6.43246,-11.7893,-22.2766,-23.996,-21.517
-10.08,16.6958333333333,8.44074,-4.485836,-11.5861,-36.2068,-37.7613333333333,-30.635
-2.9048,16.634,2.26302,-5.03154,-12.45645,-33.377,-36.5013333333333,-29.892
-3.0865,19.4491666666667,3.823244,2.00484,-7.51960666666667,-24.71,-24.8733333333333,-21.762
-8.5352,19.565,3.167638,1.72364,-1.81766666666667,-23.156,-26.6266666666667,-21.028
-6.1731,17.0208333333333,-1.39534,0.6834,-3.40822666666667,-22.9282,-37.8116666666667,-25.752
-7.188,18.7258333333333,-5.37452,-5.0786132,3.9417,-22.5094,-29.8353333333333,-23.103
-7.1817,19.3651666666667,-3.41694,-8.02218,5.97828333333333,-16.1034,-24.821,-31.341
-18.966,6.63395,-14.9952,-24.0906,-10.3459,-26.9946,-30.463,-32.455
-8.4659,0.459233333333333,-23.15994,-29.0436,-26.5165,-36.5928,-40.627,-50.904
-9.1775,-1.9345065,-25.793,-35.6984,-28.031,-38.5732,-48.463,-63.789
-31.57,-7.22943333333333,-15.4882,-18.4224,-15.5243333333333,-14.6978,-16.595,-30.793
-15.092,-3.9763,-25.20112,-25.554,-17.9868,-7.34002,-14.6823333333333,-28.027
-8.4685,16.1186666666667,-7.31988,-13.48226,2.89706333333333,-0.98352,-13.1441666666667,-16.052
-19.035,17.0113333333333,-3.34054,-10.19196,4.670645,-2.074112,-16.8196666666667,-26.467
-3.0323,16.3636666666667,-9.6107,-10.49728,3.41631666666667,-10.69694,-16.2256666666667,-22.904
-10.152,18.365,-5.79346,-16.15634,5.90686666666667,-3.7527,-23.2566666666667,-16.733
-7.1508,17.5538333333333,-3.18076,-8.224938,7.18533333333333,-2.22098,-16.0806666666667,-19.207
-2.3452,14.6925833333333,-10.2851,-11.59276,-1.81011666666667,-7.09108,-23.551,-23.948
-13.661,16.7898333333333,-10.19734,-12.52976,4.7606,-4.3421,-18.6626666666667,-20.73
-9.2859,13.5256666666667,-7.9492,-11.60562,1.467065,-6.697914,-19.578,-35.449
-4.84,5.50307333333333,-23.38268,-28.4896,-8.8656,-20.001,-27.265,-44.102
-4.5682,-0.637166666666667,-19.3553,-31.273,-30.6868333333333,-35.9046,-33.8853333333333,-43.56
-5.384,-3.60415,-27.1546,-38.7676,-30.9168333333333,-45.1346,-40.3906666666667,-48.38
-10.005,-3.13455333333333,-26.8542,-40.8856,-44.0633333333333,-44.029,-48.1686666666667,-52.229
-24.283,-14.2574,-40.7688,-45.7292,-49.2163333333333,-48.2418,-55.7066666666667,-51.785
-23.483,-18.4050833333333,-40.9996,-48.045,-52.2563333333333,-43.7032,-46.3783333333333,-49.597
-25.938,-19.9145,-43.3154,-48.0748,-46.042,-47.022,-45.3083333333333,-49.575
-24.064,-22.5426666666667,-41.8636,-38.369,-47.6318333333333,-46.883,-41.5673333333333,-58.11
-19.874,-28.1411666666667,-44.7706,-47.3036,-50.504,-44.096,-54.0123333333333,-71.325
-25.608,-24.2383333333333,-44.2306,-46.5618,-45.1413333333333,-46.4072,-51.1363333333333,-48.317
-30.156,-30.1778333333333,-44.2734,-39.3864,-42.5256666666667,-44.124,-44.6673333333333,-59.004
-13.682,-2.75425833333333,-8.83256,-12.1427,-9.75748333333333,-7.84364,-12.7627666666667,-4.9322
-13.975,-7.22583333333333,-21.6044,-16.88726,-15.2808,-12.46154,-10.4231,-10.673
-21.023,-18.9511666666667,-20.8968,-8.06988,-9.14472,-11.46974,-12.1181,-13.898
-24.669,-19.4455,-21.4614,-2.87006,-12.5672833333333,-19.6832,-21.052,-28.377
-29.97,-17.06465,-14.17672,-6.30362,-13.8264333333333,-17.3536,-15.1786666666667,-24.307
-51.92,-20.127,-11.54876,-11.5341,-11.0725833333333,-22.4232,-15.804,-29.348
-33.562,-17.4391666666667,-13.26606,-12.89446,-21.7243333333333,-19.26,-25.6983333333333,-20.403
-47.779,-15.9775166666667,-17.6312,-17.697,-18.6241666666667,-23.4924,-21.5773333333333,-32.809
-44.834,-16.6862833333333,-13.83696,-20.4142,-21.2505,-27.2124,-34.002,-29.619
-25.404,-16.1833333333333,-13.7826,-17.0032,-25.7791666666667,-25.9116,-32.9173333333333,-30.194
-19.505,-14.772,-16.4794,-28.7692,-38.134,-34.3352,-38.805,-33.857
-16.45,18.3564166666667,10.07158,-12.64136,-20.244,-16.5888,-23.7956666666667,-19.53
-27.679,15.23205,11.714,-6.452086,-15.7256666666667,-11.33842,-24.5816666666667,-27.54
-15.074,16.8983666666667,15.73598,-0.57844,-12.7994166666667,-8.55066,-22.9833333333333,-18.062
-17.214,15.9666333333333,16.14318,0.825042,-8.02546666666667,-1.410842,-15.684,-5.38
-32.77,15.0683333333333,16.78466,4.647736,-9.43536666666667,-7.42442,-8.2184,-5.5427
-34.806,15.39685,17.2992,5.93838,-7.68346666666667,-7.83048,-7.99973333333333,-3.8116
-16.21,15.35925,17.20176,4.47011,-9.19041666666667,-7.5651,-10.2319666666667,-18.909
-21.359,15.83195,17.33922,3.0407506,-10.52915,-11.01042,-6.03356666666667,-9.345
-21.285,15.67145,16.96918,1.96358,-11.78535,-12.144,-9.56736666666667,-8.1924
-22.765,15.8652333333333,17.4002,0.403748,-13.5891,-17.203,-11.9147,-9.8255
-27.155,15.8519333333333,17.4176,-3.08956,-14.1577833333333,-15.3002,-8.1998,-11.931
-21.594,16.0511,17.1302,-4.43352,-14.3154166666667,-16.6702,-10.4570666666667,-11.388
-13.52,16.3026166666667,16.2352,-5.740858,-17.9366666666667,-17.9878,-11.4456666666667,-13.146
-25.751,16.3290333333333,15.2354,-8.28682,-17.2571666666667,-19.1386,-13.4022666666667,-13.336
-16.215,16.4454833333333,13.67726,-9.4305934,-23.277,-20.3466,-12.6007333333333,-13.778
-15.258,16.0365666666667,11.75274,-10.982814,-23.6895,-21.8166,-18.5835333333333,-12.391
-31.62,14.8877833333333,9.74746,-18.73574,-23.3423333333333,-21.1132,-14.7121666666667,-20.149
-10.263,13.9402166666667,8.22418,-13.51188,-28.2661666666667,-22.1982,-11.6003333333333,-24.657
-22.299,13.3480333333333,5.62118,-15.6339,-26.4238333333333,-23.2864,-13.1436666666667,-28.304
-14.889,12.8658666666667,-12.89478,-17.9132,-17.1696666666667,-27.8556,-33.1453333333333,-43.169
0.56213,11.7406666666667,-15.1409,-20.9844,-26.3761666666667,-31.1048,-32.892,-29.826
2.6832,13.2995,-13.42598,-19.6432,-19.9426666666667,-36.0332,-40.025,-41.024
1.0915,9.60198333333333,-16.63136,-22.3706,-25.9173333333333,-29.8476,-32.1043333333333,-34.833
-4.9077,9.50213333333333,-18.41212,-23.7488,-27.3708333333333,-33.1402,-34.356,-30.434
-10.766,3.54571666666667,-22.4532,-31.7832,-30.4185,-34.815,-40.553,-40.753
-7.0715,0.5663,-27.2144,-32.8546,-28.243,-34.3962,-39.4886666666667,-36.478
-6.4727,-5.43211666666667,-32.9174,-26.377,-16.4351666666667,-28.9682,-34.9366666666667,-38.644
-15.078,-15.1909166666667,-36.12,-28.6968,-27.3631666666667,-34.095,-38.813,-41.604
-20.9,-21.1298333333333,-39.7208,-33.9226,-31.4638333333333,-38.0726,-41.995,-58.09
-59.337,-23.2656666666667,-37.8512,-43.4622,-36.1086666666667,-38.3952,-42.7563333333333,-40.621
-25.901,-28.6305,-33.7384,-38.6478,-41.0496666666667,-39.9462,-41.343,-43.217
-25.438,-23.4421666666667,-33.42,-39.4546,-40.6663333333333,-46.0482,-43.006,-42.878
-17.897,-24.3591666666667,-42.462,-42.7488,-39.3481666666667,-49.113,-41.3203333333333,-54.739
-21.161,0.153933333333333,-3.7291,-5.04194,-3.85031666666667,-4.191218,-1.21286,-0.49928
-13.042,-14.0898,-19.7122,-25.5352,-16.0857333333333,-20.22958,-8.53056666666667,-7.2488
-19.757,14.12755,-10.871632,-12.07504,-4.23478333333333,-4.18828,-9.67606666666667,-11.759
-12.207,15.5606,2.351494,-5.77462,1.01169166666667,-3.750186,-7.7495,-9.5293
-7.698,16.3918333333333,3.542446,-5.221728,3.05373333333333,-3.37696,-10.0384,-14.078
-1.5401,14.0776333333333,6.69762,-1.119792,-0.198426666666667,-8.93598,-13.8073333333333,-14.123
3.5606,17.6603333333333,12.97442,6.698582,4.60846666666667,-2.20936,-11.7383333333333,-10.398
1.2377,11.5119333333333,9.28816,1.993978,-2.28467683333333,-11.941806,-24.6986666666667,-23.617
-7.3753,15.2166666666667,13.52688,6.93498,2.46683333333333,-10.76936,-20.674,-18.284
3.2375,16.8146666666667,16.976,10.43222,7.03896666666667,-11.27886,-20.4143333333333,-16.024
1.2533,9.29096666666667,9.50268,2.44824,-1.929075,-26.0218,-32.0693333333333,-33.129
-16.441,14.3841666666667,13.45412,7.1193,3.59250666666667,-16.154,-23.4636666666667,-14.076
1.4757,15.8285,14.83428,7.55104,5.67161,-17.6996,-23.442,-15.752
3.2074,9.27058333333333,4.78968,-0.94934,0.796516666666667,-23.1262,-28.514,-24.589
-5.9694,15.456,9.98644,3.945308,7.18498333333333,-13.89626,-20.44,-14.875
0.33093,16.4146666666667,7.746348,-1.27074,8.7608,-13.89544,-24.0646666666667,-12.811
4.6997,9.50430983333333,-4.57678,-11.51204,-1.18069566666667,-16.15088,-26.6023333333333,-15.502
-28.787,15.1947166666667,-7.07054,-16.7966,-5.70346666666667,-23.8788,-20.7903333333333,-8.9718
-13.839,15.6041833333333,-8.72682,-22.0774,-8.154,-16.7536,-19.8626666666667,-12.485
-20.632,15.7512666666667,-11.34102,-19.3778,-13.3288333333333,-27.191,-33.858,-19.322
-60.876,15.8901333333333,-11.5158,-18.9272,-12.3700666666667,-26.4958,-35.9283333333333,-16.483
-21.278,15.4671166666667,-14.825,-21.4194,-16.0884166666667,-28.0302,-38.7666666666667,-33.073
-31.321,14.26685,-19.768052,-22.5936,-18.3916666666667,-29.227,-28.5273333333333,-24.497
-21.009,11.26615,-20.9785,-26.5998,-23.0425,-32.4446,-30.0646666666667,-20.419
-19.517,7.8508,-23.255,-28.5354,-25.1678333333333,-28.5218,-29.0133333333333,-33.647
-4.4493,-1.73007833333333,-30.3112,-28.1506,-25.1823333333333,-28.6598,-30.6723333333333,-18.595
-10.487,-0.576983333333334,-22.9972,-23.4338,-25.6651666666667,-22.6594,-21.352,-14.271
-15.112,-3.89179833333333,-21.864,-15.6258,-14.5128333333333,-12.774,-11.8316333333333,-15.115
-17.955,-7.96455833333333,-21.1092,-17.1446,-24.0203333333333,-21.7002,-22.6473333333333,-13.48
-19.362,-13.3077293333333,-22.0252,-23.2002,-17.2303333333333,-19.013,-14.2676666666667,-14.748
-14.488,-16.0357,-22.5818,-16.2582,-19.5936666666667,-15.70536,-11.1666,-24.923
-27.504,-12.8164833333333,-16.382,-17.3366,-25.0586666666667,-13.9324,-20.6286666666667,-7.4659
-30.815,-14.0634833333333,-17.224,-20.47,-20.2716666666667,-17.251,-19.7256666666667,-13.486
-14.113,-18.5704166666667,-17.2432,-25.4212,-17.4173333333333,-19.9866,-19.78,-14.065
-16.69,-14.3128333333333,-25.9176,-21.3082,-18.0123333333333,-23.2128,-21.7423333333333,-14.622
-14.383,-19.5475,-21.2576,-29.4708,-20.3228333333333,-17.7128,-19.1133333333333,-21.927
-23.858,-15.8631333333333,-28.5606,-24.218,-20.3411666666667,-16.6856,-18.1736666666667,-32.44
-15.338,-18.552,-22.5322,-29.45,-23.7556666666667,-18.08938,-20.0166666666667,-12.682
-42.875,-21.4808333333333,-26.7324,-28.9186,-26.428,-13.24908,-19.1723333333333,-14.124
-22.588,4.26623333333333,-27.232,-26.793,-22.8378333333333,-15.3014,-10.1389,-29.425
-37.669,12.3397,-16.57536,-28.7288,-21.6951666666667,-8.74854,-0.56195,-11.882
-6.1266,12.2596,-14.62306,-27.8014,-23.5306666666667,-9.92165,-3.42472,-5.2247
-20.669,12.98415,-14.08406,-30.2598,-25.5203333333333,-8.40388,-6.42453333333333,-7.1405
-6.3685,14.896,-15.0323,-23.175,-23.803,-5.12166,-1.45543666666667,-12.34
-9.7831,14.7002833333333,-11.7565074,-21.618,-23.2446666666667,-7.291144,0.722976666666667,-8.645
-3.3266,12.53315,-12.97561,-26.2826,-23.4783333333333,-8.05176,-2.1047,-7.9994
-6.8435,13.0379333333333,-15.1202,-24.8506,-26.1706666666667,-13.84462,-7.13259666666667,-14.935
-2.0663,15.1565166666667,-14.132466,-25.4684,-25.8388333333333,-7.7319772,-1.45658333333333,-17.361
-6.3208,14.4534,-11.99016,-26.345,-21.5495,-6.13454,0.362336666666667,-8.2533
-0.1993,12.60555,-13.97262,-24.0078,-24.2951666666667,-6.93294,-4.49394666666667,-13.976
-21.988,14.2750516666667,-13.20146,-24.8232,-22.1456666666667,-7.4302424,-6.98173333333333,-9.2434
-2.5162,15.5952833333333,-14.75898,-22.707,-19.6658333333333,-3.027162,-5.06433333333333,-6.4303
-30.947,12.1034333333333,-17.77534,-25.3378,-18.9133333333333,-5.48764,-5.94693333333333,-16.579
-1.8944,8.53881666666667,-20.99004,-30.359,-27.5628333333333,-18.3506,-17.761,-19.128
-1.5715,8.6975,-17.75608,-27.9896,-21.0363333333333,-17.1864,-19.9366666666667,-18.603
-3.8685,3.56391883333333,-25.5342,-37.573,-26.32,-24.1628,-28.828,-22.335
-7.136,1.075,-30.9364,-31.5106,-31.5776666666667,-24.749,-26.137,-20.681
-17.692,-3.165,-23.6328,-29.2508,-26.3735,-31.6442,-32.4466666666667,-23.671
-27.359,-7.55771666666667,-19.9084,-26.8192,-20.8016666666667,-28.2544,-25.0356666666667,-17.813
-14.864,-11.6340016666667,-24.3214,-23.364,-24.147,-17.0492,-35.668,-20.273
-18.257,-8.15066666666667,-22.1622,-21.6806,-25.525,-23.5356,-22.8636666666667,-21.546
-9.028,1.61898333333333,-24.5092,-24.884,-22.4553333333333,-32.11,-29.6346666666667,-20.346
-3.4478,9.48903,-18.49682,-25.901,-21.9425,-34.1296,-34.821,-26.434
-17.922,14.5004666666667,-11.92296,-20.2798,-18.7093333333333,-25.9866,-25.2553333333333,-18.292
2.0816,16.5004666666667,-10.26474,-15.9338,-17.134,-25.5826,-28.705,-19.323
-0.1077,15.3351,-10.572152,-18.324,-17.718,-25.7352,-30.264,-24.275
0.24167,15.3186333333333,-13.54558,-19.35964,-17.505,-23.9958,-27.7676666666667,-35.855
1.9224,17.0782333333333,-11.497714,-16.80286,-12.6467,-21.4834,-27.415,-27.166
-7.6651,16.0622333333333,-9.56476,-17.32942,-12.9659333333333,-19.8396,-25.611,-25.273
2.1588,15.6148833333333,-10.992088,-17.42778,-11.8740666666667,-22.4812,-30.523,-45.579
-21.344,16.1601833333333,-11.79818,-13.43156,-9.98456666666667,-20.6292,-20.575,-26.426
2.2003,16.5961666666667,-10.48776,-18.8958,-9.60476666666667,-17.01572,-23.717,-34.173
-0.74878,15.3771833333333,-10.04954,-18.0228,-11.2286166666667,-20.4464,-23.7936666666667,-34.014
-3.4381,15.3574833333333,-11.52087,-18.4122,-8.17093333333333,-22.8798,-23.2213333333333,-32.145
1.7994,16.4397166666667,-8.89472,-21.256,-6.88263333333333,-21.5642,-23.866,-47.616
-6.3497,15.8355,-0.67208,-12.0768,-2.21662833333333,-7.89032,-11.1604,-7.0809
-2.1677,16.9086666666667,9.5041,-2.233178,0.408666666666667,-9.72208,-8.67546666666667,-9.9651
-4.5164,16.3598,16.95824,1.21186,6.84736666666667,-5.8776,-6.06693333333333,-4.1677
-22.188,15.8883333333333,16.0016,7.2332,4.99298333333333,-1.04618,1.32619333333333,-7.0018
-9.3856,15.1161,13.3884,2.375096,4.46211666666667,-7.763118,-2.7257,-5.242
-5.2981,16.2645666666667,19.395,8.58514,6.92258333333333,-1.16331,4.10586666666667,-9.1868
-3.8236,15.9121666666667,15.0912,8.21702,4.50062333333333,-3.2787968,-0.892653333333333,-24.118
-17.863,15.4271166666667,16.2878,1.68572,1.13276666666667,-8.81298,-1.7168,-20.839
-0.53204,16.3325,18.7798,8.608,5.04416166666667,-1.8224054,1.23750333333333,-10.825
-3.0407,16.1248333333333,14.421,7.77458,3.90497166666667,-5.3012,-4.92526666666667,-11.6
-7.9975,15.7183,15.93362,2.882112,2.96538333333333,-11.72388,-2.50495,-14.128
-0.38096,15.91065,18.0774,7.03586,5.94023333333333,-3.819304,1.69620333333333,-8.5011
-2.0012,16.2645,14.02474,5.86464,5.50453333333333,-2.57594,-2.55523333333333,-8.9349
-25.758,15.6514833333333,15.22998,1.02644,6.10351666666667,-9.42092,-2.03460666666667,-12.6
0.53659,15.9974833333333,16.6662,3.823262,8.30623333333333,1.60933,3.63749333333333,-11.4
-1.3495,16.1818333333333,12.06702,0.87191,6.64363333333333,1.118178,3.718,-11.953
-13.025,15.6694333333333,11.49124,-5.422878,3.91190833333333,-0.0611780000000001,1.02483333333333,-15.121
0.54963,16.0197666666667,12.08432,-4.0502,4.29716666666667,5.98706,2.23013333333333,-14.8
-3.9915,15.9823333333333,7.716974,-8.78854,-0.325183333333333,4.5576,5.63993333333333,-12.767
-8.2033,16.1594,5.52912,-9.07528,-5.33515,5.861638,1.7987,-14.074
-0.30949,15.9337833333333,6.11002,-8.1005,-6.16093333333333,10.39194,7.7568,-11.482
-4.3683,15.3119833333333,1.0191,-10.48078,-10.469815,6.69218,4.19617666666667,-9.9976
-5.3961,15.7547,-3.13432,-13.49182,-12.1618883333333,3.859,-3.04326666666667,-10.292
0.34134,15.6435,-0.0607019999999999,-10.44076,-9.4066,6.594984,6.9506,-5.3185
-22.208,14.8091,-2.358666,-11.046,-11.8642333333333,3.518978,3.78123333333333,-9.0343
-0.81521,14.7308,-9.01072,-16.18576,-14.8242,-4.310022,-4.42073,-15.467
-0.68989,13.9381166666667,-11.35118,-14.9584,-18.13,-24.6844,-18.3003333333333,-22.467
-18.024,14.7513666666667,-9.016722,-17.6522,-12.2596666666667,-18.101,-30.102,-24.579
-0.74929,12.8968,-13.3778546,-19.2288,-15.1922333333333,-25.9234,-29.078,-30.563
-3.0274,14.5862166666667,-12.895726,-20.3916,-12.9150166666667,-23.872,-32.502,-29.533
-13.248,9.1741775,-11.79664,-23.1202,-11.2469666666667,-22.2418,-32.0406666666667,-31.13
-2.9582,9.18143333333333,-19.61512,-21.0064,-23.604,-28.1498,-28.6706666666667,-45.134
-5.0137,12.9748333333333,-10.23676,-19.15788,-6.19874166666667,-24.726,-13.614,-14.284
-8.0818,11.728095,3.89898,-18.7692,-24.1408333333333,-21.2398,-19.9673333333333,-19.758
-19.345,16.1785,6.24162,-21.2232,-26.8943333333333,-18.93876,-20.469,-19.312
-15.186,12.3928166666667,3.127536,-18.6954,-26.6516666666667,-19.6752,-25.4726666666667,-30.627
-8.3777,15.5733333333333,4.19058,-21.631,-29.4738333333333,-22.5202,-20.378,-23.548
-2.3524,10.6199666666667,-2.09328,-20.749,-29.449,-24.5332,-21.3846666666667,-23.473
0.071562,16.1295,4.80374,-20.475,-26.1796666666667,-23.8374,-19.0253333333333,-21.749
2.321,10.150985,-2.275,-24.2084,-30.8638333333333,-25.7776,-22.3086666666667,-29.112
0.46755,15.963,5.83304,-18.937,-25.9211666666667,-22.5544,-14.941,-21.202
-1.1274,12.9979166666667,0.015486,-24.9886,-34.9985,-29.915,-17.739,-22.425
-4.6678,15.0739666666667,4.97542,-16.76486,-25.4015,-21.9076,-13.2402333333333,-14.766
-8.7271,14.7215833333333,-0.62221,-16.9106,-23.5476666666667,-23.3182,-12.7597666666667,-16.163
-27.765,13.0643666666667,-2.39856,-14.4958,-21.9096666666667,-22.9468,-19.6403333333333,-19.214
-22.707,14.2704833333333,-7.8896,-15.57794,-28.2278333333333,-30.3998,-23.7946666666667,-26.249
-14.367,5.22331833333333,-12.31406,-19.2632,-31.5263333333333,-31.5668,-28.6963333333333,-26.01
-12.256,8.84878333333333,-19.06656,-21.5126,-30.1036666666667,-34.8814,-37.9243333333333,-35.234
-35.597,2.75792066666667,-19.2936,-23.0352,-28.7861666666667,-31.956,-35.565,-38.431
-16.678,0.509883333333333,-27.1806,-29.928,-38.1816666666667,-38.1834,-43.5576666666667,-40.768
-5.301,-3.59211666666667,-26.9878,-35.661,-33.3405,-44.3402,-39.501,-43.807
-27.946,-9.119885,-17.8952,-18.7192,-22.7863333333333,-18.135,-17.4996666666667,-17.623
-31.919,-12.4698,-14.7958,-14.4008,-19.8948333333333,-18.6466,-24.62,-18.504
-13.363,-9.86635,-11.94638,-14.41292,-13.9515166666667,-15.388,-10.9040333333333,-12.207
-18.089,-13.5289666666667,-11.21742,-18.3888,-11.6486666666667,-14.4644,-6.34393333333333,-15.368
-14.378,-15.4406666666667,-15.9556,-20.7646,-15.2923333333333,-22.9838,-11.6744333333333,-25.755
-24.869,-9.84475,-20.5782,-27.7902,-15.4634166666667,-8.73398,-8.20726666666667,-17.19
-45.177,11.7071666666667,-19.68112,-23.065,-13.3948166666667,-13.575,-7.0076,-14.678
-10.662,14.7935666666667,-13.71852,-21.012,-4.11093333333333,-3.70998,-9.18996666666667,-13.969
-12.675,14.0637166666667,-7.96064,-21.3162,-12.6679333333333,0.64641,-4.74712333333333,-16.898
-25.279,11.71455,-7.40652,-26.383,-11.8001166666667,4.3592,1.24794,-9.6315
-14.975,9.30138333333333,-13.14574,-28.9634,-18.3183333333333,1.196566,-4.96463333333333,-22.2
-8.3443,4.13434333333333,-34.4026,-33.6836,-33.8086666666667,-16.2786,-22.7196666666667,-28.857
-12.593,-6.24973333333333,-14.289,-19.2328,-17.8668333333333,-19.927,-18.4266666666667,-13.579
-19.864,-12.2496233333333,-30.2722,-36.0192,-37.6678333333333,-37.521,-33.1523333333333,-34.44
-23.344,-8.55776666666667,-29.5402,-35.2766,-41.3186666666667,-38.5836,-38.171,-49.324
-20.831,-20.3721666666667,-26.6144,-40.7744,-34.6068333333333,-41.6484,-41.194,-37.216
-15.344,-17.5514666666667,-25.5566,-32.715,-32.1078333333333,-36.3376,-40.746,-47.387
-22.786,-7.60168333333333,-7.01,-9.55778,-3.77019166666667,-2.059542,-14.6816666666667,-14.39
-22.993,-15.6047,-19.2038,-22.4518,-10.30395,-2.25232,-12.0134333333333,-11.424
-18.939,-18.7631666666667,-20.60294,-22.0476,-7.12161666666667,0.75676,-12.2613,-5.9385
-14.497,-17.3401666666667,-15.9324,-25.2224,-11.3794166666667,-5.97186,-16.3143333333333,-7.9945
-41.772,-21.2795,-20.8258,-25.1466,-16.5335,-11.2256,-17.324,-4.698
-33.245,-20.2058333333333,-13.2507,-26.2432,-12.71765,-13.09468,-17.8743333333333,-6.1311
-17.063,-19.7128333333333,-22.7348,-17.9398,-15.3841333333333,-15.6116,-10.2209333333333,-7.4736
-15.286,-14.5245,-23.9914,-16.7392,-17.994,-17.449,-17.625,-6.2767
-13.627,15.87965,-8.28968,-22.77,-14.8873,-2.51618,-13.4965666666667,-11.085
-25.941,15.5344166666667,-8.46764,-18.8208,-18.8031666666667,-6.03368,-10.1779666666667,-12.323
-11.613,14.4944733333333,-9.89728,-17.1686,-21.0065,-6.54694,-5.85063333333333,-9.5147
-19.76,14.7912666666667,-8.84128,-26.3996,-19.7621666666667,-5.13724,-4.12973333333333,-10.242
-17.979,14.33605,-13.53006,-27.0954,-28.9375,-7.284324,-8.1719,-6.3551
-47.508,11.9677833333333,-9.92796,-21.754,-24.9458333333333,-9.74542,-4.86044333333333,-7.4385
-17.337,9.96501666666667,-11.65004,-29.3058,-26.8218333333333,-10.66552,-2.41204666666667,-18.075
-15.382,8.24513333333333,-12.885676,-36.7368,-32.9761666666667,-16.91234,-6.8021,-21.125
-30.04,4.42736666666667,-20.85878,-29.3838,-31.1986666666667,-14.29452,-19.4723333333333,-23.702
-16.411,6.33826666666667,-20.09944,-30.092,-40.9021666666667,-19.80844,-15.1873333333333,-23.214
-31.176,4.50904833333333,-23.412,-36.25,-40.7836666666667,-23.565,-21.892,-36.572
-22.743,1.83126833333333,-19.35856,-32.4862,-37.2995,-34.2738,-33.316,-42.186
-25.707,3.03731,-19.046,-30.6346,-40.9358333333333,-37.5224,-36.1396666666667,-38.19
-16.743,4.02388333333333,-19.80756,-34.6264,-43.8273333333333,-40.173,-39.7596666666667,-43.893
-16.434,3.380735,-18.5251,-33.8806,-35.116,-36.826,-41.6126666666667,-54.765
-12.961,5.1413105,-19.49384,-31.0162,-33.9221666666667,-33.5606,-36.6996666666667,-36.943
-6.6826,6.935307,-19.53346,-30.2276,-33.9976666666667,-32.5162,-36.8583333333333,-39.429
-2.5455,-0.0666666666666668,-25.5376,-34.8476,-38.8061666666667,-40.4168,-43.841,-44.133
-19.941,-6.73614166666667,-28.4954,-35.9702,-38.5096666666667,-39.501,-39.769,-35.968
-10.98,2.23195,-10.75448,-20.4506,-11.32285,-12.49442,-24.1466666666667,-31.536
-12.832,3.62166666666667,-10.258784,-21.2,-14.8518,-11.36964,-21.548,-28.823
-1.433,12.77055,-4.5578,-15.936,-2.05236666666667,0.30684,-19.238,-36.988
4.469,9.50513333333333,-9.5408,-21.0514,-9.68986666666667,-0.371372,-17.3653333333333,-35.908
-8.3308,13.0544833333333,1.71474,-10.5516,-2.1831,12.0384,2.52653333333333,-10.485
-14.27,10.8756166666667,-2.059736,-10.61368,-10.8512666666667,6.53238,1.86646,-13.215
-1.0451,9.07946666666667,-2.54796,-10.53704,-12.7928283333333,4.67636,2.78689666666667,-12.107
1.2913,7.05681833333333,-14.42524,-22.8504,-25.2756666666667,-11.39096,-10.2847,-24.688
-2.792,10.6879166666667,-10.04588,-17.2072,-21.3711333333333,-3.093578,-4.52711333333333,-30.027
-5.2462,5.07124833333333,-15.58934,-20.4306,-23.0806666666667,-11.01712,-13.7793333333333,-24.766
-2.763,9.4002,-21.6713,-26.8864,-25.7365,-9.39852,-10.7799333333333,-29.228
-10.206,9.99726666666667,-6.61918,-10.21436,-9.62861666666667,3.726072,6.16093333333333,-8.3727
-1.6527,5.26725,-23.8548,-24.4894,-27.9578333333333,-21.3162,-17.817,-30.224
-2.6478,9.197935,-17.45264,-20.084,-18.00835,-6.12085,-1.37851333333333,-22.55
-26.591,7.96105,-10.92506,-15.3876,-14.5878333333333,-4.09528,1.686226,-17.594
-2.9008,1.4942,-23.539,-26.0144,-28.2475,-21.018,-21.4346666666667,-30.47
-6.7065,7.70131666666667,-24.342,-25.9106,-29.171,-17.40474,-12.0078,-38.672
-22.56,1.3222735,-21.4532,-31.2612,-28.8768333333333,-17.2654,-23.478,-35.849
-1.2632,6.84145,-19.626,-22.421,-22.3898333333333,-16.28,-16.535,-41.214
-0.77391,-0.830183333333333,-22.6538,-31.648,-33.0318333333333,-35.3116,-30.7836666666667,-41.734
-11.492,4.15036666666667,-23.0506,-25.0002,-27.7546666666667,-29.965,-31.681,-47.066
-5.0239,5.10693333333333,-22.6762,-30.1718,-23.3138333333333,-36.4172,-41.4056666666667,-35.297
-4.1759,-0.175373333333333,-28.116,-28.6738,-27.9931666666667,-28.7878,-36.8903333333333,-36.691
-19.737,5.9659,-20.0708,-24.7402,-16.1901666666667,-24.0034,-29.4556666666667,-31.097
-11.08,8.56885,-16.62344,-24.3074,-15.8418333333333,-26.4134,-27.292,-34.474
-23.484,5.51845833333333,-17.072,-21.8582,-17.6941666666667,-24.3314,-31.75,-52.419
-8.1536,1.05748166666667,-21.5316,-33.6406,-28.4711666666667,-30.5576,-32.7016666666667,-45.139
-4.6132,4.45583333333333,-15.92048,-25.5246,-20.777,-30.6238,-32.888,-45.848
-5.5927,-0.91015,-21.9596,-29.2702,-23.4226666666667,-31.03,-34.581,-34.909
-9.0291,3.47819333333333,-23.7308,-30.0238,-28.3018333333333,-33.3512,-36.5446666666667,-38.725
-5.5196,0.28424,-27.5878,-34.425,-36.1913333333333,-37.5768,-47.0083333333333,-36.986
-12.324,0.411033333333333,-28.9214,-37.5976,-34.5796666666667,-39.3096,-42.707,-45.771
-16.775,-0.735633333333333,-27.938,-33.306,-31.629,-38.5012,-38.0626666666667,-46.998
-29.63,-0.574616666666667,-32.624,-36.3288,-41.2586666666667,-42.552,-46.9753333333333,-61.598
-15.848,-1.66641666666667,-35.9548,-33.382,-37.3763333333333,-46.5192,-47.1903333333333,-37.792
-13.023,-3.6556,-42.6788,-38.5508,-41.989,-44.3304,-40.5896666666667,-32.034
-19.748,1.62185166666667,-15.37804,-23.1034,-18.85,-21.958,-25.8376666666667,-24.806
-19.221,-11.7179,-32.4102,-36.0456,-36.0558333333333,-38.6004,-41.4446666666667,-41.611
-20.478,-16.2584166666667,-36.2712,-39.8994,-33.4038333333333,-37.6384,-37.8136666666667,-38.489
-27.92,-16.9437166666667,-33.2446,-36.3106,-35.8616666666667,-37.3538,-39.075,-27.187
-29.23,-21.3329666666667,-30.793,-36.9746,-29.4011666666667,-41.7768,-27.9413333333333,-25.502
-28.585,-16.03345,-27.377,-38.252,-25.8865,-33.6836,-27.7876666666667,-20.432
-6.0393,8.33531666666667,-16.316,-27.9164,-25.5318333333333,-8.67278,-12.5227666666667,-14.817
-21.194,11.59009,-14.5845,-23.1318,-24.7091666666667,-9.7701,-7.43733333333333,-8.8089
-8.2776,11.0633833333333,-13.64466,-25.016,-23.4776666666667,-7.09376,-3.02280333333333,-8.7422
-1.2126,9.84183333333333,-21.4556,-30.431,-28.6693333333333,-11.14122,-8.70736666666667,-12.499
0.99184,12.77985,-16.59772,-24.7794,-24.9345,-4.32576,-3.5074,-16.945
0.29626,7.12873333333333,-17.8696,-30.8284,-26.5193333333333,-7.85418,-12.7819,-24.415
1.1763,2.03463833333333,-20.44786,-32.7436,-27.5723333333333,-22.9886,-26.4033333333333,-33.612
1.4258,3.65071666666667,-28.2874,-31.4174,-41.174,-43.1194,-35.802,-47.485
1.357,3.82376666666667,-23.6444,-30.9548,-42.988,-37.9778,-38.9243333333333,-47.481
-1.4396,-0.646233333333333,-31.8546,-34.5722,-37.1611666666667,-39.8002,-39.137,-47.487
-32.824,0.247093333333333,-22.3472,-30.3052,-31.5615,-33.5586,-34.1883333333333,-41.007
-2.4648,0.586373333333333,-29.2564,-32.8196,-38.1785,-38.693,-38.564,-44.944
-5.7255,-8.06428333333333,-36.3548,-38.6232,-42.7153333333333,-44.3094,-47.6293333333333,-53.061
-26.156,-16.2154333333333,-37.8942,-39.231,-40.7401666666667,-42.6446,-44.9643333333333,-52.103
-24.253,-21.3071666666667,-33.7784,-41.4128,-45.0076666666667,-41.6638,-46.4663333333333,-48.677
-21.398,-23.5206666666667,-35.9934,-44.2782,-38.3758333333333,-43.1814,-49.545,-42.066
-25.486,-27.7901666666667,-34.2674,-42.609,-40.424,-41.8736,-37.1723333333333,-36.606
-20.715,-9.24166666666667,-11.70184,-15.2478,-16.2696666666667,-10.6725,-14.1333333333333,-10.037
-18.732,-4.35253333333333,-14.01642,-23.2104,-19.9255,-8.65622,-20.4083333333333,-4.028
-26.358,-6.85292333333333,-27.541,-38.5482,-22.0038333333333,-9.0167,-22.5616666666667,-25.081
-7.1597,8.9914,-18.05988,-31.378,-18.321,-10.56752,-8.22236666666667,-13.342
-9.4163,12.9929433333333,-18.18568,-27.195,-23.7855,-7.04882,-6.52233333333333,-10.72
3.4413,8.86155,-18.03764,-28.9574,-27.5461666666667,-12.791608,-17.6926666666667,-21.884
1.3302,13.1836166666667,-12.95562,-24.8314,-20.593,-5.548368,-2.65186666666667,-9.8547
-16.329,13.6410233333333,-15.87378,-21.599,-26.1523333333333,-10.247236,-6.72936666666667,-15.927
1.2645,7.4814,-21.38532,-35.4616,-36.2793333333333,-18.73,-11.1858666666667,-19.564
1.453,9.87781633333333,-14.16518,-26.692,-25.2218333333333,-10.67008,-5.6148,-18.335
-4.7725,9.11533983333333,-21.2402,-29.3282,-31.3036666666667,-28.8168,-12.2372,-34.835
0.48155,2.29873333333333,-27.357,-30.8952,-29.5195,-28.3052,-18.0446666666667,-30.883
-44.518,-6.31670166666667,-30.9728,-34.3772,-36.4968333333333,-29.0662,-22.4956666666667,-30.845
-17.416,-15.5346333333333,-34.432,-43.5108,-40.2448333333333,-39.0484,-30.4696666666667,-43.87
-17.833,-13.0937683333333,-36.7686,-40.4204,-41.2966666666667,-45.6972,-37.9183333333333,-46.562
-21.343,-14.0059216666667,-34.441,-42.4112,-41.0638333333333,-38.8746,-48.6833333333333,-46.913
-20.601,-18.9344,-33.4944,-40.167,-42.3365,-40.9834,-42.231,-42.965
-12.812,-18.1776666666667,-38.5842,-35.159,-43.9115,-43.7532,-47.066,-50.624
-9.3763,0.6277,-8.61404,-14.9026,-11.7644166666667,-0.969288,-5.98926666666667,1.3871
-20.166,-4.114865,-16.815,-26.2036,-26.2013333333333,-17.5011,-14.6836666666667,-10.675
-10.568,-3.67710333333333,-23.0766,-27.0154,-28.3581666666667,-21.1318,-25.492,-18.965
1.6985,16.3585,-6.74452,-19.6114,-7.80884,4.89012,2.05216666666667,-0.75531
-6.007,17.1285,-10.70545,-20.9722,-10.7247166666667,-3.324528,-9.64936666666667,-13.461
2.0294,14.3565,-13.53135,-23.9424,-14.8750033333333,-10.120336,-11.8840666666667,-17.409
5.9379,12.8608333333333,-15.21246,-23.7568,-12.8614866666667,-12.35072,-8.19583333333333,-9.9746
0.58308,12.8775666666667,-0.95918,-15.4464,-3.73345,-6.65098,-2.92443333333333,-13.517
-15.296,9.90513333333333,0.06027,-10.45452,-5.17373833333333,-7.0396,-5.4413,-12.39
0.62692,7.07648333333333,-17.98764,-30.5462,-21.6721666666667,-31.3874,-26.9173333333333,-21.047
-3.6404,10.4915016666667,-7.70219,-18.619,-3.85723333333333,-28.8488,-11.7782333333333,-12.419
-4.8779,6.18355,-4.7197,-11.91548,-7.89235,-24.7114,-21.409,-20.735
0.48639,2.47240666666667,-18.19598,-27.7428,-22.9278333333333,-29.7388,-29.402,-34.131
-4.953,6.6556,-22.0398,-23.8058,-4.97946833333333,-29.7108,-33.0766666666667,-33.777
-28.925,9.29735,-13.488,-20.14392,-1.80091,-15.5482,-21.7956666666667,-32.584
-13.71,6.94325,-14.69196,-17.0236,-7.24085,-20.2068,-25.4996666666667,-21.807
-9.1714,1.469555,-18.3576,-18.2768,-17.7843333333333,-23.7206,-22.9396666666667,-21.574
-1.4823,2.52041666666667,-17.8816,-20.6522,-19.6106666666667,-26.6874,-27.929,-31.527
-7.7548,7.46346666666667,-22.226,-20.55108,-16.1240166666667,-33.9882,-29.534,-29.887
1.3736,9.14262833333333,-25.67162,-23.68418,-8.81108,-27.2214,-32.5163333333333,-20.665
-3.9545,10.4279166666667,-18.44808,-24.24844,-6.42183333333333,-22.6586,-24.4613333333333,-17.006
-11.077,11.6107833333333,-17.14528,-24.46604,-6.3393,-19.5816,-20.043,-17.192
-14.841,10.5612833333333,-14.8079,-22.8258,-7.93478333333333,-20.6546,-19.569,-29.547
-9.6997,8.04929166666667,-16.6071,-23.088,-9.82366666666667,-20.5836,-23.2063333333333,-33.051
-14.46,9.00948333333333,-19.9026,-30.0826,-23.837,-29.7294,-33.1456666666667,-35.777
-11.723,8.43035,-23.3686,-28.8636,-25.1461666666667,-33.11,-34.66,-36.689
-13.604,2.901335,-22.0374,-32.0992,-25.989,-37.6056,-37.8316666666667,-52.88
-0.72577,2.63220666666667,-22.7584,-24.8116,-27.7396666666667,-28.3666,-30.749,-34.876
-0.22957,1.4428,-24.8746,-26.8468,-28.972,-33.9508,-34.5933333333333,-34.674
-13.638,-0.406716666666667,-18.8556,-25.4976,-24.7285,-29.086,-33.164,-35.813
-6.3148,-5.17806666666667,-33.37,-39.2148,-37.3736666666667,-46.753,-34.4363333333333,-31.233
-15.847,-10.6358,-32.9406,-35.7018,-34.4145,-39.5376,-36.1146666666667,-29.756
-34.815,-14.0287833333333,-33.6018,-36.7116,-34.26,-37.4054,-31.2086666666667,-35.74
-32.15,-13.3137333333333,-31.6936,-30.919,-31.18,-31.5836,-27.798,-20.713
-24.647,-15.8826666666667,-29.0376,-34.433,-33.8905,-38.2166,-37.9213333333333,-28.734
-28.929,-21.8849833333333,-34.6074,-31.7112,-31.3791666666667,-32.9882,-28.4336666666667,-23.754
-16.699,-16.4842666666667,-29.1924,-30.833,-27.2635,-28.6692,-29.3953333333333,-22.443
-18.87,-20.97435,-30.5598,-35.7518,-30.5406666666667,-35.1034,-28.1323333333333,-17.769
-18.994,-18.7531666666667,-30.8614,-29.1724,-31.6115,-36.1646,-31.1156666666667,-23.363
-20.866,-23.4433333333333,-31.383,-33.2418,-26.3891666666667,-35.4062,-31.44,-22.68
-25.447,-25.4023333333333,-30.468,-31.1472,-29.8985,-33.3616,-28.709,-20.41
-19.847,-22.0518333333333,-38.421,-36.8262,-30.3641666666667,-31.148,-29.5533333333333,-26.619
-23.121,-24.781,-28.4956,-32.4358,-33.96,-28.761,-32.2336666666667,-24.75
-31.305,-20.2103333333333,-27.6462,-32.461,-30.0416666666667,-35.6834,-33.783,-26.745
-33.515,-22.6765,-27.789,-32.7418,-27.1748333333333,-32.0712,-33.5493333333333,-24.049
-22.637,-19.6053333333333,-33.824,-34.6106,-31.2878333333333,-36.8734,-32.2396666666667,-36.543
-32.622,-22.618,-34.9418,-29.945,-38.1708333333333,-39.1516,-38.241,-31.571
-20.842,-21.2911666666667,-36.3984,-31.556,-32.3771666666667,-34.3938,-34.7443333333333,-44.406
-15.741,7.02385,-13.45958,-29.708,-36.1306666666667,-31.3772,-23.849,-43.421
-26.062,1.79181833333333,-18.864,-34.2512,-36.777,-34.4548,-29.0253333333333,-36.953
-20.775,-2.86605,-28.0552,-35.1386,-35.8553333333333,-36.1052,-38.0556666666667,-39.777
-21.288,-9.48673333333333,-32.4466,-36.5268,-38.817,-34.9922,-43.1196666666667,-44.59
-17.74,-11.4009,-40.7182,-35.1956,-38.433,-35.3182,-42.899,-27.572
-45.081,-16.67445,-40.049,-37.3344,-37.4415,-35.8054,-40.713,-31.09
-15.842,-14.815975,-34.4836,-36.7236,-34.9148333333333,-39.7824,-37.0946666666667,-43.094
-21.957,-18.40045,-43.0196,-41.065,-46.5786666666667,-38.1424,-41.2256666666667,-40.61
-40.533,-23.58855,-42.7972,-39.9226,-38.2495,-42.3752,-41.3883333333333,-44.608
-46.151,-20.8487,-43.4764,-40.9722,-51.5883333333333,-43.6608,-41.6163333333333,-43.67
-44.957,-24.2423333333333,-43.0354,-42.7488,-38.546,-35.6012,-43.0933333333333,-32.727
-19.222,-15.7819333333333,-24.8394,-29.7506,-29.4871666666667,-25.347,-27.4323333333333,-29.892
-15.778,2.507785,-15.16012,-26.6832,-28.5848333333333,-33.4186,-33.954,-43.302
-26.467,-0.544815,-18.93818,-28.5728,-31.3856666666667,-35.5898,-34.686,-37.275
-6.6986,9.07741666666667,-11.50868,-28.1876,-30.8733333333333,-36.2586,-34.808,-30.082
-16.598,7.49516666666667,-19.04984,-33.7328,-39.6386666666667,-44.4964,-43.468,-37.298
-10.435,7.67161666666667,-14.93184,-28.7958,-36.5951666666667,-43.171,-44.07,-37.669
-8.0492,4.74485,-13.29488,-31.7874,-40.151,-36.635,-40.1046666666667,-50.478
-8.1699,10.8943833333333,-9.38354,-28.6598,-32.9003333333333,-31.4932,-38.176,-31.551
-9.7349,10.6237166666667,-2.492865,-18.4134,-26.8143333333333,-25.6616,-32.0073333333333,-26.128
-11.84,16.9390166666667,9.322958,-15.93702,-21.7411666666667,-16.0362,-27.2323333333333,-17.965
-10.805,17.9566666666667,16.734,-1.6513,-11.5328833333333,-5.4384904,-18.2786666666667,-5.0744
-1.8546,14.0236666666667,13.28962,6.64628,-7.439,-3.44166,-15.1292333333333,-7.1431
-8.0006,15.237,16.44996,8.77022,-1.26285,4.753084,-9.98823333333333,-0.098399
-17.902,13.2015833333333,12.42216,5.8144,4.32211333333333,4.96654,-5.48506666666667,-11.703
-14.814,11.9880333333333,14.0389,1.27846,7.58709,6.43002,-6.5329,-4.4162
-14.518,14.1546166666667,6.5611,-3.33921,6.83918666666667,5.9877,-3.0948,-8.7243
-15.795,13.9909833333333,5.16708,-11.91456,6.25886,6.22708,-3.34016666666667,-10.183
-12.46,13.8774166666667,1.17528,-10.56328,-0.526706483333333,6.32696,1.05216666666667,-9.2722
-11.271,14.41815,-2.0471,-18.20258,-4.71396166666667,8.02016,2.2581,-7.2776
-11.629,11.49105,-6.00542,-15.2308,-10.0029616666667,5.14728,3.67393333333333,-1.008
-5.0254,14.2298,-10.09328,-24.8264,-12.4507,5.80404,2.38410333333333,-4.5983
-1.1971,8.04613333333333,-16.5198,-28.1066,-20.9635,-7.61454,-6.34653333333333,-12.072
-1.3117,12.3294833333333,-17.23448,-30.46,-21.3165,-5.2404672,-9.3453,-12.136
-31.929,8.70099333333333,-24.5316,-30.5854,-30.719,-16.4418,-14.5091333333333,-17.181
-1.1913,5.14976666666667,-33.7254,-37.897,-40.514,-16.14094,-21.143,-16.346
-25.965,8.51595,-19.2212,-33.8614,-22.6728333333333,-6.9597,-0.405556666666667,-14.758
-9.9314,-5.39111,-29.2364,-32.9978,-35.4811666666667,-26.529,-34.9853333333333,-33.394
-16.749,-10.67855,-46.308,-45.479,-49.8101666666667,-43.6336,-40.257,-36.736
-35.864,-15.1044166666667,-44.0046,-44.216,-51.598,-47.3478,-41.1536666666667,-46.358
-23.531,-17.6995333333333,-45.066,-49.8496,-47.2048333333333,-46.8108,-47.6683333333333,-43.335
-20.065,-17.1760333333333,-44.6934,-45.3618,-45.852,-47.4566,-47.509,-44.953
-30.389,-25.5936666666667,-41.744,-44.6892,-45.6098333333333,-46.0492,-53.9576666666667,-44.044
-41.681,-27.3623333333333,-47.1174,-49.7266,-49.5503333333333,-49.9036,-47.9443333333333,-49.183
-24.832,-23.923,-46.8606,-45.3974,-47.7531666666667,-52.4774,-49.461,-48.372
-38.19,-30.4663333333333,-43.0344,-44.6866,-46.7176666666667,-52.5834,-49.9586666666667,-51.328
-31.429,-29.633,-45.8158,-47.7682,-52.4256666666667,-51.7236,-49.6296666666667,-48.785
-37.853,-29.0295,-48.3488,-54.1598,-49.543,-50.1664,-50.187,-47.916
-31.388,-30.2436666666667,-41.209,-48.2472,-52.0646666666667,-47.1658,-52.6153333333333,-47.437
-29.484,-25.9536666666667,-50.974,-48.7816,-53.7913333333333,-46.6366,-43.519,-43.185
-34.824,-36.0085,-45.4736,-49.6802,-48.7361666666667,-45.307,-53.451,-42.515
-42.864,-29.7196666666667,-46.21,-45.5414,-47.868,-51.9736,-58.234,-48.859
-17.867,-7.92653333333333,-14.562,-24.619,-24.2405,-24.0398,-25.311,-31.183
-3.3766,-9.7351,-6.76771,-20.6976,-11.588805,-6.91964,-2.98416666666667,-12.556
-24.685,-12.1077166666667,-12.8241026,-18.892,-12.60375,-0.03744,-1.39076,-14.345
-17.058,-13.6324166666667,-4.3176,-14.24326,-10.206235,-7.18256,-0.169573333333333,-9.9661
-18.274,-11.7367333333333,-3.510288,-21.719,-10.1177833333333,-1.76093664,-9.70093333333333,-19.432
-9.9451,-11.4883333333333,-11.05872,-18.2966,-10.01591,-3.280494,-0.60958,-18.797
-8.3016,-0.319238333333334,-5.70574,-19.2578,-9.46748333333333,-6.33898,-8.3861,-11.953
-7.5089,9.5,11.93276,-1.86508,-0.630738,0.79908,-7.3584,-39.504
-25.071,3.990516,2.36358,-12.62912,-12.7831333333333,-21.4946,-23.8286666666667,-36.892
-4.314,9.50141666666667,11.96984,2.9602,3.06406693333333,-3.7816,-10.3569666666667,-23.855
-4.416,-2.07093333333333,-3.4722042,-14.9358,-13.2042166666667,-17.5216,-25.377,-34.433
-10.139,-3.3596185,6.10172,-11.74658,-2.22905333333333,-8.08768,-15.6023666666667,-30.684
-5.4251,4.93723333333333,8.5236,-1.46838,2.28974466666667,-0.558938,-5.22367333333333,-20.539
-16.257,-4.61049833333333,-7.33556,-22.0336,-15.7501333333333,-22.051,-23.9093333333333,-30.972
-23.263,-14.52125,-12.89058,-32.1984,-21.0248333333333,-30.2376,-31.3366666666667,-45.976
-30.868,-14.9763666666667,-22.683,-35.6912,-33.7568333333333,-36.0052,-40.285,-45.849
-20.955,-23.275,-29.512,-36.8076,-37.5618333333333,-43.7826,-45.9086666666667,-46.089
-20.755,-20.8638333333333,-37.3532,-39.9808,-43.2235,-45.0984,-45.2273333333333,-55.623
-53.74,-25.016,-47.2692,-55.0294,-43.347,-44.0928,-49.1296666666667,-39.674
-23.051,-26.5566666666667,-38.01,-49.5908,-43.3638333333333,-50.331,-45.38,-54.419
-37.148,-33.7706666666667,-41.2154,-53.2228,-46.742,-53.5946,-47.9526666666667,-43.555
-42.376,-30.1025,-48.5748,-43.3528,-48.7516666666667,-49.0132,-48.3613333333333,-42.581
-38.19,-31.8148333333333,-40.7784,-43.6706,-52.874,-45.5106,-54.674,-47.046
-45.865,-33.1758333333333,-42.6354,-48.699,-48.0306666666667,-43.9524,-47.348,-43.451
-31.083,-30.7493333333333,-38.4216,-49.479,-46.2128333333333,-46.182,-51.3103333333333,-47.492
-23.233,-26.9096666666667,-43.541,-47.022,-55.2528333333333,-56.3052,-55.7073333333333,-56.423
-67.728,-30.9095,-45.7468,-50.167,-48.3253333333333,-51.6706,-48.253,-54.384
-33.255,-36.9241666666667,-49.3122,-47.3642,-49.1988333333333,-53.6002,-56.5776666666667,-45.97
-34.157,-32.3125,-40.5582,-43.7046,-51.87,-51.1606,-51.1143333333333,-43.096
-39.876,-33.0871666666667,-44.2064,-45.0638,-49.4466666666667,-44.2706,-49.6696666666667,-48.624
-52.437,-17.0276666666667,-26.4398,-33.3562,-34.56,-35.8278,-41.088,-31.285
-40.304,-29.3098333333333,-33.859,-34.1806,-33.3768333333333,-31.1144,-29.7686666666667,-26.236
