0.37682,0.021236,0.071109,0.010627,0.0004601,4.8089e-05
0.37183,0.023427,0.068691,0.010903,0.00060441,6.348e-05
0.36516,0.025755,0.072653,0.010317,0.00082799,7.6261e-05
0.35708,0.027915,0.079862,0.010687,0.00091727,6.0297e-05
0.34794,0.029623,0.083024,0.012147,0.00047377,5.6911e-05
0.33805,0.030656,0.080481,0.012459,0.00047068,3.8751e-05
0.32762,0.030894,0.074012,0.011768,0.00049291,5.7907e-05
0.31672,0.030362,0.065891,0.0096318,0.00075394,5.8934e-05
0.3053,0.029216,0.058875,0.0067601,0.00061241,4.9391e-05
0.29332,0.027681,0.055213,0.004592,0.00036904,3.4221e-05
0.28099,0.025961,0.054742,0.0035473,0.00035681,2.3639e-05
0.26863,0.024213,0.055192,0.0035659,0.00031137,1.8857e-05
0.25661,0.022538,0.05398,0.0053341,0.00053171,2.7757e-05
0.24519,0.020972,0.052151,0.0092651,0.00049099,2.4625e-05
0.23452,0.019487,0.051287,0.012785,0.00043026,1.7283e-05
0.22469,0.01802,0.053338,0.017393,0.00049983,2.4224e-05
0.21576,0.016497,0.06132,0.024339,0.00039324,3.3496e-05
0.20772,0.014876,0.074337,0.029032,0.00042657,4.2173e-05
0.20052,0.013168,0.087553,0.029873,0.00045186,3.651e-05
0.19405,0.011434,0.093731,0.02988,0.00047974,3.314e-05
0.1882,0.0097545,0.092823,0.031528,0.00035491,2.5091e-05
0.18286,0.0082122,0.088738,0.033394,0.00035755,3.0284e-05
0.1779,0.0068929,0.086864,0.033514,0.00035186,4.577e-05
0.17317,0.0058634,0.086515,0.031721,0.0005745,3.9688e-05
0.16854,0.005145,0.083977,0.031887,0.00067282,4.9967e-05
0.16394,0.0047132,0.079994,0.037437,0.00060178,4.3943e-05
0.15938,0.0045156,0.079812,0.044097,0.00032274,5.092e-05
0.15493,0.0044926,0.086662,0.047097,0.00060134,5.2261e-05
0.15069,0.0045824,0.097594,0.046824,0.00059607,3.4745e-05
0.14677,0.0047176,0.10661,0.045406,0.00031066,2.465e-05
0.14323,0.0048339,0.11131,0.043642,0.00021363,1.8226e-05
0.14013,0.0048757,0.10978,0.04196,0.00024763,1.9656e-05
0.13747,0.0048066,0.10115,0.039459,0.00046621,3.6594e-05
0.1352,0.0046174,0.089914,0.036598,0.00051508,3.7592e-05
0.13326,0.0043285,0.081898,0.035332,0.00034005,2.5445e-05
0.1316,0.003989,0.077227,0.034557,0.00036831,3.1738e-05
0.13016,0.0036715,0.074375,0.033872,0.00054542,3.9742e-05
0.12888,0.0034458,0.072567,0.033281,0.0004442,3.6364e-05
0.12768,0.0033483,0.071371,0.031196,0.00040509,3.4748e-05
0.12642,0.0033719,0.070293,0.026776,0.00036334,2.9143e-05
0.12494,0.0034862,0.068293,0.022355,0.00037298,2.0166e-05
0.1231,0.0036724,0.064377,0.019154,0.00027519,1.9678e-05
0.12078,0.0039426,0.058472,0.017,0.00031984,2.1531e-05
0.11792,0.0043387,0.052502,0.015958,0.00031596,2.0974e-05
0.11446,0.0049239,0.045922,0.016612,0.00035493,3.5375e-05
0.11042,0.0057709,0.037084,0.017694,0.00045988,3.5781e-05
0.07074,0.028933,0.022052,0.008525,0.00031449,2.8285e-05
0.06869,0.033617,0.024817,0.011187,0.00038979,3.4496e-05
0.068269,0.038215,0.029139,0.01382,0.00045724,3.6318e-05
0.069545,0.042499,0.033821,0.015011,0.00040436,3.581e-05
0.07247,0.046263,0.037693,0.014939,0.00050746,3.1065e-05
0.076917,0.049341,0.040001,0.014295,0.00043296,3.7988e-05
0.082707,0.051601,0.04163,0.0132,0.00045527,3.5199e-05
0.089628,0.052942,0.043651,0.01225,0.00040194,3.5715e-05
0.097428,0.053296,0.046204,0.011731,0.000439,2.7243e-05
0.10581,0.052643,0.048831,0.011581,0.00032557,3.4573e-05
0.11444,0.051015,0.050123,0.011506,0.00031703,3.6556e-05
0.12297,0.048501,0.05061,0.011193,0.00030431,3.1952e-05
0.1311,0.04523,0.051423,0.010631,0.00031088,3.3436e-05
0.13856,0.041352,0.052677,0.010181,0.0003175,4.429e-05
0.14518,0.037038,0.052419,0.0099892,0.00048127,4.2328e-05
0.15083,0.032488,0.050239,0.0099492,0.00037085,3.8482e-05
0.15542,0.027924,0.046056,0.0095693,0.00034566,4.1835e-05
0.15893,0.023544,0.039169,0.0077005,0.00051488,4.5026e-05
0.2057,0.028515,0.030739,0.0049796,0.00030103,2.4437e-05
0.21204,0.033289,0.037408,0.0060834,0.00051583,3.2752e-05
0.2185,0.037944,0.044835,0.0084743,0.00034117,3e-05
0.22487,0.042283,0.052547,0.010201,0.00028365,2.8476e-05
0.23092,0.046109,0.059109,0.010362,0.00042489,3.3556e-05
0.2364,0.049245,0.063754,0.0094624,0.00053852,2.9826e-05
0.24105,0.051534,0.065346,0.0091329,0.00043782,3.0172e-05
0.24463,0.052853,0.064842,0.0093587,0.00045319,3.5747e-05
0.24694,0.053127,0.064907,0.0098827,0.00056169,3.5677e-05
0.24781,0.052346,0.066891,0.0098557,0.00053458,4.6387e-05
0.2471,0.050569,0.068792,0.0090521,0.00081835,4.1205e-05
0.2447,0.047932,0.069177,0.0086204,0.0007879,4.1701e-05
0.24058,0.04462,0.066547,0.0087645,0.00063697,4.0292e-05
0.23483,0.040831,0.061754,0.0082699,0.00065331,4.6909e-05
0.2276,0.03677,0.05633,0.007946,0.00093567,4.7902e-05
0.21915,0.032607,0.051054,0.009013,0.00088975,4.9845e-05
0.20977,0.028478,0.046616,0.011533,0.00071635,4.1847e-05
0.19976,0.024498,0.042173,0.011778,0.00061728,3.6507e-05
0.28556,0.021522,0.036394,0.010191,0.00076044,5.2126e-05
0.30725,0.023045,0.042467,0.0096609,0.00098482,5.6363e-05
0.32923,0.024346,0.046755,0.008903,0.0012739,6.4402e-05
0.35099,0.025375,0.04934,0.0091568,0.00089202,7.2006e-05
0.372,0.026088,0.053082,0.0086932,0.00079038,5.7068e-05
0.39182,0.02643,0.06045,0.0068199,0.00085815,5.5872e-05
0.41009,0.026348,0.068039,0.005359,0.00072181,5.9972e-05
0.42655,0.025811,0.069979,0.0051178,0.00075151,5.9121e-05
0.44099,0.024827,0.065938,0.0062187,0.000577,5.337e-05
0.45326,0.023435,0.059652,0.0074045,0.00058536,4.3963e-05
0.46326,0.021708,0.054666,0.0064015,0.00049998,4.958e-05
0.47095,0.019742,0.05191,0.0038262,0.00053786,4.243e-05
0.47634,0.017659,0.048458,0.002405,0.00071936,3.2687e-05
0.20714,0.0076353,0.027453,0.012486,0.0014919,4.4923e-05
0.20339,0.0070158,0.020141,0.015401,0.0013325,6.9234e-05
0.20084,0.0065254,0.017638,0.017996,0.0011076,5.7683e-05
0.19955,0.0062447,0.019463,0.018291,0.0011658,4.7425e-05
0.19945,0.006246,0.024061,0.017858,0.00121,5.5163e-05
0.20046,0.0065755,0.028085,0.016393,0.0012546,5.4285e-05
0.20241,0.0072421,0.029514,0.014738,0.001306,4.7316e-05
0.2051,0.008212,0.028589,0.014289,0.0012323,4.9357e-05
0.20828,0.0094221,0.027827,0.014657,0.0011464,4.066e-05
0.21166,0.010792,0.02875,0.015038,0.0011233,3.7686e-05
0.21491,0.012237,0.030937,0.015615,0.0012114,4.347e-05
0.2177,0.013674,0.032447,0.016446,0.0012065,4.4179e-05
0.21973,0.015039,0.031889,0.016207,0.0010862,5.7867e-05
0.22069,0.016272,0.031271,0.014672,0.0013762,5.4872e-05
0.22035,0.017317,0.033923,0.012179,0.0009178,6.6072e-05
0.21715,0.026286,0.021811,0.0024366,0.00046021,2.2985e-05
0.22281,0.030798,0.026217,0.0023843,0.00052305,1.8716e-05
0.22873,0.035214,0.034021,0.0041025,0.00091207,2.3285e-05
0.2348,0.039297,0.046095,0.008656,0.0008258,3.1209e-05
0.2409,0.042856,0.061635,0.012831,0.0005733,3.8484e-05
0.24689,0.04574,0.077785,0.013176,0.00079558,3.2614e-05
0.25261,0.047828,0.090804,0.012238,0.00068773,2.5458e-05
0.25788,0.049043,0.097774,0.012844,0.00055631,2.0396e-05
0.26251,0.049357,0.099731,0.014637,0.00059165,2.0629e-05
0.26632,0.048785,0.099878,0.017381,0.00071699,2.268e-05
0.26921,0.047401,0.099797,0.020824,0.00080223,3.0569e-05
0.27114,0.04534,0.10087,0.024327,0.00084951,3.5389e-05
0.27208,0.042793,0.10338,0.026306,0.0010873,6.6617e-05
0.27207,0.039993,0.10657,0.027672,0.0012396,6.4772e-05
0.27118,0.037201,0.10979,0.029753,0.00086339,5.2722e-05
0.26948,0.034664,0.11182,0.031071,0.0011143,5.9167e-05
0.26713,0.032568,0.1117,0.032263,0.0012294,6.4287e-05
0.26431,0.031013,0.10714,0.032621,0.0011683,6.4541e-05
0.26122,0.030038,0.098116,0.030058,0.00094928,6.1554e-05
0.258,0.029644,0.089919,0.02433,0.001016,4.0424e-05
0.25477,0.029805,0.084773,0.018861,0.0008699,4.2494e-05
0.25161,0.03046,0.082327,0.016952,0.0007586,3.3904e-05
0.24855,0.031517,0.079026,0.018347,0.00080738,3.8664e-05
0.24562,0.03285,0.074649,0.019159,0.00079296,5.0845e-05
0.24281,0.034301,0.07162,0.015174,0.00090351,5.3505e-05
0.24004,0.035689,0.071535,0.0096107,0.0010588,4.3146e-05
0.23722,0.036798,0.072745,0.0066086,0.00082644,4.4975e-05
0.2342,0.037389,0.070961,0.0060754,0.00076756,3.7333e-05
0.23085,0.037247,0.06545,0.0065382,0.00071412,3.596e-05
0.22704,0.036228,0.057922,0.0070137,0.00063062,3.7587e-05
0.22271,0.034305,0.049388,0.0070679,0.00064001,3.7318e-05
0.3042,0.0088744,0.054526,0.021866,0.00071278,4.5929e-05
0.30165,0.0091034,0.061347,0.021186,0.00045257,2.8251e-05
0.29838,0.0094986,0.061572,0.020402,0.00046777,3.0194e-05
0.2948,0.0099264,0.054482,0.019722,0.00082479,4.2127e-05
0.29133,0.010262,0.042386,0.019404,0.0008352,5.5033e-05
0.28838,0.010406,0.032678,0.016657,0.0007251,6.1325e-05
0.28628,0.010306,0.031092,0.012171,0.00089122,4.516e-05
0.28522,0.0099868,0.035309,0.0093928,0.00061082,3.5398e-05
0.31762,0.026681,0.024075,0.0072489,0.00060442,3.2782e-05
0.32277,0.032336,0.033287,0.011738,0.00046367,6.6829e-05
0.32707,0.0384,0.050337,0.01346,0.0004716,7.1401e-05
0.33013,0.044668,0.06951,0.011929,0.0008153,6.1302e-05
0.33156,0.050927,0.084148,0.010933,0.00041426,5.5525e-05
0.331,0.056953,0.091127,0.010996,0.00024917,3.5975e-05
0.32818,0.06252,0.094791,0.011135,0.00020734,4.4165e-05
0.32298,0.067398,0.099959,0.011073,0.00024624,3.431e-05
0.3155,0.071362,0.10665,0.010729,0.00035813,3.8862e-05
0.306,0.074229,0.10834,0.011059,0.00055374,4.4164e-05
0.29483,0.075892,0.10398,0.013038,0.00061795,4.1846e-05
0.28234,0.076341,0.096906,0.01651,0.00055186,5.182e-05
0.26898,0.075671,0.092784,0.019584,0.00079017,4.5176e-05
0.25525,0.074036,0.093859,0.02119,0.00082055,5.3525e-05
0.24173,0.071594,0.096283,0.021427,0.00085962,5.2505e-05
0.22899,0.068482,0.09614,0.020071,0.00073044,4.5238e-05
0.21757,0.064831,0.092281,0.018282,0.0006825,2.7293e-05
0.20791,0.060783,0.086449,0.016418,0.00063631,3.0326e-05
0.20032,0.05651,0.081119,0.014657,0.00068399,2.1159e-05
0.19502,0.052198,0.077036,0.01377,0.00064709,2.6936e-05
0.19212,0.048031,0.072103,0.014557,0.00073647,3.6802e-05
0.19165,0.044157,0.065586,0.015408,0.00088068,4.5829e-05
0.19354,0.040685,0.058863,0.015946,0.0010901,4.8366e-05
0.19757,0.037685,0.054447,0.015864,0.00085337,4.8567e-05
0.20343,0.035158,0.054326,0.013342,0.00061207,4.5026e-05
0.21071,0.033038,0.057003,0.0093162,0.00077262,3.2913e-05
0.21895,0.031214,0.059193,0.0065108,0.00055525,3.3577e-05
0.22766,0.029559,0.058422,0.0058542,0.00047643,2.7238e-05
0.23634,0.027956,0.055958,0.0063042,0.0004351,3.6309e-05
0.24451,0.026332,0.0561,0.007106,0.00031173,4.0743e-05
0.25173,0.024659,0.057184,0.0074981,0.00040446,3.5333e-05
0.25763,0.022956,0.056299,0.007664,0.00037079,5.3095e-05
0.26186,0.021282,0.051012,0.0079455,0.0003895,4.9981e-05
0.26411,0.019717,0.042332,0.0070078,0.00035909,5.6804e-05
0.17323,0.026064,0.028023,0.0071936,0.00066645,3.9249e-05
0.18422,0.027898,0.030445,0.0078291,0.00059937,3.1653e-05
0.19654,0.029181,0.03304,0.0078784,0.00061208,3.3488e-05
0.21001,0.02984,0.036397,0.0074109,0.00069383,3.7554e-05
0.22441,0.029847,0.039803,0.0072516,0.00076184,3.7272e-05
0.23944,0.029226,0.04212,0.0076871,0.00074731,3.4743e-05
0.25477,0.028042,0.042897,0.0082216,0.00056424,3.7054e-05
0.26998,0.026385,0.043699,0.0079094,0.0005739,3.7916e-05
0.28469,0.024361,0.046383,0.0065433,0.00060101,5.0065e-05
0.29851,0.022087,0.05103,0.0053011,0.00051028,4.5533e-05
0.31112,0.019679,0.05383,0.0054707,0.00042759,4.3707e-05
0.32236,0.017247,0.053816,0.0055607,0.00051481,6.3912e-05
0.33214,0.014894,0.051472,0.0059135,0.00068263,5.8845e-05
0.34051,0.012693,0.047288,0.0065377,0.00067983,7.5207e-05
0.34765,0.010681,0.042696,0.0066215,0.00066018,6.7026e-05
0.41907,0.014068,0.049607,0.005162,0.00058615,3.6948e-05
0.42297,0.016609,0.056543,0.0063219,0.00077877,4.7759e-05
0.42544,0.01916,0.063659,0.0073324,0.0005416,4.2494e-05
0.42608,0.021651,0.068814,0.0075968,0.00075914,4.5329e-05
0.42463,0.023983,0.071216,0.0075836,0.0007777,6.2741e-05
0.42098,0.02603,0.070035,0.0072831,0.00087974,5.5142e-05
0.41515,0.027681,0.068464,0.0065188,0.00062207,6.4744e-05
0.40726,0.028859,0.068792,0.004429,0.00066897,5.2844e-05
0.39758,0.029524,0.070606,0.0017669,0.00064772,4.8563e-05
0.38647,0.02967,0.071055,0.00065717,0.00057549,4.1128e-05
0.37431,0.029328,0.067102,0.0016693,0.00066988,5.015e-05
0.36147,0.028567,0.060451,0.0043097,0.00065691,4.6487e-05
0.34831,0.027473,0.056354,0.0067852,0.00056842,4.1199e-05
0.33512,0.02614,0.054312,0.0079452,0.00067919,4.6436e-05
0.32215,0.024669,0.051378,0.0074872,0.00070129,4.3251e-05
0.30959,0.02316,0.046337,0.0063916,0.00081385,3.2615e-05
0.29755,0.021727,0.040032,0.0057288,0.00066877,3.5518e-05
0.28606,0.020489,0.035121,0.0055401,0.00052609,2.9074e-05
0.27508,0.019572,0.034003,0.0060438,0.00057378,3.4133e-05
0.26451,0.0191,0.037141,0.0068606,0.00069869,3.7107e-05
0.25422,0.019175,0.043116,0.0076955,0.00068002,3.8196e-05
0.24404,0.019841,0.047249,0.0086248,0.00068984,4.2024e-05
0.2338,0.021055,0.045922,0.009018,0.00072541,4.2716e-05
0.22341,0.02266,0.040763,0.0090334,0.00083765,4.5234e-05
0.21289,0.024421,0.037387,0.0092245,0.00073731,4.5394e-05
0.2023,0.026067,0.039395,0.0079369,0.00061958,3.3056e-05
0.19179,0.027356,0.043607,0.0060332,0.0008324,3.4042e-05
0.18156,0.028099,0.044756,0.0057679,0.00081815,2.661e-05
0.17181,0.028191,0.040879,0.0062223,0.00060813,2.2011e-05
0.16275,0.027612,0.034089,0.0059387,0.00067898,2.612e-05
0.15401,0.032787,0.032432,0.0067843,0.00037288,2.3749e-05
0.16118,0.037776,0.036984,0.0068226,0.00051724,2.5301e-05
0.16893,0.042437,0.042524,0.0065022,0.00049325,2.6709e-05
0.17705,0.046593,0.04839,0.0064483,0.0005046,2.5413e-05
0.18531,0.050084,0.053286,0.0066156,0.0004989,2.7757e-05
0.19345,0.05276,0.057244,0.0065619,0.00050643,2.704e-05
0.20117,0.054492,0.059397,0.0066032,0.00047214,2.8702e-05
0.20821,0.055189,0.060216,0.0065676,0.00054033,2.6316e-05
0.21431,0.054798,0.060446,0.0066614,0.00051728,3.4656e-05
0.21924,0.053327,0.060679,0.0074928,0.00075304,3.4212e-05
0.22277,0.050851,0.061524,0.0086037,0.00060398,3.7604e-05
0.22469,0.047503,0.062966,0.0088644,0.00061984,3.9872e-05
0.22488,0.043459,0.062767,0.0084468,0.0008544,3.9901e-05
0.22327,0.038929,0.060005,0.0086926,0.0006475,4.4727e-05
0.21982,0.034144,0.054346,0.0088803,0.00046673,4.0972e-05
0.21455,0.029338,0.04564,0.0080014,0.00087637,4.0864e-05
0.20755,0.024726,0.036873,0.0073574,0.00088086,5.3749e-05
0.032363,0.01594,0.030178,0.012166,0.00052589,3.6443e-05
0.037621,0.014675,0.031013,0.014988,0.00063062,3.802e-05
0.043403,0.013288,0.033268,0.015843,0.00066164,3.8142e-05
0.049742,0.01191,0.035601,0.015316,0.00067982,4.0552e-05
0.056703,0.010662,0.036762,0.014554,0.00069639,3.5037e-05
0.064377,0.0096333,0.036842,0.014403,0.00064734,3.355e-05
0.072889,0.0088665,0.037013,0.015068,0.00065292,3.1088e-05
0.082387,0.0083551,0.035959,0.015392,0.00078667,2.8838e-05
0.093031,0.0080511,0.03423,0.014989,0.0008489,3.2345e-05
0.10498,0.0078899,0.031685,0.013552,0.00093487,2.3018e-05
0.11841,0.0078087,0.028514,0.011883,0.00094715,2.3243e-05
0.13345,0.0077611,0.025158,0.010955,0.00095821,3.6764e-05
0.15022,0.0077207,0.023115,0.011278,0.0011926,4.4348e-05
0.16879,0.0076782,0.023702,0.011031,0.00096784,3.7029e-05
0.18918,0.0076337,0.027711,0.0085729,0.0011684,4.3884e-05
0.21131,0.0075876,0.032974,0.0052167,0.0013625,4.8039e-05
0.23505,0.0075311,0.03624,0.0039147,0.0011691,4.8082e-05
0.26017,0.0074439,0.037068,0.0042432,0.0010027,5.2279e-05
0.2864,0.0072956,0.037689,0.0043076,0.0010457,5.701e-05
0.31349,0.0070545,0.040187,0.0046026,0.0011379,6.7214e-05
0.34123,0.0067018,0.041769,0.0052069,0.001362,7.9686e-05
0.36942,0.0062395,0.041707,0.0060733,0.0011894,8.4863e-05
0.39789,0.0057,0.040919,0.0059092,0.0011615,7.5694e-05
0.42637,0.0051477,0.041364,0.0045201,0.0011977,9.1969e-05
0.45454,0.0046729,0.044329,0.0033827,0.0012584,7.4912e-05
0.48209,0.0043665,0.049268,0.0034158,0.00074252,5.9908e-05
0.50874,0.0043075,0.053349,0.0032866,0.0006843,5.9345e-05
0.53423,0.0045653,0.05459,0.0024642,0.00070666,6.3753e-05
0.55826,0.0051856,0.052439,0.001965,0.00072793,6.3727e-05
0.58058,0.0061799,0.048387,0.0030693,0.00068185,5.9329e-05
0.60089,0.0075261,0.046729,0.0040195,0.0004375,5.1906e-05
0.61885,0.0091698,0.048147,0.0032922,0.00052885,5.3322e-05
0.63411,0.011046,0.051696,0.002431,0.00054585,4.0857e-05
0.64631,0.013091,0.056975,0.0024874,0.00036151,2.6784e-05
0.65514,0.015246,0.0639,0.0030082,0.00038694,2.3393e-05
0.66026,0.017445,0.071981,0.004153,0.00043449,2.4409e-05
0.66132,0.019631,0.078969,0.005535,0.00043837,2.981e-05
0.65804,0.021746,0.082256,0.0067272,0.00048865,3.0694e-05
0.6502,0.023737,0.081903,0.0075336,0.00040749,4.2081e-05
0.63769,0.025559,0.078676,0.0073433,0.00066786,4.7166e-05
0.62052,0.027159,0.076159,0.0080371,0.00086313,6.0005e-05
0.59894,0.028465,0.075647,0.0096358,0.00043196,6.8389e-05
0.57338,0.029385,0.076396,0.0094284,0.0006424,5.8833e-05
0.54441,0.029841,0.077128,0.0070351,0.00094367,7.3489e-05
0.51272,0.029781,0.075933,0.0057981,0.00088237,6.5977e-05
0.47906,0.029193,0.071709,0.0064442,0.00073947,5.8513e-05
0.44426,0.028111,0.067196,0.0073276,0.00057162,5.0445e-05
0.40914,0.026599,0.061897,0.0074524,0.00081741,5.4127e-05
0.37457,0.024738,0.053214,0.0083045,0.0010346,6.6835e-05
0.34134,0.02264,0.041138,0.0098766,0.00082758,6.1073e-05
0.31011,0.020437,0.027905,0.0094697,0.00083396,5.7765e-05
0.28146,0.018267,0.018144,0.0071581,0.00099914,5.3622e-05
0.22021,0.021645,0.017625,0.0024746,0.00025748,2.1845e-05
0.22596,0.024006,0.020045,0.0027542,0.00024752,2.5913e-05
0.23256,0.026042,0.025849,0.0030129,0.00035471,3.1775e-05
0.2397,0.027642,0.034012,0.0031742,0.00047248,3.7984e-05
0.24699,0.028734,0.040562,0.0037942,0.00039927,3.7787e-05
0.25406,0.029279,0.04366,0.0039513,0.00033077,2.871e-05
0.2605,0.029279,0.044819,0.0037342,0.00035406,3.1667e-05
0.26597,0.028765,0.04548,0.0032957,0.00037969,3.7747e-05
0.27018,0.027785,0.044732,0.0031802,0.00059469,4.6974e-05
0.27301,0.026395,0.042875,0.0051186,0.00072752,5.9347e-05
0.27448,0.024654,0.041607,0.008296,0.0006041,4.269e-05
0.27464,0.022649,0.041706,0.010188,0.00039854,4.8357e-05
0.27359,0.020497,0.04062,0.0089217,0.00059376,5.7064e-05
0.27146,0.018316,0.036886,0.0068995,0.0008437,5.1272e-05
0.26846,0.016213,0.032277,0.0071819,0.00058729,5.5034e-05
0.26482,0.014285,0.029747,0.0083759,0.00036377,3.7187e-05
0.26075,0.012599,0.029449,0.0082163,0.00040163,3.5029e-05
0.21377,0.016039,0.033306,0.0082894,0.0007925,3.9349e-05
0.22712,0.017999,0.042855,0.0087058,0.00057238,3.3217e-05
0.24186,0.019881,0.048194,0.0086029,0.00053968,2.7858e-05
0.2576,0.021597,0.049696,0.0084265,0.00052946,3.3547e-05
0.27392,0.023056,0.049267,0.008348,0.00065326,4.0852e-05
0.29034,0.02419,0.049055,0.0088144,0.00080472,4.7271e-05
0.30634,0.024951,0.051982,0.010043,0.00080574,5.5922e-05
0.32143,0.025318,0.057929,0.010772,0.00061654,5.9554e-05
0.33514,0.025301,0.062753,0.010368,0.00073457,5.1483e-05
0.34708,0.024932,0.064373,0.0097551,0.00077594,6.1593e-05
0.35697,0.024258,0.064216,0.01027,0.00065452,4.4537e-05
0.36464,0.023335,0.06409,0.01087,0.00063123,4.5757e-05
0.36999,0.02221,0.063743,0.01089,0.00072979,4.2984e-05
0.37302,0.020935,0.061844,0.010245,0.00050614,3.0593e-05
0.37374,0.019558,0.055577,0.0085756,0.00060619,4.2492e-05
0.37219,0.018128,0.045644,0.0070002,0.00063583,3.5633e-05
0.36845,0.016696,0.037136,0.0057694,0.00036739,2.4769e-05
0.3626,0.015318,0.032834,0.0050653,0.00040308,2.8213e-05
0.35477,0.014055,0.032414,0.0047819,0.00044648,3.6127e-05
0.34511,0.012963,0.03467,0.0040818,0.00048292,4.0866e-05
0.33375,0.012084,0.037707,0.0024389,0.00055213,4.6875e-05
0.32084,0.011429,0.038457,0.0011969,0.000568,4.666e-05
0.30653,0.010981,0.036754,0.0013318,0.00045308,3.152e-05
0.074948,0.016491,0.02761,0.0081434,0.00057629,2.7012e-05
0.079557,0.018227,0.031394,0.007967,0.00052928,2.1963e-05
0.084673,0.019929,0.03425,0.0079523,0.00042118,2.3335e-05
0.09009,0.02147,0.036357,0.0078786,0.00042843,2.1327e-05
0.095644,0.022703,0.037714,0.0078922,0.00045867,2.2691e-05
0.1012,0.023494,0.038501,0.0083676,0.00041574,1.4727e-05
0.10664,0.023751,0.039254,0.0083698,0.00040856,2.0912e-05
0.11185,0.023445,0.038767,0.0080834,0.00070194,1.9614e-05
0.11675,0.022605,0.037793,0.0085895,0.00065092,1.9872e-05
0.12134,0.021314,0.037246,0.0094927,0.00060823,2.6334e-05
0.12568,0.01969,0.037707,0.0098138,0.00057155,2.0671e-05
0.12988,0.01787,0.038023,0.0091081,0.00052677,2.2019e-05
0.13404,0.015994,0.036398,0.0075722,0.00061754,2.844e-05
0.22021,0.0095462,0.030498,0.0090717,0.00058091,6.559e-05
0.23037,0.0099996,0.033578,0.011958,0.00038115,5.7744e-05
0.24019,0.010362,0.036616,0.0123,0.00044675,7.2609e-05
0.24941,0.010587,0.038581,0.010548,0.00065003,6.8204e-05
0.25777,0.010644,0.039368,0.0092257,0.00057829,5.5759e-05
0.26505,0.010528,0.04003,0.0090735,0.00039152,6.1013e-05
0.27105,0.010259,0.04098,0.009339,0.00050736,5.2755e-05
0.27566,0.0098653,0.041435,0.0096408,0.00045309,4.8102e-05
0.27884,0.0093754,0.040477,0.0096502,0.00041077,3.5108e-05
0.28059,0.0088108,0.036865,0.008543,0.00030358,4.043e-05
0.16173,0.0089205,0.029765,0.0090437,0.00054663,3.4542e-05
0.16949,0.0089215,0.033003,0.0096494,0.00069312,3.306e-05
0.17831,0.0088317,0.036202,0.0098515,0.00079124,3.7354e-05
0.18805,0.0086801,0.037084,0.009796,0.0007899,3.5787e-05
0.19851,0.0084845,0.036313,0.0096736,0.00073712,3.0314e-05
0.20948,0.008256,0.035435,0.0095029,0.00076192,4.1413e-05
0.22077,0.0080109,0.036379,0.0093097,0.00090868,4.4412e-05
0.23222,0.0077805,0.040207,0.010118,0.0010931,5.2525e-05
0.24368,0.0076152,0.046826,0.012943,0.0013276,6.2986e-05
0.25496,0.0075818,0.053738,0.015518,0.00090389,5.1465e-05
0.26594,0.0077391,0.057833,0.014431,0.00076823,5.2729e-05
0.27654,0.0081275,0.057745,0.010988,0.00099516,5.2056e-05
0.28669,0.0087704,0.053906,0.0083601,0.00087595,6.7289e-05
0.29634,0.0096828,0.048507,0.0074876,0.0007896,5.0177e-05
0.30544,0.010867,0.043925,0.0067777,0.00069646,3.8339e-05
0.31395,0.01231,0.041914,0.0056913,0.00053073,3.1319e-05
0.32184,0.013988,0.041226,0.0049399,0.00058416,3.1262e-05
0.32902,0.015873,0.040635,0.0048395,0.00044747,2.8305e-05
0.33543,0.017913,0.040229,0.0048156,0.00031907,2.3457e-05
0.34099,0.020032,0.040861,0.004733,0.00025126,1.8186e-05
0.34561,0.02213,0.043465,0.0049175,0.00021976,1.7557e-05
0.34917,0.024096,0.049105,0.0055686,0.00023715,1.9391e-05
0.35155,0.025808,0.056142,0.0064536,0.00030934,2.2054e-05
0.3526,0.027155,0.059931,0.0070693,0.00024449,2.4212e-05
0.35217,0.028065,0.058991,0.0068209,0.00035234,2.9261e-05
0.35014,0.028511,0.055189,0.0059877,0.00046968,3.4603e-05
0.3464,0.028523,0.051925,0.005673,0.00051321,4.134e-05
0.34087,0.028162,0.05159,0.0055068,0.00060625,5.5114e-05
0.33344,0.027512,0.052251,0.0050201,0.00049559,6.1595e-05
0.32407,0.026666,0.050978,0.004241,0.0007693,5.2908e-05
0.31286,0.025689,0.047833,0.0042412,0.00062595,5.7678e-05
0.30009,0.024617,0.04503,0.0043627,0.0005481,5.4806e-05
0.28614,0.023467,0.042881,0.0037461,0.00063794,5.6204e-05
0.27146,0.022242,0.040561,0.0037199,0.00092346,5.296e-05
0.25656,0.020937,0.038064,0.0054323,0.00076678,4.9521e-05
0.24193,0.019546,0.033375,0.0066857,0.00085046,6.0401e-05
0.228,0.018082,0.026959,0.0067664,0.0012847,4.7703e-05
0.044473,0.0088762,0.021873,0.013137,0.00042151,4.7086e-05
0.045624,0.010024,0.029495,0.017521,0.00033781,4.5525e-05
0.047498,0.01132,0.036949,0.018407,0.00054243,3.8693e-05
0.049979,0.012671,0.04161,0.01797,0.00054164,3.429e-05
0.05297,0.013971,0.042569,0.017283,0.00052002,3.6956e-05
0.056377,0.015123,0.041829,0.017258,0.00052755,3.7321e-05
0.060124,0.016046,0.042239,0.017292,0.000571,4.1801e-05
0.064146,0.016685,0.043558,0.016991,0.0008009,3.987e-05
0.068429,0.017014,0.044239,0.016752,0.0010348,4.8839e-05
0.072998,0.017046,0.043842,0.017957,0.00091999,4.8626e-05
0.077906,0.016827,0.043824,0.018726,0.00079903,4.8645e-05
0.083235,0.01642,0.044635,0.01817,0.001002,4.8232e-05
0.089092,0.015873,0.046187,0.017651,0.0010941,5.0366e-05
0.095573,0.01522,0.047233,0.017531,0.0011668,4.9139e-05
0.10275,0.014489,0.045813,0.017593,0.0010895,5.1455e-05
0.11065,0.013698,0.042009,0.017021,0.0009492,5.7756e-05
0.11929,0.012863,0.037123,0.01432,0.0010027,5.597e-05
0.12863,0.012003,0.033629,0.010055,0.00095827,6.5834e-05
0.3243,0.017687,0.029564,0.0030536,0.00041356,2.7191e-05
0.32916,0.0213,0.036319,0.0045286,0.00034208,3.2541e-05
0.33262,0.024983,0.045465,0.0055385,0.00047538,4.0605e-05
0.33446,0.028569,0.054929,0.0062704,0.00047105,3.7996e-05
0.33448,0.031898,0.059335,0.0070052,0.00041439,4.4711e-05
0.33245,0.034812,0.059486,0.0068365,0.00052611,4.5561e-05
0.32822,0.03718,0.059847,0.0061608,0.00062239,4.484e-05
0.32174,0.038904,0.063383,0.0048419,0.00050051,4.41e-05
0.31306,0.039915,0.068657,0.0032792,0.00053157,3.981e-05
0.30237,0.04018,0.071658,0.00289,0.00048044,4.0367e-05
0.28995,0.039721,0.069167,0.0037636,0.00041373,3.6476e-05
0.27619,0.038612,0.062059,0.0049107,0.00045099,4.0725e-05
0.26155,0.036959,0.055016,0.0060721,0.00060619,5.5404e-05
0.24652,0.034881,0.051659,0.0076985,0.00066768,5.2631e-05
0.23164,0.032499,0.05072,0.0092621,0.00047041,5.4635e-05
0.21737,0.029931,0.048781,0.0098062,0.00045964,3.5993e-05
0.20416,0.027288,0.04459,0.0096142,0.00038249,3.8825e-05
0.19241,0.024653,0.038204,0.0086756,0.00043258,3.3941e-05
0.18241,0.022091,0.033687,0.0071044,0.00047972,2.2263e-05
0.17442,0.019652,0.031962,0.0058882,0.00048863,1.961e-05
0.1686,0.017384,0.032269,0.0057042,0.00051359,1.844e-05
0.16504,0.015347,0.033172,0.0060807,0.00056598,2.2153e-05
0.24808,0.0091304,0.038376,0.0082963,0.00077308,4.8716e-05
0.26237,0.0091906,0.037527,0.0087589,0.0010679,5.5843e-05
0.27702,0.0095515,0.034114,0.0080435,0.00084551,7.2011e-05
0.2919,0.010291,0.031562,0.0070524,0.00061948,4.6036e-05
0.30691,0.011447,0.032386,0.005625,0.00054488,4.5193e-05
0.32192,0.013031,0.034113,0.0043081,0.00077947,5.4213e-05
0.33679,0.015026,0.034601,0.0047617,0.00084357,4.8205e-05
0.3514,0.01738,0.034143,0.0058213,0.00056113,3.385e-05
0.24037,0.019748,0.029114,0.0020913,0.00081796,6.1896e-05
0.21859,0.017868,0.025545,0.0018535,0.000836,6.8189e-05
0.19671,0.015859,0.021902,0.0023923,0.0008052,7.1142e-05
0.1751,0.013815,0.019354,0.0031485,0.00072432,6.4231e-05
0.15415,0.011817,0.018041,0.0033891,0.00087298,6.5122e-05
0.13423,0.0099277,0.016801,0.0040152,0.00088053,6.6899e-05
0.11567,0.0081959,0.014846,0.0058733,0.00072934,4.5988e-05
0.098746,0.0066614,0.012073,0.0063734,0.00041004,4.936e-05
0.083666,0.0053568,0.0091817,0.0049575,0.00062063,4.3744e-05
0.07055,0.0043033,0.0070893,0.004161,0.00052256,4.5861e-05
0.059433,0.0035077,0.006119,0.004569,0.00022815,3.6855e-05
0.050275,0.0029594,0.0057048,0.0044847,0.0005049,3.2089e-05
0.042994,0.0026293,0.0058505,0.0042561,0.00056231,3.5977e-05
0.037475,0.0024748,0.0062912,0.0044856,0.0005426,2.9616e-05
0.03359,0.0024473,0.0070115,0.0054362,0.0005269,2.8532e-05
0.031208,0.002499,0.0077451,0.0062745,0.00049114,2.6327e-05
0.030202,0.0025845,0.008512,0.0063857,0.00051835,2.6473e-05
0.030447,0.0026631,0.0097499,0.0057614,0.00075176,2.8231e-05
0.031829,0.0027055,0.01154,0.0060346,0.00079372,2.9532e-05
0.034231,0.0027018,0.013478,0.0069129,0.00068556,2.5717e-05
0.037527,0.002658,0.015268,0.0076488,0.00065269,2.1443e-05
0.041583,0.0025896,0.016275,0.0079937,0.00060426,2.059e-05
0.04625,0.002516,0.016006,0.0079523,0.0006372,2.5104e-05
0.05135,0.002458,0.014577,0.0079889,0.0007643,2.6787e-05
0.056679,0.0024336,0.014554,0.0083907,0.00073068,2.8378e-05
0.062018,0.0024606,0.017201,0.0086693,0.00071556,3.2533e-05
0.067171,0.0025524,0.021044,0.008611,0.0008722,3.3289e-05
0.072,0.002711,0.024268,0.0093882,0.00062777,3.572e-05
0.076421,0.0029268,0.025979,0.0099841,0.00044236,3.2903e-05
0.080404,0.0031741,0.02713,0.0094183,0.00043964,2.0632e-05
0.083955,0.0034184,0.029038,0.0081442,0.00040539,2.7227e-05
0.087121,0.0036236,0.031516,0.0069202,0.00055902,2.0378e-05
0.089989,0.0037687,0.034146,0.0067816,0.0005046,1.7359e-05
0.092662,0.0038638,0.034532,0.0072919,0.00051576,1.896e-05
0.095248,0.003953,0.033039,0.0082427,0.00056848,2.0626e-05
0.097864,0.0041103,0.031177,0.0091223,0.00052493,1.6943e-05
0.10063,0.0044289,0.031119,0.0088398,0.00049701,2.2162e-05
0.10368,0.0050024,0.032571,0.006813,0.00067521,3.2216e-05
0.10714,0.0058978,0.034079,0.0044901,0.00070317,2.773e-05
0.1111,0.0071376,0.03427,0.0038429,0.00060562,2.5359e-05
0.11563,0.0087069,0.033399,0.0041549,0.00060263,1.7928e-05
0.12075,0.01057,0.033186,0.0050336,0.00061322,1.7702e-05
0.12646,0.012683,0.03458,0.0062011,0.00060255,2.3592e-05
0.13272,0.014997,0.037518,0.0073677,0.00067479,2.6389e-05
0.13944,0.017468,0.039193,0.008293,0.00069788,3.4474e-05
0.14645,0.020046,0.038907,0.0083769,0.00083213,4.1053e-05
0.15357,0.022685,0.03768,0.0080612,0.00096493,4.1435e-05
0.1726,0.023109,0.02196,0.0026354,0.00031035,2.09e-05
0.1688,0.019817,0.019791,0.0033934,0.00029887,2.3769e-05
0.16497,0.016613,0.017818,0.0044028,0.0003346,2.6656e-05
0.1612,0.013617,0.01618,0.0058158,0.00035336,3.0642e-05
0.1576,0.01092,0.017605,0.0072483,0.00047971,4.1393e-05
0.15427,0.0085739,0.022011,0.0075822,0.00051533,4.8037e-05
0.15134,0.0066006,0.026127,0.0074048,0.00051143,3.7491e-05
0.14892,0.0049931,0.027271,0.0077249,0.00046989,3.424e-05
0.14711,0.0037371,0.02508,0.0082071,0.00048057,4.4176e-05
0.14595,0.0028143,0.021584,0.0084255,0.00053287,4.4232e-05
0.14549,0.0022032,0.020169,0.0080295,0.00063357,4.0538e-05
0.14571,0.0018834,0.019963,0.0069703,0.00080675,4.5756e-05
0.14656,0.0018391,0.018449,0.0060439,0.001213,5.2008e-05
0.14795,0.0020582,0.01612,0.0079197,0.0011375,4.6948e-05
0.14976,0.0025346,0.016173,0.01051,0.00081948,4.2378e-05
0.15184,0.0032647,0.019516,0.010478,0.0010647,4.46e-05
0.15403,0.0042426,0.024437,0.0092128,0.0011033,4.1166e-05
0.15621,0.0054468,0.028418,0.0081087,0.00097974,2.9989e-05
0.15825,0.0068314,0.029296,0.0069904,0.00092149,2.9275e-05
0.16002,0.0083324,0.026748,0.0064116,0.00094986,2.6964e-05
0.16138,0.0098791,0.022977,0.0061707,0.000828,2.6799e-05
0.16219,0.011398,0.02071,0.0057136,0.0007936,2.1541e-05
0.16233,0.012819,0.020706,0.0050082,0.00083333,1.9583e-05
0.16171,0.014091,0.02261,0.0042653,0.00093909,2.3886e-05
0.16025,0.015171,0.025035,0.0038972,0.0010985,2.2444e-05
0.15789,0.016015,0.026433,0.0046985,0.0010009,2.4734e-05
0.15457,0.016569,0.02675,0.0054132,0.00078078,2.1694e-05
0.15028,0.016772,0.027021,0.0044622,0.00077482,2.1107e-05
0.14505,0.01658,0.028037,0.0028141,0.00082533,2.5087e-05
0.139,0.016,0.028798,0.0022489,0.00053705,2.2371e-05
0.1323,0.015101,0.026469,0.0020491,0.00050295,2.0637e-05
0.12518,0.014016,0.022743,0.0019428,0.00064757,2.9681e-05
0.11787,0.012918,0.01868,0.0027377,0.00069424,4.237e-05
0.11065,0.012006,0.015222,0.0037964,0.00049082,3.9484e-05
0.10371,0.011493,0.013558,0.0036824,0.00051093,2.6999e-05
0.097286,0.011591,0.01361,0.0030072,0.00062437,2.6772e-05
0.09155,0.012476,0.01374,0.0025326,0.00059567,3.2181e-05
0.086702,0.014232,0.012933,0.0031651,0.00059877,2.9853e-05
0.082936,0.016828,0.012771,0.0043393,0.00053439,2.6465e-05
0.080409,0.020141,0.014583,0.004884,0.00036536,2.7365e-05
0.07921,0.023999,0.018708,0.0059049,0.00043083,2.6924e-05
0.30858,0.0082381,0.0497,0.0045737,0.00076431,3.2716e-05
0.30692,0.0083795,0.048712,0.0033775,0.00080499,3.8292e-05
0.30372,0.008666,0.048441,0.0035762,0.00059008,4.4173e-05
0.29924,0.0091222,0.047953,0.0034259,0.00048235,3.3686e-05
0.29378,0.0097481,0.0462,0.0024017,0.00073003,2.7732e-05
0.28773,0.010501,0.044206,0.0020372,0.00055424,3.2139e-05
0.28143,0.011295,0.040763,0.001633,0.00067333,4.0313e-05
0.27526,0.012022,0.035038,0.0013964,0.00096884,3.5686e-05
0.2696,0.012581,0.030146,0.0025928,0.00073849,3.3704e-05
0.26477,0.01289,0.027409,0.0036564,0.00070749,2.8732e-05
0.26095,0.012915,0.027983,0.0043932,0.0008349,3.2506e-05
0.25818,0.012676,0.030766,0.0058739,0.00083149,3.0972e-05
0.25638,0.01224,0.03239,0.0070524,0.00080866,4.5631e-05
0.25539,0.011695,0.030495,0.0074368,0.0010089,4.6595e-05
0.255,0.011117,0.027623,0.0080434,0.00099866,4.0976e-05
0.25501,0.010548,0.026177,0.007798,0.00066162,4.3301e-05
0.25525,0.010003,0.027579,0.0061368,0.00087441,3.5147e-05
0.25562,0.0094892,0.031175,0.0052264,0.00096842,4.3431e-05
0.25603,0.0090244,0.033515,0.0059202,0.00079762,4.0679e-05
0.25631,0.0086233,0.033962,0.0075884,0.00084651,3.7698e-05
0.25622,0.0082879,0.035721,0.0091939,0.00080145,4.0381e-05
0.25546,0.0080101,0.039552,0.0090661,0.00057258,4.9463e-05
0.25378,0.0077823,0.043478,0.0076459,0.00085039,4.0858e-05
0.25092,0.0075993,0.044546,0.0074572,0.00086277,4.8707e-05
0.24678,0.0074439,0.04207,0.0090834,0.00047298,3.5181e-05
0.24139,0.0072875,0.035887,0.0092007,0.00045525,4.3261e-05
0.23487,0.0071011,0.028553,0.0072908,0.0009122,5.6478e-05
0.22744,0.0068619,0.023292,0.0054165,0.00085786,5.845e-05
0.21934,0.0065584,0.02097,0.0051593,0.00078559,4.1739e-05
0.21089,0.0061943,0.021166,0.0054874,0.00059145,2.9898e-05
0.20245,0.0057859,0.022788,0.0052009,0.0004372,3.5852e-05
0.19439,0.0053576,0.02336,0.0045463,0.00058805,3.4808e-05
0.18701,0.0049372,0.02226,0.0048605,0.00048456,3.3525e-05
0.18056,0.0045519,0.019704,0.0054674,0.00042096,3.8626e-05
0.17524,0.0042287,0.016837,0.0050781,0.00052195,3.8053e-05
0.17122,0.0039978,0.014497,0.004348,0.00050624,3.0449e-05
0.16858,0.0038946,0.012924,0.0035408,0.0004811,3.8843e-05
0.16733,0.0039622,0.011139,0.0032042,0.0006978,3.7417e-05
0.16743,0.0042471,0.0097,0.0034135,0.00081702,4.0738e-05
0.16877,0.0047857,0.0095241,0.0042012,0.00084703,4.2541e-05
0.17123,0.0055913,0.010977,0.0048683,0.00085878,3.5327e-05
0.17463,0.0066456,0.014041,0.0049363,0.00077166,4.4389e-05
0.17873,0.007906,0.016916,0.0043846,0.00091866,3.9185e-05
0.18323,0.0093103,0.017973,0.0041645,0.00084237,4.2147e-05
0.18784,0.010777,0.017378,0.0059527,0.00094499,4.8508e-05
0.19236,0.012208,0.019086,0.008253,0.00085089,6.1976e-05
0.19661,0.013493,0.025179,0.008701,0.000832,5.1424e-05
0.20052,0.014515,0.032796,0.0071359,0.0010669,6.7602e-05
0.20401,0.01518,0.037587,0.0056498,0.00095469,5.7269e-05
0.20701,0.015442,0.037872,0.0054318,0.00078315,3.9337e-05
0.20952,0.015302,0.036821,0.0058158,0.00079519,4.5484e-05
0.21149,0.014829,0.038791,0.0057661,0.00063185,4.6381e-05
0.21292,0.014139,0.042518,0.0050443,0.00068305,4.2533e-05
0.21387,0.013379,0.043401,0.0051427,0.00089296,5.2462e-05
0.21446,0.012696,0.039455,0.0074181,0.0005176,5.6343e-05
0.21481,0.012221,0.034088,0.0095207,0.00032726,5.8833e-05
0.21501,0.012058,0.032135,0.0097531,0.00052371,6.0775e-05
0.21517,0.012274,0.034959,0.0088924,0.00047716,5.4505e-05
0.21534,0.012884,0.040026,0.0088784,0.00036233,4.3253e-05
0.21558,0.013872,0.045122,0.0091977,0.00037107,3.9606e-05
0.15436,0.018302,0.027891,0.0067472,0.00076059,5.0371e-05
0.15031,0.015879,0.02088,0.0038846,0.0008011,4.3819e-05
0.1476,0.013738,0.01634,0.0029236,0.00075974,4.4233e-05
0.1464,0.012024,0.014082,0.003059,0.00071663,4.8578e-05
0.14682,0.010847,0.013291,0.0033705,0.00067191,5.7991e-05
0.14891,0.010258,0.012682,0.002715,0.00064226,5.1801e-05
0.15262,0.010239,0.012371,0.0018398,0.00086313,4.1921e-05
0.15786,0.010705,0.013046,0.0026725,0.00072188,5.0833e-05
0.16447,0.011517,0.015888,0.0056429,0.00063836,5.2425e-05
0.17224,0.012507,0.022043,0.0080233,0.00055477,4.7151e-05
0.18095,0.013501,0.02963,0.0082431,0.00060018,4.4939e-05
0.19039,0.014343,0.034801,0.0072951,0.00061455,3.6588e-05
0.20036,0.014908,0.034746,0.0064177,0.00063885,3.9699e-05
0.2106,0.015133,0.03307,0.0065318,0.00049661,4.4014e-05
0.22079,0.015039,0.033644,0.0069258,0.00060624,4.2019e-05
0.23053,0.014727,0.037233,0.0069802,0.00058614,4.5353e-05
0.23938,0.014353,0.040533,0.0066152,0.0005392,3.7937e-05
0.24693,0.014082,0.041194,0.0061198,0.00055755,3.6347e-05
0.25297,0.014047,0.039129,0.0058159,0.00051344,4.5926e-05
0.25744,0.014333,0.036627,0.0061055,0.00058709,3.0362e-05
0.26035,0.014956,0.037296,0.0068995,0.0004356,3.559e-05
0.26174,0.015894,0.039709,0.0074003,0.00073436,3.8351e-05
0.26165,0.017093,0.041961,0.0078075,0.00061532,2.0806e-05
0.26012,0.018477,0.043277,0.0075807,0.00055659,1.5421e-05
0.044961,0.0014628,0.031093,0.01222,0.00034395,2.2546e-05
0.044954,0.0019246,0.026897,0.010011,0.00030804,2.3893e-05
0.045874,0.0026031,0.020577,0.0075447,0.00026501,2.3843e-05
0.047592,0.0033613,0.016038,0.0060512,0.00023428,2.1333e-05
0.049977,0.0040893,0.013544,0.0056574,0.00027476,2.3632e-05
0.052898,0.0047169,0.012921,0.0054507,0.00031787,3.1968e-05
0.056223,0.0052109,0.014097,0.0056086,0.000401,3.3743e-05
0.059819,0.0055651,0.015557,0.0061273,0.00044691,2.8554e-05
0.063548,0.0057931,0.016395,0.0065069,0.00038627,2.7201e-05
0.067247,0.0059239,0.016957,0.0062081,0.00043469,2.6344e-05
0.070733,0.0059882,0.017795,0.0054063,0.00039356,2.5772e-05
0.073852,0.0060083,0.018734,0.0047637,0.00037342,2.3676e-05
0.076516,0.0060011,0.019338,0.0044743,0.00034474,2.3012e-05
0.078707,0.0059772,0.018492,0.0043462,0.00032305,2.1849e-05
0.080452,0.0059322,0.01683,0.0044727,0.00035908,2.5593e-05
0.081796,0.0058432,0.0149,0.0045014,0.00048801,2.5194e-05
0.082772,0.0056842,0.013792,0.0040669,0.00041051,3.1827e-05
0.083385,0.0054483,0.014255,0.0035534,0.0003527,2.6731e-05
0.083625,0.0051513,0.015861,0.0033138,0.00030019,2.1444e-05
0.083525,0.0048067,0.017992,0.0033315,0.00024602,1.8763e-05
0.08317,0.0044232,0.021193,0.0040342,0.00030072,2.033e-05
0.08268,0.0040193,0.02447,0.0052837,0.00033094,2.0708e-05
0.082188,0.0036276,0.026073,0.0063016,0.00031477,2.0178e-05
0.081827,0.0032897,0.025144,0.0079837,0.00034642,2.2534e-05
0.081732,0.0030432,0.023109,0.011057,0.00032094,2.647e-05
0.082028,0.002911,0.022089,0.013202,0.00024919,2.6149e-05
0.082832,0.002903,0.022388,0.014354,0.00019488,3.0416e-05
0.3449,0.027036,0.054913,0.0082824,0.00048486,2.4315e-05
0.3439,0.029804,0.058745,0.0084131,0.00039678,2.4079e-05
0.34321,0.032795,0.063393,0.0085463,0.00036008,2.3717e-05
0.34238,0.035868,0.066278,0.0085845,0.00045593,2.4883e-05
0.3409,0.038862,0.06623,0.0092715,0.00041406,3.0212e-05
0.3383,0.041626,0.064239,0.01168,0.0004668,3.453e-05
0.33414,0.044031,0.06567,0.014503,0.0004416,5.4814e-05
0.32802,0.045999,0.075251,0.015869,0.0006592,5.5398e-05
0.31963,0.047535,0.088494,0.016031,0.00066481,5.001e-05
0.30874,0.048716,0.096701,0.016301,0.00066043,4.6563e-05
0.29533,0.049632,0.096818,0.017599,0.0004452,3.4224e-05
0.27963,0.050331,0.092268,0.018966,0.00046995,3.2172e-05
0.26207,0.050834,0.088076,0.01897,0.00057668,5.3679e-05
0.24318,0.051183,0.085379,0.016901,0.00075985,5.3106e-05
0.22355,0.05143,0.081555,0.015757,0.00077843,4.2432e-05
0.20386,0.051628,0.076315,0.018495,0.00039182,3.0128e-05
0.18479,0.051839,0.072236,0.02211,0.00026777,3.0543e-05
0.16696,0.052133,0.071366,0.024156,0.00055547,3.7657e-05
0.15095,0.052571,0.073803,0.0251,0.00051865,3.329e-05
0.13724,0.053167,0.077531,0.024878,0.00045043,2.7898e-05
0.12623,0.053887,0.080699,0.024747,0.00041108,1.7755e-05
0.11824,0.05464,0.081884,0.025042,0.00043151,1.5132e-05
0.11346,0.055322,0.080143,0.024858,0.00049098,1.628e-05
0.11199,0.055845,0.075814,0.02413,0.00052321,1.6306e-05
0.11381,0.056143,0.070455,0.024274,0.00045557,2.4365e-05
0.11881,0.056179,0.06457,0.024413,0.00062386,2.6211e-05
0.1268,0.055946,0.058773,0.025683,0.00078419,4.2431e-05
0.13747,0.055461,0.055296,0.02748,0.00053104,4.5773e-05
0.1504,0.054739,0.055687,0.02506,0.00058774,4.8224e-05
0.1651,0.053759,0.058806,0.018753,0.00083091,3.5907e-05
0.18106,0.052461,0.061296,0.013428,0.00070435,2.724e-05
0.19778,0.050784,0.060876,0.011505,0.00054003,3.5826e-05
0.21484,0.04871,0.059047,0.011421,0.00068409,3.6924e-05
0.23186,0.046268,0.058952,0.011821,0.00052872,3.2494e-05
0.24852,0.043524,0.06018,0.011575,0.00060657,3.6972e-05
0.26457,0.040582,0.05766,0.010693,0.00086628,3.4705e-05
0.27982,0.037561,0.050964,0.010549,0.0006713,4.5691e-05
0.40357,0.031032,0.052478,0.003344,0.00083793,5.1535e-05
0.40942,0.032645,0.059087,0.0034254,0.00059984,4.5665e-05
0.41397,0.034112,0.062512,0.0027782,0.000793,4.9821e-05
0.41689,0.03537,0.063424,0.002516,0.00098739,5.8845e-05
0.41788,0.036384,0.063007,0.0031989,0.00071074,6.7459e-05
0.41668,0.037128,0.0623,0.0035,0.0008365,6.2078e-05
0.41315,0.037577,0.063201,0.0030049,0.00087837,5.6335e-05
0.40732,0.037705,0.064762,0.002597,0.00060438,5.8738e-05
0.39945,0.037477,0.06308,0.0022842,0.00067421,5.3318e-05
0.38997,0.03687,0.057076,0.0023154,0.00068736,5.1516e-05
0.37938,0.035897,0.048896,0.0037196,0.00081853,5.204e-05
0.17448,0.030982,0.051431,0.012108,0.00020256,3.3782e-05
0.1722,0.034433,0.05841,0.01103,0.00038317,3.0636e-05
0.17072,0.03764,0.063767,0.010277,0.00037042,3.2056e-05
0.16973,0.040368,0.066575,0.010357,0.00027389,2.4621e-05
0.16895,0.042397,0.06721,0.010665,0.00032376,2.2871e-05
0.16811,0.043546,0.066875,0.01082,0.0003711,3.0812e-05
0.16706,0.043698,0.06522,0.010853,0.00052818,4.4004e-05
0.1657,0.042834,0.063092,0.011836,0.00062801,4.2584e-05
0.16407,0.041042,0.062374,0.013494,0.0004887,3.8153e-05
0.16222,0.038496,0.063398,0.01414,0.00033092,3.9545e-05
0.1603,0.035432,0.064352,0.013773,0.00036549,3.5978e-05
0.15857,0.032093,0.061504,0.013102,0.00049385,4.1785e-05
0.1573,0.028699,0.053416,0.01372,0.00042142,5.8261e-05
0.32477,0.037004,0.04671,0.0075907,0.0005701,2.4725e-05
0.34762,0.039845,0.048615,0.0082291,0.00053652,2.5975e-05
0.37283,0.042114,0.049476,0.0083891,0.00054447,3.2378e-05
0.39988,0.043712,0.051059,0.0082785,0.00080329,4.3914e-05
0.42818,0.044579,0.053586,0.0092013,0.00069617,5.1649e-05
0.45704,0.044702,0.059144,0.010291,0.00074692,5.6174e-05
0.48574,0.044112,0.069024,0.0098345,0.00084569,7.9067e-05
0.51355,0.042885,0.080848,0.0090505,0.00099938,6.9992e-05
0.53976,0.041129,0.090135,0.0093121,0.00077944,8.168e-05
0.56371,0.038989,0.095411,0.010151,0.00087229,6.2555e-05
0.58476,0.03663,0.09622,0.010285,0.00060976,6.7007e-05
0.60239,0.034208,0.092349,0.0087393,0.00088612,8.105e-05
0.61621,0.031865,0.084556,0.0070688,0.001266,9.5439e-05
0.62605,0.029703,0.074106,0.0072616,0.0012512,0.00010382
0.63195,0.027759,0.064099,0.0084976,0.00057809,9.7203e-05
0.63413,0.026017,0.058659,0.0077779,0.00057346,5.2783e-05
0.63282,0.024457,0.058241,0.0055408,0.00043338,4.3643e-05
0.62826,0.023067,0.060821,0.0042057,0.00042766,3.4946e-05
0.62071,0.021841,0.063429,0.0037445,0.00032368,2.2457e-05
0.61047,0.020766,0.064619,0.0031763,0.00027769,2.1385e-05
0.59788,0.019825,0.06325,0.0028637,0.00026776,1.7584e-05
0.58333,0.018998,0.061477,0.0027822,0.00021873,1.6923e-05
0.56719,0.01825,0.060694,0.0027512,0.00028112,2.1544e-05
0.54982,0.017525,0.060485,0.0030965,0.00033827,2.5076e-05
0.2161,0.03102,0.056743,0.0041749,0.00024581,2.5634e-05
0.21486,0.032657,0.060678,0.0048785,0.00028714,2.9806e-05
0.21262,0.033766,0.060995,0.0058927,0.00029044,2.9737e-05
0.20958,0.034401,0.059082,0.0076562,0.00028136,2.6426e-05
0.20598,0.034656,0.057446,0.0094233,0.00025842,3.6653e-05
0.2021,0.034637,0.057893,0.0099706,0.0004034,3.0981e-05
0.1982,0.034436,0.060363,0.0094038,0.00032911,3.4522e-05
0.19455,0.034113,0.062399,0.008473,0.00044358,4.2857e-05
0.19137,0.033706,0.062694,0.0083089,0.0005019,2.612e-05
0.18889,0.033235,0.062377,0.0093544,0.00070022,2.587e-05
0.18728,0.032709,0.062531,0.011748,0.00073749,2.9547e-05
0.18669,0.03212,0.064196,0.014502,0.00073312,4.761e-05
0.18724,0.031456,0.066872,0.015487,0.0011191,4.8246e-05
0.18899,0.030726,0.068451,0.015988,0.0011907,5.33e-05
0.19189,0.029952,0.06608,0.016593,0.0010665,6.6182e-05
0.19584,0.029149,0.0609,0.016383,0.0011352,5.4875e-05
0.054619,0.0095648,0.037504,0.017108,0.00075737,3.5937e-05
0.056973,0.01011,0.036567,0.025124,0.00078083,4.3634e-05
0.05958,0.010867,0.038364,0.032295,0.00070186,3.7509e-05
0.062531,0.011881,0.043339,0.033057,0.0010029,4.3314e-05
0.065938,0.013172,0.048768,0.030151,0.0012254,4.3131e-05
0.069889,0.014735,0.052076,0.029316,0.00092672,3.6895e-05
0.074428,0.016545,0.053321,0.030272,0.00090802,3.6295e-05
0.079558,0.01856,0.054356,0.031248,0.0010173,2.9339e-05
0.085251,0.020718,0.056938,0.031284,0.0010055,2.6046e-05
0.091443,0.022945,0.060042,0.029782,0.00099204,2.7254e-05
0.098038,0.025159,0.060878,0.027896,0.0009728,2.8239e-05
0.10491,0.027272,0.05773,0.027463,0.00094873,2.6494e-05
0.11191,0.029202,0.052873,0.028447,0.0010219,3.0218e-05
0.11884,0.030877,0.048031,0.029654,0.0010567,3.5202e-05
0.12549,0.032236,0.045957,0.02704,0.00098289,4.3513e-05
0.13162,0.033218,0.047902,0.018387,0.0011681,4.7256e-05
0.13699,0.033768,0.051622,0.0099941,0.0012315,3.8516e-05
0.1414,0.033838,0.052587,0.0075499,0.00097787,4.1117e-05
0.14469,0.033387,0.048848,0.0070803,0.00077443,4.1433e-05
0.1468,0.032396,0.04573,0.0069841,0.00052324,2.9366e-05
0.1477,0.030873,0.045148,0.0074378,0.00058985,3.3764e-05
0.14743,0.028865,0.04261,0.0075474,0.00059915,3.9022e-05
0.14609,0.026459,0.03697,0.0074564,0.00069227,4.2834e-05
0.14376,0.023776,0.030591,0.0079855,0.00070455,4.9449e-05
0.14056,0.020967,0.02627,0.0085665,0.0004716,4.6918e-05
0.12388,0.014326,0.040534,0.0066057,0.0010651,2.7051e-05
0.12694,0.014745,0.039726,0.0096673,0.0010236,2.5653e-05
0.12957,0.014942,0.040336,0.012983,0.0010572,3.6944e-05
0.13151,0.014877,0.042732,0.013605,0.0011429,3.3325e-05
0.13257,0.01454,0.044671,0.012346,0.0011447,2.8676e-05
0.13259,0.013945,0.044094,0.011428,0.0012338,3.7748e-05
0.13151,0.01313,0.041544,0.012145,0.0011953,4.001e-05
0.12933,0.012154,0.038872,0.013617,0.0010034,3.126e-05
0.12608,0.011086,0.036776,0.014063,0.0011005,3.2385e-05
0.12188,0.0099923,0.033782,0.012895,0.0011536,4.2156e-05
0.11688,0.0089322,0.028573,0.011049,0.0012363,3.1861e-05
0.15755,0.02316,0.03506,0.0079132,0.00034671,2.5268e-05
0.16361,0.025862,0.042658,0.0090232,0.00028567,2.6851e-05
0.16924,0.028165,0.048249,0.009184,0.00030699,2.4838e-05
0.17432,0.029976,0.051836,0.0090587,0.00037813,2.2947e-05
0.17871,0.031222,0.053523,0.009598,0.00033715,2.2624e-05
0.18229,0.03185,0.054134,0.010168,0.00029243,2.1268e-05
0.18496,0.031822,0.054523,0.010415,0.00040328,2.3496e-05
0.18664,0.031132,0.055299,0.010511,0.00042503,3.1731e-05
0.18736,0.029809,0.055565,0.011171,0.0004817,3.8807e-05
0.18716,0.027936,0.056061,0.012316,0.00059986,2.6217e-05
0.18619,0.025649,0.057264,0.012889,0.00041984,2.9074e-05
0.18461,0.023123,0.057742,0.01246,0.00076057,3.5432e-05
0.18265,0.020555,0.055411,0.012454,0.00094966,3.9998e-05
0.18058,0.018144,0.050156,0.014011,0.00059116,3.6698e-05
0.17873,0.016054,0.042454,0.014185,0.00065604,4.7419e-05
0.17744,0.014412,0.034999,0.012745,0.00073512,4.9299e-05
0.23363,0.021231,0.029939,0.0035042,0.00092707,5.2764e-05
0.24843,0.022545,0.033044,0.0044828,0.000683,4.6458e-05
0.2643,0.023394,0.036836,0.0043062,0.00066266,4.9346e-05
0.2809,0.023691,0.041234,0.0028761,0.00083786,6.4605e-05
0.29783,0.02342,0.04652,0.0020609,0.00074839,6.6802e-05
0.31462,0.02264,0.050282,0.0026677,0.00046838,4.6186e-05
0.33082,0.021469,0.051101,0.0027598,0.00053624,4.6157e-05
0.34596,0.020079,0.049642,0.0021785,0.00073371,6.675e-05
0.3596,0.018676,0.047306,0.0025735,0.00082792,7.2465e-05
0.37141,0.017456,0.046461,0.0038096,0.00063591,5.3996e-05
0.38116,0.016567,0.046595,0.0040473,0.00051015,5.5226e-05
0.38878,0.01609,0.046382,0.0032708,0.00080903,6.5328e-05
0.39429,0.016033,0.045857,0.0036216,0.00061942,5.9815e-05
0.39781,0.016345,0.045787,0.0043678,0.00042204,3.4365e-05
0.39949,0.01693,0.047909,0.0051493,0.000381,2.6579e-05
0.39955,0.017663,0.052818,0.0064841,0.00034751,2.346e-05
0.39821,0.018429,0.058764,0.0075919,0.00034162,2.0709e-05
0.39571,0.019132,0.062376,0.0081476,0.00029387,2.1667e-05
0.39221,0.019698,0.062347,0.0087383,0.00030675,2.1708e-05
0.38788,0.020067,0.060328,0.0089392,0.0003884,2.2355e-05
0.3828,0.020206,0.058786,0.0095715,0.00035212,3.1804e-05
0.37705,0.020117,0.05922,0.0099064,0.00035288,3.4076e-05
0.3707,0.019821,0.062713,0.0091797,0.00046279,2.7593e-05
0.36379,0.019335,0.066174,0.0080312,0.0005982,3.9135e-05
0.35632,0.018674,0.06627,0.0080529,0.00058527,3.6218e-05
0.34831,0.017875,0.062998,0.0086712,0.00039339,3.7e-05
0.33982,0.016999,0.060004,0.0089398,0.00042676,4.2241e-05
0.33097,0.016122,0.059454,0.0093228,0.00084199,4.941e-05
0.32187,0.015335,0.059983,0.011386,0.00082111,6.782e-05
0.31263,0.014727,0.057501,0.014135,0.00084566,6.2469e-05
0.30334,0.01437,0.052117,0.015325,0.00078459,6.2467e-05
0.29411,0.014306,0.046079,0.012633,0.00081753,6.6218e-05
0.28512,0.014522,0.044116,0.0080796,0.00072174,3.9604e-05
0.2766,0.01496,0.047126,0.0053631,0.00060806,2.8474e-05
0.26881,0.015538,0.05135,0.0054437,0.00052287,1.8283e-05
0.26202,0.016177,0.051103,0.0077098,0.00065674,2.6801e-05
0.25649,0.016811,0.046783,0.012232,0.0006805,3.1089e-05
0.25239,0.017377,0.042853,0.015673,0.00051425,2.0783e-05
0.24986,0.017818,0.042215,0.016762,0.00047954,2.3307e-05
0.24901,0.018074,0.044106,0.016713,0.00051195,2.4956e-05
0.24987,0.018082,0.047151,0.016746,0.00061736,2.7426e-05
0.25246,0.017781,0.049461,0.01678,0.00073955,2.8494e-05
0.25674,0.017148,0.048396,0.017219,0.00073479,2.6137e-05
0.2626,0.016206,0.04561,0.017585,0.0007347,2.5298e-05
0.2699,0.015034,0.04354,0.017461,0.00070268,2.826e-05
0.27846,0.013764,0.042654,0.017105,0.00065779,3.4462e-05
0.28806,0.012566,0.040831,0.017749,0.00088526,4.3058e-05
0.29843,0.01163,0.03741,0.020742,0.0010463,6.4565e-05
0.3093,0.011121,0.03194,0.024187,0.00091019,7.7668e-05
0.32044,0.011144,0.028646,0.023914,0.00080104,8.3116e-05
0.33172,0.011724,0.031491,0.01814,0.0011371,8.5762e-05
0.34302,0.012826,0.039712,0.012309,0.00094129,6.5537e-05
0.3542,0.014385,0.04656,0.010478,0.00081811,5.3859e-05
0.36509,0.016305,0.048209,0.009547,0.00076958,6.0977e-05
0.37547,0.018468,0.04762,0.0090227,0.00067936,4.8348e-05
0.38516,0.020734,0.048742,0.008895,0.00051843,4.1231e-05
0.39397,0.022955,0.051507,0.007955,0.00035685,3.034e-05
0.40176,0.024983,0.052313,0.0063356,0.00034101,2.9562e-05
0.4084,0.026683,0.050361,0.005953,0.00035364,2.9587e-05
0.41375,0.027946,0.047422,0.0065788,0.00022095,1.8789e-05
0.41771,0.028692,0.047807,0.0064988,0.00018555,1.9636e-05
0.42018,0.028879,0.050816,0.0053086,0.00026466,1.9532e-05
0.42104,0.028502,0.053917,0.0043942,0.0002895,1.7427e-05
0.42021,0.027592,0.055688,0.0042396,0.00036908,1.8312e-05
0.4176,0.026201,0.054174,0.0048192,0.00047327,1.8121e-05
0.41311,0.0244,0.049938,0.0057609,0.00049307,2.469e-05
0.40668,0.022287,0.045384,0.0065905,0.00061311,2.8894e-05
0.39828,0.01999,0.042977,0.0063134,0.00062987,4.2586e-05
0.388,0.01764,0.042747,0.0049883,0.00085307,5.3105e-05
0.37607,0.015344,0.043292,0.0051432,0.00095197,6.2915e-05
0.3628,0.01319,0.042101,0.0075136,0.00081555,4.9462e-05
0.34847,0.011281,0.038485,0.0089964,0.00066538,5.2016e-05
0.33334,0.0097186,0.034357,0.0076206,0.00093903,7.149e-05
0.2573,0.01271,0.028511,0.012674,0.00090745,5.7703e-05
0.2695,0.013468,0.034969,0.012129,0.00116,6.931e-05
0.28304,0.01434,0.038101,0.010511,0.0013028,6.464e-05
0.29733,0.015355,0.036353,0.010771,0.0012838,7.459e-05
0.31174,0.016537,0.034464,0.012649,0.0012468,8.6813e-05
0.32571,0.017886,0.037468,0.013225,0.0013485,9.583e-05
0.33871,0.019373,0.046178,0.012698,0.0017171,8.7931e-05
0.35028,0.02096,0.05481,0.013131,0.0015197,7.4797e-05
0.35997,0.022598,0.056592,0.014077,0.0011223,7.8046e-05
0.36742,0.024218,0.051197,0.013499,0.0010781,6.519e-05
0.37244,0.025729,0.046038,0.011406,0.00095466,4.0786e-05
0.37493,0.027031,0.04718,0.0085448,0.00094066,3.2207e-05
0.37491,0.028032,0.052689,0.0076014,0.00088205,2.9405e-05
0.37253,0.028647,0.055688,0.0070086,0.00080155,2.1935e-05
0.36806,0.028811,0.052905,0.0061196,0.00076367,2.1224e-05
0.36182,0.028495,0.045232,0.005287,0.00069093,1.664e-05
0.35416,0.027707,0.037243,0.0037447,0.00061097,1.9502e-05
0.34546,0.02648,0.033968,0.0028678,0.00054993,1.5344e-05
0.33608,0.02487,0.035108,0.0022461,0.00054819,2.5049e-05
0.32637,0.022952,0.036843,0.0021113,0.00052363,1.9538e-05
0.31661,0.02083,0.036798,0.0023243,0.00053669,1.9963e-05
0.30709,0.018624,0.034501,0.0027418,0.00064233,2.9755e-05
0.32009,0.020163,0.026666,0.0049427,0.00068997,5.6888e-05
0.33624,0.024235,0.026594,0.004461,0.0007524,4.3154e-05
0.35428,0.028573,0.026262,0.0044678,7e-04,4.1311e-05
0.37402,0.033003,0.027262,0.0052006,0.00086458,4.9077e-05
0.39515,0.037351,0.032731,0.0076242,0.0010506,6.8289e-05
0.41725,0.041457,0.044805,0.010611,0.00090178,7.9839e-05
0.43981,0.045176,0.061634,0.011238,0.00081911,7.4223e-05
0.46219,0.048373,0.076806,0.010382,0.00087162,6.1949e-05
0.48376,0.050921,0.086133,0.0090368,0.000904,4.4308e-05
0.50386,0.052719,0.087366,0.0085532,0.00083692,4.4012e-05
0.52179,0.053715,0.086709,0.0089376,0.00085276,5.4057e-05
0.53694,0.053899,0.088277,0.0095724,0.0011404,6.1223e-05
0.5488,0.053282,0.092538,0.01041,0.0010673,6.4815e-05
0.55699,0.051896,0.094458,0.011069,0.0011237,6.1991e-05
0.56128,0.049805,0.093463,0.011712,0.0011738,8.5133e-05
0.56158,0.047099,0.090764,0.012362,0.0010728,6.2632e-05
0.55797,0.043883,0.090446,0.012848,0.00069294,4.6307e-05
0.55069,0.040262,0.091797,0.012801,0.00082632,4.7992e-05
0.54018,0.036349,0.089839,0.013035,0.00072509,4.1921e-05
0.52692,0.032259,0.079338,0.013558,0.00080524,4.8815e-05
0.51149,0.028109,0.060495,0.014012,0.00073624,5.4654e-05
0.49444,0.02402,0.043617,0.01243,0.00053827,2.8307e-05
0.47636,0.020118,0.03495,0.0093981,0.00055802,2.3769e-05
0.4578,0.01652,0.034205,0.0075637,0.00059331,2.5184e-05
0.43924,0.013316,0.036354,0.0067017,0.00073274,3.5126e-05
0.24913,0.0086368,0.053633,0.021246,0.00066485,5.4491e-05
0.24955,0.0087785,0.062439,0.022122,0.00049111,3.4966e-05
0.24874,0.008864,0.074682,0.026096,0.00055987,3.3971e-05
0.2467,0.008869,0.083052,0.030608,0.00065439,3.2871e-05
0.24346,0.0087816,0.080687,0.034098,0.00081532,3.2192e-05
0.23905,0.0086104,0.070859,0.0354,0.0007571,2.9978e-05
0.23357,0.0083903,0.06022,0.033806,0.0008368,2.9574e-05
0.22712,0.0081767,0.053697,0.031196,0.00090868,2.8399e-05
0.2198,0.0080333,0.052298,0.029873,0.0012077,3.2209e-05
0.21175,0.0080125,0.053686,0.030741,0.0011256,5.7189e-05
0.20312,0.0081372,0.053769,0.031835,0.00082882,3.5028e-05
0.19412,0.0083974,0.052222,0.030064,0.00091289,2.639e-05
0.18501,0.0087487,0.051353,0.025925,0.00095055,3.6662e-05
0.17605,0.0091302,0.051947,0.022884,0.00079513,2.036e-05
0.16754,0.0094838,0.051709,0.022161,0.00067961,1.4958e-05
0.15976,0.0097639,0.04837,0.022795,0.00074569,2.2876e-05
0.1529,0.009943,0.040964,0.024478,0.00087863,2.7717e-05
0.14714,0.010016,0.028995,0.025309,0.00071711,4.5289e-05
0.14262,0.0099921,0.01692,0.020304,0.00068069,5.5533e-05
0.24274,0.025249,0.038601,0.002678,0.0005851,4.6614e-05
0.23874,0.028552,0.039329,0.0028563,0.00046418,3.1438e-05
0.2327,0.031934,0.037555,0.0024254,0.00049553,3.2027e-05
0.22473,0.035298,0.035449,0.0015221,0.00041905,3.2927e-05
0.21502,0.038529,0.034026,0.00094826,0.00046959,2.5411e-05
0.20381,0.041514,0.032893,0.0011237,0.00044647,2.6082e-05
0.19138,0.044151,0.03188,0.001411,0.00037216,2.114e-05
0.17802,0.046352,0.03085,0.0015306,0.00034204,2.1038e-05
0.16402,0.048051,0.029072,0.0016231,0.0002873,2.471e-05
0.1497,0.049216,0.027911,0.0017916,0.0002617,2.4339e-05
0.13533,0.049851,0.027346,0.0019163,0.00019891,3.1021e-05
0.1212,0.049983,0.026218,0.0020933,0.00021493,2.7565e-05
0.10761,0.049645,0.024939,0.002483,0.00031891,3.5714e-05
0.094861,0.048871,0.023712,0.0034218,0.00041387,4.4724e-05
0.083204,0.047697,0.021785,0.0046229,0.00027708,4.0514e-05
0.072885,0.046164,0.019142,0.0055399,0.00033141,3.4793e-05
0.064151,0.044304,0.016599,0.0066761,0.00031273,4.6709e-05
0.057253,0.042131,0.015609,0.0083519,0.00047966,4.3473e-05
0.052405,0.039656,0.016265,0.009701,0.00030263,4.3741e-05
0.049751,0.036914,0.017913,0.0098832,0.00032825,3.1575e-05
0.049364,0.033951,0.019784,0.0093795,0.0002203,3.0705e-05
0.051247,0.03082,0.021477,0.0092176,0.00022104,2.3547e-05
0.055309,0.027592,0.022807,0.0094267,0.00012215,2.4921e-05
0.061364,0.024347,0.023426,0.0095855,0.00020315,2.7199e-05
0.069158,0.021162,0.023855,0.010162,0.00024134,2.3611e-05
0.078395,0.018108,0.024681,0.010919,0.00019855,2.5186e-05
0.22211,0.01885,0.043171,0.011318,0.00054126,2.5626e-05
0.2336,0.024944,0.05279,0.014162,0.00045869,1.8373e-05
0.246,0.031753,0.066135,0.019568,0.00051142,2.2178e-05
0.25891,0.039047,0.081646,0.025768,0.0004962,2.9354e-05
0.27192,0.046576,0.095642,0.028384,0.0006162,4.3427e-05
0.28456,0.054082,0.10438,0.027811,0.00070227,3.749e-05
0.29636,0.061321,0.10867,0.02634,0.00059391,3.5131e-05
0.30681,0.068064,0.11222,0.025824,0.0006523,4.2119e-05
0.31543,0.074109,0.11749,0.025454,0.00055391,5.4554e-05
0.32173,0.079274,0.12279,0.024485,0.00076697,4.0342e-05
0.32531,0.083398,0.12521,0.023695,0.00082793,3.9367e-05
0.3258,0.086338,0.12327,0.02342,0.00071947,4.5019e-05
0.32298,0.087978,0.11878,0.02318,0.00066943,4.4244e-05
0.31687,0.088232,0.11659,0.02278,0.00060189,4.0516e-05
0.30772,0.087054,0.11699,0.022592,0.00063879,3.3697e-05
0.2959,0.084447,0.11744,0.022677,0.00046698,3.009e-05
0.28185,0.080489,0.11128,0.021381,0.000577,2.9123e-05
0.26607,0.075336,0.097296,0.019895,0.00054585,3.9048e-05
0.24908,0.069197,0.077599,0.01602,0.00081385,4.7659e-05
0.23139,0.062325,0.05624,0.0097792,0.00092807,5.7846e-05
0.21351,0.054995,0.040133,0.0050308,0.00070095,3.818e-05
0.19592,0.047501,0.030301,0.0034378,0.00059806,1.9777e-05
0.17904,0.040146,0.024104,0.0033191,0.00060976,2.7654e-05
0.16323,0.033228,0.019741,0.003371,0.00070271,2.7113e-05
0.14871,0.027016,0.016522,0.0029576,0.00061535,3.4723e-05
0.13568,0.021706,0.01429,0.0023073,0.00073977,3.3355e-05
0.074115,0.020984,0.036627,0.0070201,0.00048965,2.2312e-05
0.072046,0.02315,0.043026,0.008519,0.00035939,1.5684e-05
0.069797,0.025168,0.04829,0.0088004,0.00038947,1.2139e-05
0.067372,0.026936,0.051157,0.0089031,0.0003791,1.0329e-05
0.064782,0.028348,0.052958,0.0094572,0.00043523,1.3127e-05
0.062047,0.029306,0.054663,0.0099017,0.00043231,1.8469e-05
0.05921,0.029733,0.056803,0.010028,0.00035621,1.7215e-05
0.056327,0.029594,0.058298,0.010344,0.00039759,1.3832e-05
0.053483,0.028901,0.059229,0.011141,0.00037266,1.4553e-05
0.050794,0.027716,0.059567,0.012384,0.00044033,1.6226e-05
0.048394,0.02615,0.059916,0.0134,0.00039165,1.5594e-05
0.046429,0.02433,0.060116,0.014047,0.00037069,1.9231e-05
0.045041,0.02238,0.059379,0.014218,0.00032489,2.4345e-05
0.044383,0.020408,0.057392,0.01432,0.00041934,2.0733e-05
0.044606,0.018502,0.054472,0.0153,0.00044822,2.9019e-05
0.045858,0.016739,0.051301,0.015668,0.00042827,2.3995e-05
0.048269,0.015182,0.047883,0.014355,0.00047423,2.5841e-05
0.11636,0.011719,0.085685,0.023294,0.00079411,4.7949e-05
0.11758,0.012537,0.08434,0.020187,0.00072275,5.0226e-05
0.11901,0.013348,0.079823,0.017389,0.00067394,5.0639e-05
0.12036,0.014008,0.07312,0.013727,0.00063679,5.8272e-05
0.12148,0.014457,0.064739,0.011154,0.00086246,7.1203e-05
0.12239,0.014665,0.055893,0.0089618,0.0010599,8.9067e-05
0.12325,0.014581,0.050292,0.0070498,0.00080149,7.1247e-05
0.12427,0.014133,0.048205,0.0056822,0.00082866,4.1961e-05
0.12569,0.01326,0.047145,0.0049853,0.00074022,4.6388e-05
0.12775,0.011986,0.046088,0.0052534,0.00063155,3.229e-05
0.1307,0.010463,0.045536,0.0058461,0.00039387,2.9797e-05
0.13478,0.0089734,0.046826,0.0052825,0.00045434,2.4819e-05
0.14023,0.0078695,0.051315,0.0047674,0.0004697,2.3659e-05
0.14723,0.0075011,0.057737,0.0047918,0.00047845,2.1672e-05
0.15596,0.0081578,0.063692,0.005168,0.00039747,2.9048e-05
0.16662,0.010018,0.065853,0.0069775,0.00063158,5.3046e-05
0.17936,0.013112,0.066927,0.01369,0.0013943,6.2673e-05
0.19427,0.017337,0.072556,0.022192,0.0010235,4.011e-05
0.23366,0.048491,0.042374,0.0027468,0.00063122,4.6356e-05
0.21665,0.046226,0.036785,0.0037438,0.00088155,3.5866e-05
0.20154,0.043532,0.033199,0.006006,0.0011576,4.175e-05
0.18864,0.040531,0.033299,0.013294,0.00098952,4.8936e-05
0.17821,0.037314,0.0386,0.021327,0.00054228,4.5124e-05
0.17036,0.03399,0.046751,0.023369,0.00058376,3.9217e-05
0.16503,0.030698,0.052565,0.022102,0.00053185,2.421e-05
0.16198,0.027577,0.054987,0.021496,0.0005218,2.0265e-05
0.16088,0.024725,0.052533,0.021663,0.0006174,2.7139e-05
0.16139,0.022195,0.048425,0.022954,0.00051069,2.7789e-05
0.16312,0.020005,0.04634,0.024168,0.00054411,3.3263e-05
0.16574,0.018154,0.047276,0.024079,0.00082946,3.8601e-05
0.16893,0.016642,0.048301,0.023676,0.0008683,4.163e-05
0.17241,0.015463,0.047335,0.024443,0.00075905,3.4563e-05
0.17599,0.014606,0.045988,0.025139,0.00054705,3.1113e-05
0.17959,0.014046,0.045699,0.024625,0.00078688,3.7417e-05
0.18319,0.013732,0.047036,0.024734,0.0010362,3.6199e-05
0.18684,0.013604,0.050488,0.025682,0.00097735,2.6112e-05
0.19057,0.013612,0.056565,0.028565,0.0012772,3.3234e-05
0.19443,0.013722,0.062607,0.033572,0.0010769,2.7543e-05
0.19844,0.013907,0.061238,0.034583,0.0012427,3.3679e-05
0.20259,0.01415,0.055535,0.03268,0.0013203,3.0029e-05
0.20682,0.014444,0.048802,0.029835,0.001562,3.7998e-05
0.21102,0.014795,0.041987,0.02666,0.0017681,5.3985e-05
0.21501,0.015212,0.040467,0.024746,0.0016179,5.7011e-05
0.21851,0.01571,0.046582,0.024279,0.0013487,5.2018e-05
0.22117,0.016311,0.054482,0.024004,0.0013744,3.896e-05
0.22256,0.017043,0.057212,0.023882,0.0016007,5.004e-05
0.22229,0.017909,0.054264,0.024959,0.0014428,4.4309e-05
0.22022,0.018863,0.049578,0.025462,0.0012578,3.8975e-05
0.21643,0.019808,0.04949,0.024201,0.0013902,4.9009e-05
0.2112,0.020628,0.054165,0.022904,0.0017035,4.2105e-05
0.20489,0.021227,0.058486,0.024826,0.001574,4.3456e-05
0.19794,0.021567,0.057198,0.028555,0.0010697,3.1671e-05
0.19076,0.021696,0.050243,0.02744,0.00081043,2.842e-05
0.18378,0.021753,0.041423,0.02043,0.0011354,3.3179e-05
0.17739,0.021962,0.036876,0.012431,0.0010566,3.3181e-05
0.17194,0.022597,0.038454,0.0090976,0.00067222,1.7863e-05
0.1678,0.023954,0.043555,0.0056178,0.00069326,3.0437e-05
0.16532,0.026288,0.049171,0.0031623,0.00049379,2.472e-05
0.16478,0.029725,0.051802,0.0034692,0.00060841,3.6724e-05
0.16643,0.034213,0.053858,0.006377,0.00083852,4.611e-05
0.17047,0.039509,0.059241,0.010124,0.00065629,2.169e-05
0.35612,0.018836,0.033636,0.0039692,0.00013774,2.4695e-05
0.33189,0.017418,0.031169,0.0036764,0.0001928,2.1542e-05
0.30905,0.016051,0.030991,0.0033804,0.00024408,2.6581e-05
0.28795,0.01463,0.030623,0.0034885,0.00027528,3.4476e-05
0.26882,0.0131,0.029304,0.0039853,0.00024855,3.0062e-05
0.25173,0.011461,0.027122,0.0044968,0.00032798,3.6797e-05
0.23668,0.0097602,0.02536,0.0049772,0.00030058,4.0239e-05
0.22357,0.0080726,0.024288,0.0053096,0.00036917,3.7881e-05
0.21224,0.0064847,0.023236,0.0057263,0.00034571,4.5283e-05
0.20252,0.005064,0.021338,0.0062018,0.00038185,3.9692e-05
0.19423,0.0038457,0.01921,0.006136,0.00026223,4.1935e-05
0.18728,0.0028405,0.017813,0.0044685,0.00036718,3.9646e-05
0.18162,0.0020477,0.018437,0.0026111,0.00032265,3.4821e-05
0.17721,0.0014615,0.02059,0.0019844,0.00032536,3.7058e-05
0.17393,0.0010652,0.022848,0.0024804,0.00022559,2.9676e-05
0.17163,0.00083052,0.023646,0.0029067,0.00020926,3.0949e-05
0.17007,0.00072739,0.022441,0.0028149,0.00032752,3.2467e-05
0.16908,0.00072426,0.019742,0.0026037,0.00037617,3.8266e-05
0.16848,0.00078402,0.016885,0.0023536,0.00035269,4.4421e-05
0.16815,0.00086616,0.014021,0.0017312,0.00057608,4.4596e-05
0.16799,0.00093387,0.012699,0.0021238,0.00067071,5.3577e-05
0.16796,0.00096066,0.013189,0.0035819,0.00048731,4.4927e-05
0.16809,0.00093097,0.014798,0.0041287,0.00052049,4.0653e-05
0.16846,0.00084425,0.016689,0.0035072,0.00050359,3.5027e-05
0.16916,0.00071642,0.018074,0.0026856,0.0004419,3.0838e-05
0.17023,0.00057582,0.017423,0.0021628,0.00062525,4.543e-05
0.17172,0.0004561,0.015865,0.0031128,0.00068393,3.2016e-05
0.17362,0.00038867,0.015516,0.0044569,0.00048426,2.9622e-05
0.17598,0.00039831,0.016733,0.0043196,0.00064001,3.3808e-05
0.17883,0.00050188,0.018729,0.0035467,0.00064678,2.7933e-05
0.18221,0.00071037,0.019288,0.0030537,0.00061431,2.8569e-05
0.18612,0.0010308,0.017208,0.0032815,0.00069154,3.6228e-05
0.19052,0.0014669,0.014247,0.0044555,0.00071322,3.3014e-05
0.19535,0.0020193,0.013477,0.0057088,0.00049486,2.8785e-05
0.2005,0.0026783,0.015526,0.0051766,0.00057105,2.8845e-05
0.20587,0.0034194,0.01951,0.0040125,0.00056353,2.9518e-05
0.21134,0.0042087,0.024218,0.0043839,0.00060177,2.6118e-05
0.21678,0.0050121,0.026838,0.0058794,0.0004987,3.3532e-05
0.22206,0.0058009,0.027024,0.0074413,0.00059516,3.0485e-05
0.227,0.0065526,0.027163,0.0088479,0.00053902,4.503e-05
0.23146,0.0072532,0.027564,0.0081149,0.00056225,4.7832e-05
0.23526,0.0078934,0.028787,0.006293,0.00074031,4.5716e-05
0.23821,0.0084691,0.030317,0.0065098,0.00070291,5.6353e-05
0.24016,0.0089847,0.03167,0.0085234,0.00043278,4.978e-05
0.24092,0.0094496,0.033383,0.0099242,0.00051143,4.1308e-05
0.24033,0.009876,0.035822,0.0096123,0.00048748,6.3128e-05
0.23826,0.010271,0.037517,0.0079932,0.0005267,4.9017e-05
0.23469,0.010622,0.037978,0.0066811,0.00049064,4.1419e-05
0.22978,0.010889,0.037119,0.0065098,0.00042344,5.279e-05
0.22381,0.011011,0.035062,0.0071899,0.00055434,4.5941e-05
0.21713,0.010937,0.033063,0.0087409,0.00054854,4.3761e-05
0.21009,0.01064,0.0312,0.010182,0.0004657,4.2153e-05
0.20302,0.010135,0.028662,0.010283,0.0002833,4.3705e-05
0.19625,0.0094893,0.02522,0.0082073,0.0003395,3.8611e-05
0.19012,0.0088205,0.020958,0.0062814,0.00044655,3.054e-05
0.18495,0.0082742,0.018306,0.0063633,0.00024428,2.2013e-05
0.18105,0.0079996,0.018469,0.006727,0.00023383,2.3101e-05
0.17866,0.0081245,0.020083,0.0057246,0.0004831,2.5128e-05
0.17798,0.0087307,0.021555,0.0048376,0.00047331,1.8924e-05
0.17914,0.0098372,0.021019,0.0048487,0.00041344,2.3094e-05
0.18222,0.011409,0.01893,0.0049653,0.00041048,2.1682e-05
0.18718,0.013375,0.018131,0.0055348,0.00045487,2.1865e-05
0.19392,0.015641,0.021346,0.0078807,0.00055299,4.0324e-05
0.20225,0.018101,0.031099,0.011951,0.00047874,5.1553e-05
0.21192,0.020651,0.045296,0.01521,0.00053894,4.3841e-05
0.2226,0.023197,0.057074,0.017329,0.00048375,4.5847e-05
0.23388,0.025662,0.061363,0.01816,0.00040169,3.6964e-05
0.24523,0.027981,0.059146,0.017371,0.00049269,3.9667e-05
0.25613,0.030088,0.056377,0.015878,0.00040005,6.4388e-05
0.26604,0.031905,0.057348,0.014375,0.00078872,6.0135e-05
0.27449,0.033367,0.06298,0.014233,0.000842,5.4668e-05
0.28105,0.034419,0.06826,0.014876,0.0005305,5.3419e-05
0.28549,0.035019,0.06909,0.01438,0.00065715,5.1427e-05
0.28766,0.035128,0.065925,0.013828,0.0008114,5.244e-05
0.28761,0.034721,0.063871,0.014334,0.00041541,5.1986e-05
0.28551,0.033799,0.064106,0.014733,0.00046385,4.2431e-05
0.28161,0.032399,0.064529,0.014769,0.00059295,3.9572e-05
0.27621,0.030576,0.061936,0.015072,0.00046593,4.1869e-05
0.26962,0.028398,0.052745,0.013798,0.00053643,4.4151e-05
0.26217,0.025957,0.037164,0.010787,0.00075108,5.2576e-05
0.25422,0.023382,0.023201,0.0084874,0.00070613,4.5193e-05
0.24611,0.020826,0.016109,0.0082718,0.00061784,3.4865e-05
0.23812,0.018446,0.015606,0.0076344,0.00075377,4.3069e-05
0.23052,0.016376,0.019301,0.0059873,0.00075969,4.1256e-05
0.22352,0.014715,0.02264,0.0042268,0.00069691,3.5634e-05
0.21724,0.013514,0.022606,0.0038472,0.00071986,3.5258e-05
0.21176,0.012764,0.020827,0.0046376,0.00055435,3.0505e-05
0.20712,0.012399,0.020035,0.0050693,0.00043848,2.72e-05
0.20333,0.012323,0.022493,0.0050232,0.00066874,3.904e-05
0.20031,0.012433,0.029203,0.0061978,0.00073315,5.5724e-05
0.19794,0.012645,0.035875,0.0081732,0.00052839,3.855e-05
0.19601,0.012891,0.038798,0.0094659,0.000551,4.1643e-05
0.19431,0.0131,0.038484,0.010252,0.00069518,4.3288e-05
0.19262,0.013185,0.037292,0.0098683,0.00047507,3.9477e-05
0.19077,0.013075,0.036758,0.0082468,0.00064117,4.5104e-05
0.18859,0.012737,0.038621,0.0079267,0.00071915,3.6461e-05
0.18601,0.012213,0.04137,0.0087562,0.00048993,3.1083e-05
0.18304,0.011609,0.041458,0.0091318,0.0005805,3.7737e-05
0.17975,0.011074,0.037999,0.0087255,0.00081206,3.7992e-05
0.17626,0.010757,0.033301,0.0088761,0.00063651,4.5409e-05
0.17265,0.010808,0.029398,0.0087493,0.00075214,4.5738e-05
0.16898,0.011371,0.028461,0.0086981,0.0007215,4.1046e-05
0.16538,0.012553,0.028717,0.0086753,0.0006089,3.7643e-05
0.16197,0.014385,0.027271,0.0086053,0.00074955,3.6607e-05
0.15892,0.016822,0.022817,0.0088084,0.00082469,3.3329e-05
0.15632,0.019764,0.018799,0.0084828,0.00056246,3.7696e-05
0.15425,0.023084,0.01889,0.0076619,0.00055173,2.1502e-05
0.15271,0.026648,0.02479,0.0094493,0.00072371,3.0429e-05
0.15166,0.030312,0.037331,0.014251,0.00066791,3.6141e-05
0.151,0.033922,0.054661,0.017324,0.00058719,4.2675e-05
0.15062,0.037313,0.070035,0.017612,0.0006488,3.1055e-05
0.10827,0.01478,0.07251,0.028515,0.00096411,3.2333e-05
0.10316,0.012759,0.064886,0.026001,0.0008212,2.4343e-05
0.19979,0.016861,0.034033,0.013942,0.00061427,1.6306e-05
0.19787,0.016611,0.040703,0.019868,0.00057351,1.4999e-05
0.1983,0.016383,0.050069,0.022614,0.00061889,2.5395e-05
0.2008,0.016201,0.059929,0.020332,0.0011286,3.9321e-05
0.20504,0.016105,0.066751,0.016978,0.00133,3.4198e-05
0.21059,0.01612,0.070446,0.017062,0.0010599,2.6996e-05
0.21699,0.016225,0.072886,0.019538,0.00095258,2.0416e-05
0.2238,0.016347,0.075232,0.021736,0.001023,1.9916e-05
0.23059,0.016384,0.076104,0.022636,0.0011616,2.8988e-05
0.237,0.016228,0.073921,0.025174,0.0012988,5.2177e-05
0.24283,0.015804,0.071997,0.032048,0.0015383,5.7588e-05
0.24794,0.015079,0.077232,0.038982,0.0008947,5.9285e-05
0.25223,0.014063,0.089313,0.042323,0.00090039,4.4665e-05
0.25569,0.012797,0.10162,0.042685,0.0011658,3.7696e-05
0.25837,0.01134,0.10546,0.043201,0.00086302,3.472e-05
0.26034,0.0097645,0.099582,0.041687,0.00056593,3.2805e-05
0.26174,0.0081581,0.087179,0.036946,0.00072856,4.6472e-05
0.26277,0.0066216,0.071988,0.031707,0.0014732,7.6862e-05
0.26365,0.0052579,0.060236,0.033006,0.0015045,6.8645e-05
0.26466,0.0041668,0.055444,0.038565,0.0007357,5.3759e-05
0.26608,0.0034348,0.055337,0.040427,0.00078411,5.2758e-05
0.26816,0.0031127,0.057568,0.038587,0.00079054,5.2885e-05
0.27113,0.0031991,0.060918,0.035298,0.0008366,4.6762e-05
0.27516,0.0036471,0.065566,0.032336,0.0007931,4.3564e-05
0.28035,0.0043785,0.070781,0.02993,0.00064327,4.2761e-05
0.2867,0.0053016,0.072332,0.028858,0.00080398,3.6822e-05
0.29413,0.0063285,0.069801,0.027168,0.00082003,3.7116e-05
0.30248,0.0073899,0.064168,0.023493,0.00078115,3.6657e-05
0.31153,0.0084428,0.057275,0.019914,0.00076592,4.111e-05
0.32095,0.0094712,0.050467,0.017597,0.001036,7.0697e-05
0.33036,0.010482,0.045838,0.016931,0.0010731,7.1553e-05
0.33937,0.011498,0.04598,0.015633,0.00086946,7.0591e-05
0.34751,0.012552,0.052483,0.012339,0.00071609,6.9118e-05
0.35425,0.013671,0.06227,0.0089274,0.0010951,5.104e-05
0.35915,0.014859,0.068868,0.0075583,0.00088399,5.7468e-05
0.36199,0.016077,0.068523,0.0071812,0.00073283,5.3408e-05
0.36284,0.017252,0.064533,0.0066149,0.00077841,5.1978e-05
0.3619,0.018285,0.06173,0.0063719,0.00087987,7.1749e-05
0.35945,0.019071,0.060385,0.0062715,0.00094444,7.7859e-05
0.35582,0.019514,0.058062,0.0057746,0.00073831,6.4295e-05
0.35129,0.01956,0.053817,0.0041919,0.00068134,3.7602e-05
0.346,0.019238,0.048716,0.0025179,0.0007389,4.1537e-05
0.34011,0.018634,0.043945,0.0019649,0.00046099,3.8535e-05
0.33387,0.017871,0.041468,0.0018752,0.00033664,1.63e-05
0.32757,0.017072,0.040861,0.0017858,0.00034574,1.8241e-05
0.32154,0.016329,0.040904,0.0017691,0.00033224,1.6211e-05
0.31607,0.01567,0.040307,0.0015057,0.0003033,1.4471e-05
0.31138,0.015068,0.037945,0.0012742,0.00029733,1.6189e-05
0.30757,0.014463,0.035086,0.001339,0.00025897,1.2599e-05
0.30468,0.013789,0.034762,0.0027368,0.00046528,1.9737e-05
0.30268,0.012998,0.039147,0.0062989,0.00042662,2.7347e-05
0.30152,0.012073,0.047436,0.009994,0.00037224,2.7955e-05
0.30107,0.011039,0.054782,0.011249,0.00049427,3.7778e-05
0.3011,0.0099706,0.058356,0.010856,0.00057979,3.2012e-05
0.3013,0.0089656,0.056968,0.010166,0.00053326,3.4589e-05
0.30135,0.0081111,0.054341,0.010192,0.00061295,4.1111e-05
0.30095,0.0074599,0.050835,0.010128,0.00090888,5.1675e-05
0.29985,0.0070297,0.047633,0.011887,0.0014677,5.3195e-05
0.2978,0.0068132,0.046491,0.017349,0.0013433,5.7822e-05
0.29468,0.0067765,0.048251,0.021687,0.0010814,5.7537e-05
0.29044,0.0068678,0.051786,0.021536,0.0010668,5.1095e-05
0.28515,0.0070294,0.055264,0.019373,0.0010665,3.766e-05
0.27891,0.0071985,0.057766,0.018557,0.00094588,3.5101e-05
0.27184,0.0073181,0.05845,0.019492,0.0010036,2.9464e-05
0.26404,0.007349,0.056429,0.020668,0.00098596,2.7828e-05
0.25561,0.0072694,0.052453,0.020184,0.00091103,2.7689e-05
0.24667,0.0070735,0.047305,0.017486,0.0008333,3.4865e-05
0.23734,0.0067732,0.041263,0.014162,0.00084836,2.9212e-05
0.22776,0.0063988,0.036691,0.012442,0.00070906,3.0261e-05
0.21801,0.0059905,0.033499,0.012784,0.0010094,3.792e-05
0.20815,0.0055897,0.031361,0.013897,0.00093493,4.0729e-05
0.19821,0.0052278,0.031418,0.013004,0.00083299,3.6866e-05
0.18818,0.00492,0.033348,0.0087739,0.0009207,4.0343e-05
0.24209,0.0073236,0.029153,0.0047944,0.00053683,5.7045e-05
0.25255,0.0079573,0.033086,0.005105,0.00041765,4.751e-05
0.26227,0.0085579,0.033758,0.0052323,0.00025342,4.2419e-05
0.27128,0.0090594,0.030912,0.0045265,0.00033373,4.3582e-05
0.27963,0.0094057,0.027678,0.0035499,0.00033035,4.0695e-05
0.28737,0.00956,0.026776,0.0028041,0.0003451,2.7142e-05
0.29452,0.0095136,0.028959,0.0027416,0.00020424,2.8462e-05
0.30109,0.0092883,0.03202,0.0022233,0.00019915,2.2338e-05
0.30705,0.0089349,0.034339,0.0015681,0.0001765,2.1609e-05
0.31234,0.008523,0.034129,0.0012138,0.00015249,2.2866e-05
0.31689,0.0081346,0.031754,0.0010417,0.00017307,2.3871e-05
0.32067,0.0078474,0.029542,0.001175,0.00018064,2.6648e-05
0.32363,0.0077173,0.028685,0.0012865,0.00023766,2.9299e-05
0.32569,0.0077687,0.029092,0.0012071,0.00021523,3.1469e-05
0.32675,0.0079983,0.030114,0.0010813,0.00029122,3.4742e-05
0.32674,0.0083852,0.031479,0.0012029,0.00030192,4.5463e-05
0.32555,0.0088994,0.033569,0.0026065,0.00064582,5.753e-05
0.32312,0.0095007,0.038543,0.0062617,0.00060237,5.9403e-05
0.31943,0.010145,0.046081,0.0093921,0.00040909,5.8072e-05
0.31448,0.010799,0.054259,0.0093942,0.00062763,6.3618e-05
0.30824,0.011443,0.059209,0.0082628,0.00084555,5.8598e-05
0.30067,0.012065,0.060196,0.0080319,0.00064298,4.7305e-05
0.2918,0.012645,0.058024,0.0082831,0.00061104,4.6065e-05
0.28174,0.013146,0.054505,0.0084547,0.00067889,5.4784e-05
0.27066,0.013523,0.050425,0.0086332,0.00067274,5.4692e-05
0.25875,0.013739,0.045897,0.010044,0.00082467,4.8229e-05
0.24621,0.013769,0.042669,0.012088,0.00074367,5.1429e-05
0.23325,0.013594,0.041841,0.013536,0.00059483,3.2399e-05
0.22011,0.013193,0.043482,0.013708,0.00047746,3.337e-05
0.20699,0.012545,0.045135,0.013096,0.00066415,3.1039e-05
0.19408,0.011649,0.045081,0.013203,0.00063406,2.3674e-05
0.18149,0.01052,0.043821,0.013547,0.00059077,2.3634e-05
0.16934,0.009203,0.041094,0.012671,0.00064127,2.7617e-05
0.15772,0.0077629,0.036906,0.011012,0.00076869,2.8468e-05
0.16056,0.016925,0.031932,0.014535,0.00085442,3.9832e-05
0.16612,0.016412,0.038091,0.020488,0.00065833,4.3607e-05
0.17418,0.015693,0.04197,0.022277,0.00087527,3.6138e-05
0.18479,0.01482,0.041686,0.021102,0.00097883,3.8167e-05
0.19785,0.013852,0.03803,0.0193,0.00099785,3.8575e-05
0.21319,0.012848,0.032977,0.018842,0.00093105,4.3039e-05
0.23049,0.011866,0.030132,0.020497,0.00095299,6.0232e-05
0.24935,0.010962,0.033181,0.023063,0.0012737,6.2029e-05
0.2693,0.010182,0.041013,0.024736,0.0013192,7.3565e-05
0.28976,0.0095658,0.047694,0.024685,0.0011278,6.4465e-05
0.31013,0.0091396,0.048698,0.022662,0.0014187,7.0209e-05
0.32977,0.0089153,0.047902,0.022168,0.0015565,8.0507e-05
0.34807,0.0088816,0.052918,0.024119,0.00106,6.3102e-05
0.27875,0.021552,0.04269,0.0103,0.0007807,7.6794e-05
0.26957,0.021783,0.042066,0.01112,0.00054237,7.2135e-05
0.25862,0.021727,0.042704,0.01152,0.00046174,6.7265e-05
0.24607,0.021391,0.045886,0.010777,0.00039332,7.7953e-05
0.23218,0.02079,0.048426,0.010142,0.00055803,6.178e-05
0.2173,0.019948,0.046754,0.010806,0.00037268,5.9638e-05
0.20183,0.018903,0.039824,0.011591,0.00031151,6.3739e-05
0.18618,0.017704,0.030958,0.010828,0.00033585,6.5043e-05
0.29575,0.019008,0.045431,0.0035084,0.00064432,2.5482e-05
0.30688,0.019865,0.045332,0.0033665,0.00047411,1.6534e-05
0.31664,0.020307,0.046052,0.0029656,0.00040269,1.5991e-05
0.32493,0.020322,0.047626,0.0026513,0.00040403,1.4465e-05
0.33165,0.019935,0.048096,0.0027921,0.00033117,1.4908e-05
0.33675,0.019199,0.046905,0.0034506,0.00041235,1.5588e-05
0.34016,0.01818,0.044127,0.0044683,0.00036082,1.5103e-05
0.34187,0.016946,0.041738,0.0050504,0.00031465,1.6246e-05
0.34191,0.015562,0.042359,0.0047755,0.0002877,1.9839e-05
0.34031,0.014085,0.04615,0.0042684,0.00041135,2.7525e-05
0.33713,0.012566,0.051064,0.0047057,0.00027582,3.334e-05
0.33244,0.011068,0.053541,0.0058574,0.00028552,3.2403e-05
0.32631,0.0096568,0.053812,0.0068558,0.00040847,4.1415e-05
0.31885,0.008391,0.052383,0.0078716,0.00045799,5.0205e-05
0.31022,0.0073225,0.050089,0.0084174,0.00040506,5.7081e-05
0.30055,0.0064946,0.047046,0.0077967,0.00051228,5.929e-05
0.28998,0.0059522,0.043466,0.006691,0.00063898,6.8089e-05
0.27857,0.005736,0.039386,0.006166,0.00048397,6.9936e-05
0.22993,0.030826,0.030811,0.0083704,0.00048544,3.2958e-05
0.24747,0.033231,0.040161,0.0087407,0.00057106,3.6089e-05
0.26644,0.035395,0.046827,0.0092133,0.00064,4.2111e-05
0.28636,0.037203,0.04735,0.010671,0.00064197,3.7315e-05
0.3067,0.038572,0.044511,0.012304,0.00039275,3.4366e-05
0.32685,0.039448,0.043864,0.011729,0.00030621,3.564e-05
0.34616,0.039806,0.048306,0.0089184,0.00050012,5.2584e-05
0.36394,0.039649,0.05758,0.007248,0.00060398,6.1972e-05
0.37956,0.039007,0.065482,0.0090864,0.00057427,5.0198e-05
0.39246,0.037934,0.070378,0.011332,0.00037395,5.0204e-05
0.40225,0.036493,0.073311,0.011957,0.0003093,4.9341e-05
0.40874,0.03473,0.075246,0.010774,0.00050573,5.9284e-05
0.41195,0.032676,0.074958,0.0096109,0.00064758,7.5993e-05
0.4121,0.030351,0.070903,0.01092,0.0006441,6.8869e-05
0.40951,0.027784,0.064241,0.013342,0.00039595,7.1315e-05
0.40454,0.025029,0.056949,0.01397,0.00058548,7.0427e-05
0.39757,0.02217,0.049796,0.012208,0.0006355,8.2284e-05
0.389,0.019309,0.042854,0.0093627,0.00050574,7.1296e-05
0.37922,0.016554,0.036359,0.0068056,0.00049417,5.9162e-05
0.36866,0.014022,0.031683,0.006054,0.00034277,4.4618e-05
0.20022,0.012763,0.052342,0.011317,0.00025252,2.3042e-05
0.2075,0.015022,0.05798,0.013434,0.00025071,2.3755e-05
0.21513,0.017192,0.061089,0.014848,0.00020968,2.8594e-05
0.22302,0.019182,0.060434,0.015137,0.00016421,2.8831e-05
0.23104,0.020928,0.057843,0.014814,0.00015993,2.8258e-05
0.23902,0.022385,0.055069,0.01365,0.00026312,3.5576e-05
0.24678,0.02352,0.054839,0.012452,0.00031835,3.9626e-05
0.2541,0.024313,0.057734,0.011185,0.00034907,4.6726e-05
0.2607,0.024751,0.061777,0.010308,0.00038634,5.3068e-05
0.26629,0.024825,0.064412,0.00994,0.00035987,3.5472e-05
0.27067,0.024506,0.065093,0.0098427,0.00026305,4.8539e-05
0.27379,0.023745,0.064752,0.0097812,0.00042242,5.7479e-05
0.27579,0.022519,0.064966,0.0099832,0.00036694,3.8591e-05
0.27688,0.020853,0.064964,0.010572,0.00032788,4.9015e-05
0.27732,0.018817,0.06166,0.010927,0.00052153,6.0552e-05
0.2774,0.016528,0.053352,0.011436,0.00052988,5.9552e-05
0.27738,0.014162,0.041957,0.010411,0.00045655,5.4929e-05
0.29737,0.021145,0.030544,0.0078809,0.001067,3.5646e-05
0.30262,0.02564,0.04433,0.017564,0.000951,4.003e-05
0.30794,0.03023,0.064772,0.026873,0.00088998,5.1066e-05
0.31301,0.034658,0.085104,0.029196,0.0010973,5.9837e-05
0.31749,0.0387,0.097843,0.027701,0.0011623,3.0715e-05
0.32099,0.042178,0.10178,0.026795,0.0011452,4.0162e-05
0.32314,0.044949,0.1019,0.027368,0.0012334,4.4136e-05
0.32361,0.046897,0.10381,0.02875,0.00097446,3.697e-05
0.32215,0.047949,0.10678,0.029436,0.0012314,4.1586e-05
0.31865,0.048082,0.10862,0.029718,0.0014189,4.6459e-05
0.31319,0.047335,0.10582,0.030363,0.0012371,4.5992e-05
0.30601,0.045783,0.10013,0.031303,0.0012201,6.0193e-05
0.29746,0.043526,0.097135,0.032041,0.0012559,5.7086e-05
0.28791,0.040681,0.099173,0.032726,0.0011699,4.5373e-05
0.27769,0.037396,0.10259,0.034378,0.0012527,3.884e-05
0.2671,0.033837,0.10365,0.03648,0.00098037,3.5884e-05
0.25639,0.030176,0.1002,0.036309,0.00074431,3.2888e-05
0.24581,0.026588,0.089977,0.031465,0.0010463,3.8947e-05
0.23551,0.023248,0.074921,0.023654,0.00090947,5.0954e-05
0.22561,0.020324,0.062332,0.018826,0.00051032,2.8366e-05
0.21615,0.017965,0.053269,0.017339,0.00054371,3.8384e-05
0.20709,0.016276,0.046312,0.016092,0.00062171,4.835e-05
0.19838,0.015294,0.043276,0.014601,0.00078954,5.9474e-05
0.18991,0.014984,0.044662,0.013699,0.00050119,5.7421e-05
0.18156,0.015261,0.04675,0.012953,0.00036544,4.5551e-05
0.17317,0.015989,0.04681,0.012064,0.00049669,5.2156e-05
