-34.388,-39.4743333333333,-46.9258,-55.3178,-61.6431666666667,-57.0372,-56.269,-60.365
-23.497,-28.2646666666667,-48.2182,-48.4518,-47.0238333333333,-46.9396,-50.5503333333333,-53.357
-21.53,-31.4016666666667,-39.505,-48.6146,-45.1351666666667,-45.7278,-47.7,-43.472
-29.347,-24.3798333333333,-39.5368,-42.4442,-45.7103333333333,-43.5796,-48.2586666666667,-51.93
-29.413,-34.6816666666667,-36.8726,-50.1484,-44.6278333333333,-45.3644,-45.7996666666667,-42.116
-22.689,-27.7988333333333,-36.633,-43.3858,-48.443,-41.095,-43.8296666666667,-46.861
-22.963,-29.6651666666667,-42.4362,-40.6474,-45.2891666666667,-48.8922,-47.31,-52.734
-44.034,-27.5216666666667,-41.8028,-49.3966,-47.4153333333333,-48.3596,-44.6046666666667,-55.084
-32.156,-28.7421666666667,-44.0792,-43.6366,-44.1361666666667,-46.25,-44.2503333333333,-48.346
-38.661,-24.6066666666667,-36.3466,-45.7422,-42.3346666666667,-45.4126,-40.644,-39.672
-17.711,-22.543,-34.4276,-38.2096,-38.697,-49.7766,-48.3356666666667,-45.253
-27.368,-23.5581666666667,-23.7032,-22.5904,-14.6676666666667,-17.5498,-15.5473333333333,-16.025
-37.467,-16.4627333333333,-23.04216,-21.9434,-18.7933333333333,-19.8646,-17.2543333333333,-23.376
-22.099,-20.5763333333333,-26.4592,-29.7044,-31.1893333333333,-34.0122,-24.0353333333333,-36.697
-28.075,-17.5621666666667,-38.5658,-37.378,-32.3726666666667,-30.993,-41.9526666666667,-34.304
-35.141,-16.4295,-28.6082,-37.2538,-23.7591666666667,-22.9358,-30.819,-17.085
-34.384,-23.8203333333333,-29.1542,-34.6914,-19.8086666666667,-22.1954,-32.124,-31.171
-18.633,-13.94185,-35.115,-34.5218,-28.4496666666667,-33.0844,-37.8833333333333,-36.006
-26.488,-20.526,-32.8536,-38.9968,-33.88,-34.3066,-41.4866666666667,-28.568
-32.797,-26.4763333333333,-37.0762,-38.485,-40.3655,-32.9076,-29.989,-42.05
-23.894,-21.7805,-30.4774,-38.7796,-36.6493333333333,-38.0666,-46.681,-37.423
-27.078,-29.0358333333333,-33.691,-38.2366,-34.0698333333333,-37.204,-47.9603333333333,-49.342
-27.462,-23.7336666666667,-35.6542,-36.9942,-39.3628333333333,-38.899,-42.313,-49.142
-30.79,-18.7966666666667,-40.1432,-38.7188,-36.521,-36.4946,-48.3403333333333,-48.18
-24.887,-26.112,-35.1166,-36.1886,-33.9695,-39.9992,-36.48,-39.924
-30.302,-20.8161666666667,-31.9078,-34.7636,-36.9863333333333,-41.859,-36.9993333333333,-51.873
-44.856,-28.0981666666667,-37.3692,-35.87,-39.4818333333333,-36.4178,-44.9193333333333,-37.616
-23.957,-23.7656666666667,-36.0598,-35.952,-36.67,-47.5632,-36.0043333333333,-47.244
-40.219,-21.1695,-40.2358,-38.3378,-32.8808333333333,-40.8206,-38.6513333333333,-36.372
-32.352,-26.4895,-41.0566,-37.0898,-40.6231666666667,-38.4304,-41.601,-43.06
-22.818,-21.7851666666667,-28.4146,-39.4946,-33.9596666666667,-35.3324,-41.4266666666667,-42.279
-30.565,-29.1165,-35.7262,-37.4682,-36.194,-43.2786,-36.691,-36.904
-28.048,-22.9371666666667,-34.831,-38.4536,-32.2873333333333,-40.9848,-35.9556666666667,-40.889
-51.043,-28.8875,-30.9484,-39.5994,-35.0576666666667,-40.5342,-36.862,-37.178
-36.385,-29.9125,-37.29,-38.5508,-33.0508333333333,-41.198,-34.7706666666667,-51.679
-15.782,-24.854,-33.8668,-38.5862,-36.8721666666667,-38.3324,-39.5016666666667,-46.082
-19.354,-28.8353333333333,-31.051,-39.3556,-35.2725,-40.4058,-45.2026666666667,-44.469
-37.928,-27.3275,-33.9224,-37.6804,-31.8261666666667,-42.0888,-43.1073333333333,-39.442
-21.314,-24.0183333333333,-31.991,-36.6624,-36.8026666666667,-40.7182,-37.864,-44.222
-27.618,-26.25,-31.4756,-35.4056,-31.0791666666667,-37.2874,-43.905,-39.301
-20.531,-29.3541666666667,-33.0788,-41.1986,-37.683,-41.0928,-43.8976666666667,-53.416
-41.203,-24.368,-31.8306,-35.647,-36.187,-43.6216,-40.3796666666667,-45.832
-40.28,-29.5388333333333,-32.995,-44.9488,-38.472,-43.591,-40.2526666666667,-44.509
-29.035,-31.5665,-34.7714,-38.888,-37.7553333333333,-42.814,-40.9103333333333,-42.221
-36.124,-31.1463333333333,-34.4736,-42.083,-42.8955,-41.3956,-44.076,-45.445
-23.515,-25.5111666666667,-40.4906,-41.3684,-39.341,-48.0822,-42.2623333333333,-57.736
-20.947,-28.0366666666667,-40.4284,-41.1798,-38.0101666666667,-52.2974,-38.869,-45.735
-38.423,-25.3106666666667,-31.3934,-37.9424,-42.4173333333333,-44.1904,-41.5883333333333,-56.195
-35.597,-30.7708333333333,-40.155,-41.1766,-41.3638333333333,-46.7406,-42.389,-64.834
-30.598,-27.0713333333333,-35.4926,-44.071,-41.8113333333333,-44.9162,-48.061,-41.472
-39.435,-25.3145,-34.9876,-40.5368,-41.5998333333333,-44.0546,-45.882,-47.203
-21.008,-29.1078333333333,-38.2692,-46.4008,-46.4605,-49.8414,-43.188,-41.764
-28.319,-26.955,-38.8262,-46.3282,-41.1778333333333,-47.8936,-43.3606666666667,-59.435
-29.167,-27.776,-41.6964,-40.776,-40.1608333333333,-46.303,-54.319,-47.245
-25.961,-25.6733333333333,-39.0726,-46.7784,-43.1948333333333,-44.9526,-43.934,-42.066
-23.105,-27.1335,-35.693,-42.1378,-46.7481666666667,-49.2044,-41.151,-40.624
-24.835,-26.2125,-39.5128,-42.0638,-43.5508333333333,-41.7634,-37.8586666666667,-72.696
-27.526,-30.044,-43.4078,-43.5276,-45.7471666666667,-44.4126,-52.1743333333333,-56.594
-27.32,-27.9768333333333,-42.6028,-42.6698,-47.622,-48.4858,-52.769,-47.231
-30.084,-30.9571666666667,-43.8302,-40.6772,-44.5703333333333,-52.838,-46.8686666666667,-50.809
-31.21,-28.5643333333333,-43.2992,-46.1292,-41.6286666666667,-50.1316,-50.477,-43.249
-26.984,-32.3588333333333,-42.046,-35.4802,-41.3598333333333,-38.0014,-42.3623333333333,-26.461
-47.795,-28.7203333333333,-39.4598,-45.4308,-43.7948333333333,-43.318,-47.8343333333333,-55.238
-28.748,-30.8921666666667,-41.411,-43.6904,-43.8726666666667,-48.2654,-43.9703333333333,-41.947
-32.356,-28.9033333333333,-36.0922,-43.3712,-43.9155,-55.3582,-55.6356666666667,-54.766
-26.769,-26.8501666666667,-41.3198,-44.9298,-45.018,-46.3696,-48.4386666666667,-45.45
-27.115,-27.8956666666667,-37.982,-43.233,-53.6201666666667,-43.095,-49.921,-51.832
-27.357,-29.028,-37.2316,-48.7414,-52.1391666666667,-44.7038,-45.895,-45.954
-31.421,-31.702,-38.8076,-44.519,-49.0866666666667,-46.0714,-48.9743333333333,-47.975
-20.858,-28.1161666666667,-29.6732,-45.401,-42.318,-50.874,-41.1096666666667,-41.475
-25.722,-22.924,-33.7706,-45.6928,-47.2941666666667,-43.952,-47.4403333333333,-50.134
-17.879,-24.4935,-33.6548,-43.5926,-44.0543333333333,-42.73,-44.8113333333333,-65.406
-44.086,-30.2653333333333,-33.6682,-48.7822,-41.7455,-43.9828,-47.812,-39.141
-44.821,-30.9943333333333,-43.8848,-44.9686,-44.8926666666667,-47.8036,-47.847,-47.144
-15.562,-30.252,-42.0822,-38.1722,-40.9965,-43.3864,-42.7463333333333,-46.215
-31.919,-33.7786666666667,-37.7458,-43.2094,-43.0696666666667,-48.4188,-52.6633333333333,-46.241
-19.461,-24.9121666666667,-39.7092,-46.1624,-42.4116666666667,-42.2404,-42.7666666666667,-44.375
-26.9,-21.9968166666667,-36.8114,-42.7252,-50.6735,-41.9058,-41.4073333333333,-42.738
-18.421,-11.6438166666667,-34.642,-44.6162,-46.124,-43.5306,-42.639,-39.2
-15.116,10.068315,-9.68434,-33.056,-32.5825,-37.2192,-42.409,-30.935
-28.765,13.3726166666667,-2.20522,-15.5655,-29.109,-26.7262,-35.9976666666667,-13.635
-20.763,16.2894833333333,2.42644,-3.5404,-19.1006666666667,-17.7882,-25.946,-11.886
-14.962,17.8561666666667,2.31295,1.22392,-12.9762833333333,-9.29428,-23.9506666666667,-23.23
-21.537,17.82,2.016312,4.033223,-10.94205,-9.09718,-21.5576666666667,-12.901
-18.464,18.1065333333333,2.51972,3.187614,-10.5142383333333,-10.87034,-10.1202333333333,-14.375
-24.674,18.6128333333333,1.74888,4.359724,-14.1155,-12.42442,-13.0863333333333,-8.9722
-28.862,18.5215,2.29652,4.410156,-15.4644333333333,-13.48806,-8.70526666666667,-2.0516
-25.757,18.6315,5.66906,4.430316,-13.9005,-15.89798,-10.683,-11.348
-12.612,18.1315833333333,6.233272,5.02807,-14.4216166666667,-19.67818,-7.01014,-2.0166
-32.091,17.8984833333333,7.09094,1.52712,-18.6112,-14.9666,-8.75306666666667,-5.6184
-17.693,17.7523833333333,6.27412,-0.60764,-14.2506766666667,-16.1064,-10.5519,-8.337
-16.673,18.0636,5.61812,0.44112,-9.9339,-17.59626,-10.5833,-8.811
-16.013,18.7341666666667,5.440924,0.588516,-5.79755166666667,-17.8166,-8.36086666666667,1.0931
-23.677,18.7989666666667,5.4118,-0.723372,-0.383433333333333,-12.0444,-3.12443333333333,4.5047
-11.53,18.50515,4.5299,-7.710566,2.08568333333333,-8.5534,-1.24467333333333,3.9421
-23.53,17.3861,1.90622,-14.8428,3.174665,-9.77522,0.310116666666667,-1.1991
-19.217,16.2665166666667,-0.619866,-18.6374,-2.0732,-3.4499,-0.984266666666667,-1.1239
-18.916,14.31795,-5.514706,-18.832,-7.09063333333333,-2.92832,-4.41023333333333,-3.2406
-10.95,12.4527666666667,-3.255692,-15.1374,-11.1981333333333,-0.71792,-2.42593333333333,-7.1337
-27.104,12.4294333333333,-1.428172,-14.1732,-10.8562066666667,-0.55119,-7.04506666666667,0.091789
-12.054,12.6019166666667,0.587,-11.72594,-10.513215,-0.52838,-10.0096666666667,1.6368
-20.795,12.5569166666667,0.8731,-11.8949,-8.65155,0.99974,-15.5076666666667,-1.3886
-17.346,12.7229666666667,0.45226,-10.66148,-7.26126666666667,-0.9004,-10.8779,-5.1435
-14.764,12.2968833333333,1.98824,-11.31926,-5.17418333333333,-7.168466,-13.6569666666667,-4.992
-64.471,13.2100166666667,4.55036,-11.07234,-5.501855,-4.465854,-20.7656666666667,-4.2489
-13.922,14.1060333333333,5.4022,-13.67,-0.9983,-6.2243,-12.2213333333333,-12.903
-16.046,13.7991,3.65208,-8.540376,-4.49190166666667,-17.20368,-19.0776666666667,-24.499
-22.314,9.95868333333333,-3.73434,-8.195308,-8.40301666666667,-17.8226,-22.785,-31.025
-12.843,10.7546,-15.67916,-11.03366,-13.6736333333333,-25.097,-34.2603333333333,-41.208
-20.884,11.127303,-17.07966,-11.82912,-16.4896666666667,-28.0264,-34.7296666666667,-30.047
-13.799,8.87375,-21.24818,-17.25848,-16.8869833333333,-24.683,-38.698,-30.8
-34.134,5.70457833333333,-20.6388,-20.4088,-21.2575,-25.5536,-34.8753333333333,-33.269
-26.056,-2.16583333333333,-28.5582,-27.7084,-30.6865,-35.1546,-43.802,-32.471
-15.292,-7.97191333333333,-26.4878,-30.9436,-25.1075,-36.2658,-45.8836666666667,-40.163
-29.879,-17.3809166666667,-31.6242,-28.7574,-37.0666666666667,-41.502,-47.2186666666667,-45.514
-32.061,-12.30563,-36.7456,-42.8036,-42.9148333333333,-40.3132,-46.4023333333333,-48.273
-26.416,-16.9526666666667,-35.6986,-46.3376,-42.2886666666667,-43.0894,-43.8863333333333,-42.391
-22.787,-20.6188333333333,-35.783,-40.302,-41.5251666666667,-43.719,-49.35,-55.452
-30.1,-7.75666666666667,-8.5765,-10.14908,-8.05271666666667,-7.82396,-23.345,-10.913
-47.599,-4.77856858333333,-16.51306,-15.2359,-15.8260666666667,-20.2948,-18.3053333333333,-26.862
-11.072,-16.7728333333333,-16.6194,-16.7682,-18.4435666666667,-19.55,-24.1386666666667,-29.297
-20.029,3.79851666666667,-11.4727,-17.0922,-14.2331666666667,-19.0752,-28.1203333333333,-21.311
-32.768,10.0133333333333,-2.71412,-8.95792,-6.06098166666667,-16.04302,-19.4496666666667,-18.528
-36.177,13.9783833333333,-2.77906,-4.542608,-4.28161666666667,-15.16476,-23.4846666666667,-32.26
-18.029,15.70555,-4.29132,-4.32329,-6.82228333333333,-16.02408,-26.3946666666667,-23.367
-18.994,15.7023333333333,-1.11112,-5.3047,-4.36246666666667,-14.27324,-24.5706666666667,-14.936
-8.7667,16.2675,-0.74994,-6.07632,-3.12044666666667,-18.63644,-27.0816666666667,-19.236
-6.7053,13.2547166666667,-7.31674,-9.0944,-9.26235,-22.4146,-24.3946666666667,-23.506
-0.62287,1.164095,-18.84432,-22.0354,-17.7818333333333,-17.2326,-23.374,-32.267
-6.7283,-3.18805,-15.5744,-17.3858,-18.2731666666667,-13.48724,-18.1716666666667,-9.169
-23.067,-8.210415,-19.9646,-22.4054,-7.0776,-12.23218,-11.649,-11.276
-20.145,-7.62765833333333,-15.973,-14.83098,-6.68551666666667,-10.82504,-19.9823333333333,-7.6213
-16.652,-10.6266166666667,-19.0016,-20.6474,-11.7471833333333,-14.12636,-9.46423333333333,-13.393
-43.481,-12.19955,-14.9148,-21.4696,-14.6186333333333,-13.9397,-13.8345,-15.2
-16.951,-13.5272,-24.3372,-21.2896,-15.6430833333333,-11.48018,-10.3484666666667,-8.8984
-21.136,-13.0607,-25.5038,-22.6266,-13.3890833333333,-13.24666,-10.1415333333333,-12.298
-29.315,-17.0478833333333,-25.758,-24.3232,-14.6193333333333,-18.2166,-21.6156666666667,-15.449
-24.456,-14.7517,-21.8822,-22.6806,-18.2391666666667,-14.5856,-15.2856666666667,-16.837
-28.484,-21.2583333333333,-21.0882,-27.7896,-16.7438333333333,-14.7166,-24.1486666666667,-20.276
-17.754,-23.9931666666667,-23.6804,-27.656,-16.46,-21.2322,-17.056,-14.673
-24.803,-22.0635,-27.084,-25.6626,-15.8645,-13.24736,-16.9763333333333,-13.188
-20.436,-18.1719,-21.1296,-18.7064,-16.613,-20.18,-24.635,-23.628
-18.002,2.73723666666667,-13.3133,-18.1188,-18.6976666666667,-23.7108,-29.2683333333333,-28.139
-5.6187,18.9658333333333,2.93022,1.37706,1.47326666666667,-17.2524,-23.728,-31.077
-9.118,20.5238333333333,4.6397994,0.745348,4.2575,-15.9098,-27.232,-15.88
-3.0846,17.0509333333333,-0.0228799999999998,-3.30706,3.1633,-16.11798,-27.4846666666667,-19.239
-9.1195,21.0996666666667,2.16866,-3.28802,8.26502333333333,-15.41714,-26.4636666666667,-19.968
-5.2807,21.6141666666667,5.31808,-0.556998,9.69721666666667,-10.90438,-22.6623333333333,-14.906
-3.1626,17.9071666666667,2.326338,-1.53588,5.74088333333333,-11.62516,-22.9003333333333,-16.137
-28.93,20.3051666666667,-1.829044,-8.331616,8.55075,-14.10312,-22.2643333333333,-19.663
-5.3137,21.4075,2.79526,-3.508562,10.2678666666667,-4.737106,-20.2696666666667,-13.519
-3.8098,17.0821666666667,0.346328,-6.044156,4.0167,-5.03704,-16.364,-17.419
-20.648,19.9573333333333,-3.75868,-10.29032,6.50903333333333,-3.01486,-18.7103333333333,-24.834
-6.511,20.7118333333333,0.00437800000000016,-7.60318,4.42539166666667,0.36492,-11.8225666666667,-18.457
-1.075,17.1241666666667,-4.77336,-10.48206,-0.771406666666667,-4.69952,-14.2894666666667,-15.453
-12.179,20.1065,-5.59246,-16.6925,1.07576333333333,-0.0164922,-11.2293,-7.459
-9.1849,18.0551666666667,-3.87274,-11.86024,-0.32278,-5.60536,-8.58586666666667,-2.2165
-3.6314,14.03895,-12.25626,-21.4838,-8.23621666666667,-13.00442,-13.9437666666667,-16.041
-1.8635,13.4503333333333,-11.588664,-21.517,-7.12241166666667,-15.9516,-11.4830333333333,-18.995
-4.1184,5.31525,-19.5372,-28.7854,-18.1621666666667,-24.795,-18.2976666666667,-24.268
-7.7842,4.64288333333333,-27.9116,-30.882,-19.4393333333333,-27.3954,-23.4956666666667,-24.363
-10.861,-6.68058333333333,-27.9376,-31.8332,-29.86,-33.1114,-25.8403333333333,-20.433
-9.6585,-5.5069,-25.4844,-29.7504,-26.6325,-27.8162,-26.9256666666667,-17.418
-9.2359,-10.4149883333333,-27.3434,-24.438,-27.3433333333333,-21.8706,-24.491,-19.689
-15.732,-14.22605,-20.867,-28.7584,-23.1966666666667,-28.37,-31.407,-35.92
-25.882,-12.1716,-21,-16.9686,-17.0368333333333,-24.2198,-26.047,-15.313
-21.029,-9.70128333333333,-20.282,-21.1374,-21.2206666666667,-22.962,-28.0343333333333,-25.515
-6.8998,3.59205,-27.5838,-32.5972,-24.8078333333333,-31.0364,-34.6386666666667,-30.584
-1.3292,10.0069,-16.87634,-24.3114,-25.4353333333333,-32.665,-39.1573333333333,-33.217
-15.106,13.027255,-13.35804,-19.7264,-18.9583333333333,-28.8752,-24.153,-28.797
-0.38249,14.9019833333333,-12.93154,-17.7762,-18.3906666666667,-19.4368,-22.829,-33.436
-0.050334,13.71655,-13.73978,-22.3054,-19.0845,-21.316,-22.718,-34.797
-11.333,13.6834666666667,-12.00558,-17.2514,-14.8513333333333,-33.2614,-27.0773333333333,-31.281
0.3537,13.9978166666667,-10.30464,-23.0178,-17.0343333333333,-22.4712,-20.39,-35.888
-6.0932,13.1392666666667,-11.0759,-21.1636,-20.2315,-23.3714,-28.7263333333333,-33.275
-4.0819,12.9199,-15.19714,-22.088,-17.8705,-26.9272,-29.7716666666667,-26.575
-3.458,13.5016833333333,-12.08918,-29.2864,-13.3713333333333,-29.4122,-30.6013333333333,-28.258
-10.652,12.7820333333333,-10.519792,-27.0218,-11.78005,-22.2494,-26.7076666666667,-24.077
-1.5708,12.7356666666667,-13.1152,-23.3984,-15.0868166666667,-22.6818,-25.6123333333333,-26.25
-26.156,14.4066,-7.93902,-12.00666,-8.51583333333333,-21.4542,-20.8796666666667,-21.734
-0.10415,15.1268666666667,13.98358,-2.5492,5.84158333333333,-2.28722,-2.75356666666667,-2.6391
-2.2868,16.0146666666667,11.93756,-0.661456,3.22617333333333,1.01612,-1.15582666666667,-2.6835
-8.6698,15.8566833333333,11.16632,-5.42768,1.85483333333333,-1.312162,-4.18803333333333,-14.658
1.5264,16.0071833333333,12.70088,-3.13231264,2.78743,7.78952,1.84333333333333,-3.244
-1.6382,16.1293333333333,7.41722,-6.00516,-4.23401666666667,8.46576,3.19811333333333,-5.3036
-7.119,16.0064333333333,5.637576,-8.31906,-8.14115,6.734928,3.01926333333333,-11.558
-1.7044,15.0798833333333,2.8209,-8.6174,-7.11566666666667,6.05986,8.47873333333333,-1.2007
-6.0453,14.4219333333333,-1.54428,-8.22838,-5.83696666666667,-0.520182,4.10812666666667,-2.2985
-1.6895,13.1633016666667,-4.13328,-8.56676,-7.18258333333333,-5.87656,-2.10726666666667,-1.7012
-5.1954,15.2585166666667,-8.17186,-9.10954,-10.0662,-11.1818,-2.24139666666667,-7.9119
-9.4299,14.627,-13.41738,-10.74676,-12.3440833333333,-9.41974,-2.72063333333333,-13.533
-8.0119,15.1166,-9.947,-12.60456,-9.7562,-8.05108,-3.6875,-9.9828
-18.113,14.0392333333333,-9.613494,-13.89982,-11.1595,-8.71694,-1.13841666666667,-8.0814
-23.877,11.6984833333333,-9.40298,-14.10104,-14.182,-6.04482,-3.70023333333333,-16.565
-28.558,8.55921666666667,-12.07152,-16.8226,-14.7755,-23.6718,-27.7956666666667,-35.064
-6.7654,2.850665,-28.8144,-27.7526,-31.7841666666667,-35.0762,-39.4466666666667,-40.105
-4.4427,-1.73881666666667,-31.7552,-31.6792,-33.9835,-46.868,-37.3343333333333,-40.46
-18.752,-6.76456666666667,-24.58,-29.5542,-28.9441666666667,-35.8386,-40.4336666666667,-33.948
-14.591,-1.63965,-32.8238,-39.0018,-39.7798333333333,-43.314,-41.9183333333333,-42.794
-22.382,-7.89443333333333,-33.1208,-36.9346,-40.746,-38.6894,-40.7166666666667,-46.279
-32.716,-16.34485,-36.4138,-41.745,-39.3678333333333,-42.5864,-46.3396666666667,-49.21
-16.288,-17.352055,-37.443,-45.2494,-45.7293333333333,-43.6624,-45.9336666666667,-52.094
-19.459,-11.67525,-32.6702,-42.5724,-45.404,-39.77,-40.819,-58.035
-20.476,-15.6842166666667,-41.0338,-42.2722,-49.8551666666667,-45.351,-45.216,-50.244
-30.25,-18.3744666666667,-30.2972,-29.1114,-43.37,-40.1874,-46.864,-43.885
-43.533,-21.03035,-29.7208,-26.9968,-36.584,-42.1696,-42.6576666666667,-37.912
-17.844,-21.8038833333333,-32.891,-35.94,-40.273,-43.0952,-46.2063333333333,-42.86
-19.904,-21.3075,-38.6332,-36.264,-45.1043333333333,-39.7708,-46.0106666666667,-27.631
-26.791,-23.3145,-35.6686,-34.9736,-39.1306666666667,-39.4616,-37.152,-35.102
-29.597,-3.16416666666667,-4.318878,-6.05576,-8.72893,-7.07734,-6.18196666666667,-8.7737
-15.057,-8.68954333333333,-22.7916,-25.5178,-15.5599666666667,-8.42616,-16.169,0.66408
-29.672,-13.8097833333333,-18.393,-21.1562,-13.4869166666667,-2.55898,-19.4163333333333,-5.1902
-30.866,-14.4365166666667,-22.3112,-24.3422,-8.87126666666667,-0.34101,-16.6093333333333,-3.3291
-23.313,-14.4320333333333,-21.692,-21.501,-16.146,-8.515712,-14.6212666666667,-9.9153
-14.922,-16.188,-21.32,-25.096,-16.191,-4.08002,-10.6073333333333,-12.612
-26.324,-13.03005,-22.1636,-22.728,-16.9753333333333,-15.579412,-21.9411,-7.1055
-29.493,-15.8541666666667,-26.845,-24.6518,-25.088,-13.43628,-10.2168333333333,-16.938
-33.264,-13.988,-28.1974,-32.6596,-29.6735,-20.3218,-13.6756666666667,-13.533
-23.213,-10.51301,-26.0092,-35.1778,-38.8745,-28.1384,-17.352,-12.12
-11.042,12.4756666666667,-11.31198,-20.4702,-19.7636666666667,-12.55212,-2.9136,-4.5562
-15.479,12.472,-9.23122,-15.54888,-18.6,-6.20824,1.56669333333333,-7.8024
-7.1119,10.8734666666667,-8.279108,-16.4342,-17.2903333333333,-9.0054908,-2.60197333333333,-15.433
-13.881,13.8005,-12.04828,-19.932,-20.6996666666667,-14.23256,-2.21058666666667,-12.975
-7.8216,15.8915,-12.4448,-18.77824,-16.2263333333333,-10.03704,-4.06709333333333,-9.1338
-4.0915,16.3655,-9.10452,-14.54954,-14.2955,-9.27706,-6.46593333333333,-5.7208
-1.1138,15.1314,-9.282312,-14.60724,-15.9293333333333,-10.62384,-3.62756666666667,-4.1686
-5.3959,15.746,-12.6106,-15.37774,-18.0745,-13.74114,-3.4864,-9.6105
-3.809,16.8978333333333,-10.137618,-14.467,-15.3226666666667,-7.49172,-1.12640133333333,-7.2429
-7.1339,15.9056666666667,-8.24936,-15.8964,-14.5603333333333,-8.72844,-1.67769666666667,-8.9978
-0.90926,15.6817333333333,-10.464812,-17.9918,-18.4235,-13.58014,-5.05140766666667,-9.371
-15.979,15.5961166666667,-12.438415,-14.78906,-16.4143333333333,-12.20788,-4.97846666666667,-14.536
-0.87848,15.929,-8.662364,-16.43018,-14.7573333333333,-8.14668,-0.514925,-14.731
-7.8598,15.1687333333333,-10.02334,-17.8822,-18.75,-11.81248,-5.3123,-12.301
-2.2262,15.1114,-14.18022,-17.9506,-23.1395,-14.10018,-12.4988333333333,-10.194
-4.8626,15.8678333333333,-10.033536,-18.4902,-20.0603333333333,-8.40556,-5.29386666666667,-14.616
-5.8121,14.9304333333333,-9.701254,-17.8364,-17.3976666666667,-7.68682,-9.36523333333333,-13.501
-1.8861,14.2372333333333,-14.32098,-17.7766,-21.6333333333333,-16.98124,-20.889,-15.246
-15.285,13.325,-15.52384,-19.3592,-22.0595,-27.7028,-33.517,-23.995
-2.349,14.50845,-14.11226,-19.1616,-19.6031666666667,-29.2002,-32.5296666666667,-33.489
-12.985,12.3891166666667,-13.7466,-19.4214,-21.4853333333333,-28.3462,-35.6643333333333,-35.663
1.536,12.8642833333333,-17.55072,-23.667,-26.0673333333333,-30.1318,-36.1326666666667,-36.07
-18.154,12.8536883333333,-16.3094,-20.5968,-22.1048333333333,-26.2646,-27.0173333333333,-31.171
1.3299,10.9854333333333,-17.86476,-24.431,-27.2355,-34.8646,-35.3913333333333,-33.826
-0.34124,6.95014833333333,-19.5564,-27.0498,-28.3886666666667,-30.869,-32.3253333333333,-36.346
-9.1846,0.457566666666667,-26.04,-29.5808,-34.0136666666667,-37.5116,-38.688,-31.811
-7.6702,-8.78821666666667,-33.6562,-38.4938,-46.4945,-45.8816,-50.4116666666667,-37.671
-14.867,-12.3855416666667,-38.9936,-42.1338,-43.5218333333333,-48.6616,-58.2456666666667,-40.204
-15.997,-18.5270166666667,-35.508,-42.8744,-43.0691666666667,-44.7752,-61.7,-46.939
-19.24,-18.6066166666667,-36.3356,-43.5152,-48.2203333333333,-44.6354,-48.786,-46.734
-37.325,-18.0784,-39.79,-44.7444,-43.4856666666667,-45.0034,-41.52,-47.11
-16.919,-18.9568333333333,-35.9442,-40.6646,-43.8945,-48.4752,-49.3743333333333,-45.54
-19.929,-22.4513333333333,-35.4542,-38.493,-45.5605,-49.4666,-48.291,-47.079
-39.713,-22.67335,-42.9354,-45.6944,-46.2806666666667,-46.1016,-48.3216666666667,-45.601
-19.348,-22.2691666666667,-40.9468,-36.7742,-39.6038333333333,-41.9786,-39.9066666666667,-34.351
-15.124,-3.114885,-7.807032,-5.94424,-6.7088,-15.5466,-7.93419,3.2422
-12.138,3.2851,-19.9348,-20.743,-15.3230333333333,-25.6266,-6.98253333333333,-5.541
-17.723,15.9231666666667,-6.8989,-13.02104,-8.67883333333333,-16.54692,-10.1507,-8.7554
-23.419,14.5816666666667,5.273978,-2.305656,2.44444466666667,-9.54118,-8.51003333333333,-12.433
-21.561,14.6502666666667,4.7274,-3.386506,5.05419333333333,-12.58414,-9.35563333333333,-20.25
-2.8957,9.87381666666667,9.17202,2.362382,1.83583666666667,-9.22462,-20.7906666666667,-10.971
1.9634,16.1659166666667,14.8866,6.92002,5.49896666666667,-10.68824,-23.13,-12.503
-6.1473,8.59443333333333,11.17148,-0.43944,1.27522016666667,-19.6916,-30.686,-21.686
-3.9675,13.009,12.00646,5.69054,-0.681885,-18.7774,-28.9763333333333,-24.41
2.2777,15.1,15.81178,8.28494,4.32646333333333,-18.2644,-29.841,-13.215
2.0951,8.25765,8.26553,-0.46412,1.938929,-22.0346,-28.605,-13.41
-11.261,14.9921666666667,11.43222,6.29628,4.14166333333333,-16.2254,-23.2523333333333,-13.905
-3.4583,14.9211666666667,9.615782,4.381136,5.88813333333333,-19.4664,-28.35,-9.8818
1.494,11.39715,2.1741,-1.115574,1.18821666666667,-17.3816,-28.0053333333333,-16.876
1.9077,16.7881666666667,5.19296,-2.19694,6.31462683333333,-14.37194,-26.932,-10.317
-2.7377,10.4573166666667,-6.45826,-12.36926,0.73961,-20.2624,-42.9866666666667,-15.968
-8.9652,12.08,-7.82916,-14.947,-4.68875,-16.39554,-33.256,-16.673
-16.576,5.7256,-24.2862,-29.9264,-15.87,-23.2494,-36.6536666666667,-18.094
-6.2665,-5.12131833333333,-32.1118,-34.2028,-27.2595,-37.1392,-28.3893333333333,-23.868
-26.679,-10.31155,-34.4804,-40.7716,-35.9896666666667,-53.8886,-38.1236666666667,-35.572
-13.489,-9.46316666666667,-37.4408,-38.7898,-39.8981666666667,-47.1178,-40.7413333333333,-42.379
-18.567,-15.732,-43.0278,-44.402,-44.7643333333333,-47.0752,-45.704,-43.403
-41.465,-19.7415,-36.204,-47.4664,-40.0061666666667,-45.2864,-45.0063333333333,-56.374
-33.278,-45.7626666666667,-44.5906,-57.5396,-60.1901666666667,-54.6036,-55.4736666666667,-60.805
-20.771,-24.2561666666667,-39.5118,-42.9666,-48.6495,-43.0196,-48.524,-53.07
-21.433,-23.8093333333333,-38.244,-45.1102,-48.7593333333333,-44.7808,-40.5423333333333,-44.374
-30.036,-24.8565,-40.9972,-43.6988,-42.1218333333333,-47.163,-42.0116666666667,-47.534
-24.542,-25.7548333333333,-35.3666,-43.0622,-45.7463333333333,-43.6352,-45.2813333333333,-38.594
-20.398,-31.9628333333333,-40.9712,-38.896,-45.885,-46.735,-42.696,-41.273
-16.821,-25.215,-36.1892,-42.9862,-45.5813333333333,-49.966,-41.515,-44.028
-19.678,-23.5026666666667,-37.7502,-36.7048,-43.8355,-44.3102,-50.2523333333333,-37.198
-32.512,-30.0738333333333,-37.3752,-40.0446,-40.7755,-43.3864,-49.205,-42.929
-30.893,-24.5833333333333,-37.9518,-45.7634,-44.8546666666667,-47.322,-47.335,-40.177
-15.952,-20.7828333333333,-35.8132,-48.8688,-40.0281666666667,-42.0666,-43.7913333333333,-41.283
-15.284,-23.5985,-35.0192,-40.0902,-40.7471666666667,-45.3324,-45.5133333333333,-38.9
-21.336,-25.7466666666667,-30.3456,-37.6156,-32.2641666666667,-34.5438,-31.4056666666667,-22.729
-25.887,-24.0446666666667,-42.5726,-42.2334,-41.1438333333333,-45.7076,-41.234,-42.437
-28.829,-21.6275,-26.7058,-12.9657,-18.6146666666667,-24.4104,-29.313,-29.487
-25.514,-30.1351666666667,-39.2792,-40.0968,-39.2605,-41.5072,-46.3586666666667,-44.398
-18.971,-14.1679,-23.0008,-30.8168,-21.0926666666667,-25.3508,-30.4126666666667,-34.548
-21.508,-23.3895,-37.1886,-37.6678,-31.7703333333333,-37.7474,-38.357,-36.356
-15.347,-22.5268333333333,-27.1494,-20.9686,-19.7296666666667,-17.4496,-20.704,-33.854
-42.426,-25.8091666666667,-32.6196,-26.0676,-11.1708666666667,-16.3992,-20.889,-37.747
-17.07,-24.8803333333333,-34.5148,-38.0312,-32.4778333333333,-37.2056,-43.5863333333333,-40.367
-27.798,-26.0828333333333,-34.032,-44.2948,-37.0373333333333,-42.831,-49.2183333333333,-43.19
-20.334,-30.5133333333333,-38.308,-40.5006,-37.3293333333333,-43.7682,-46.9916666666667,-47.32
-25.268,-23.59,-33.6532,-40.2732,-39.2208333333333,-37.7632,-48.3573333333333,-59.044
-10.157,1.84936666666667,-29.0042,-29.9978,-27.7243333333333,-26.4624,-33.7463333333333,-38.501
-5.3424,8.85728333333333,-18.3508,-29.9676,-25.1873333333333,-23.6362,-18.861,-42.921
-11.12,-3.65023666666667,-29.3992,-32.2748,-30.9875,-36.6228,-26.8576666666667,-40.213
-5.5456,1.86071666666667,-27.4614,-38.2324,-33.8516666666667,-38.629,-27.62,-32.542
-6.7107,0.421068333333333,-26.449,-35.7854,-36.0285,-36.6644,-26.0453333333333,-41.46
-12.364,-10.71997575,-37.9258,-44.3258,-37.592,-40.9756,-36.1416666666667,-23.955
-19.635,-15.3808,-34.67,-37.1258,-39.7961666666667,-38.2024,-42.8756666666667,-37.291
-23.641,-18.2254833333333,-36.354,-46.2172,-37.5955,-36.817,-30.3813333333333,-28.633
-24.028,-23.1875,-27.5716,-33.4694,-34.1888333333333,-37.5704,-36.8083333333333,-28.36
-27.695,-22.0301666666667,-42.4532,-33.7636,-33.8628333333333,-30.3938,-43.0386666666667,-26.069
-20.233,-17.5327333333333,-30.1722,-37.0714,-34.7495,-32.8146,-36.1163333333333,-23.242
-21.482,-24.2048333333333,-30.214,-35.817,-34.3996666666667,-29.69,-33.3283333333333,-25.572
-29.691,-26.1523333333333,-30.0688,-37.9994,-33.0646666666667,-33.3524,-29.339,-31.536
-35.008,-22.5341666666667,-29.7256,-31.084,-32.7573333333333,-31.7908,-30.9073333333333,-27.144
-29.751,-23.1456666666667,-27.4528,-32.6578,-30.435,-25.986,-27.1923333333333,-36.378
-16.564,-25.108,-29.6186,-32.0542,-31.2401666666667,-33.3522,-30.0053333333333,-28.176
-16.495,-22.1586666666667,-32.6134,-31.136,-34.9006666666667,-28.3146,-30.4366666666667,-21.173
-50.883,-25.708,-30.019,-33.0386,-32.1823333333333,-34.278,-31.8773333333333,-26.989
-24.311,-26.1291666666667,-30.5208,-40.2554,-35.0626666666667,-30.6284,-36.101,-40.943
-38.451,-24.7856666666667,-34.3902,-30.7874,-35.6688333333333,-35.186,-29.9523333333333,-31.402
-28.088,-22.4806666666667,-31.1202,-30.3528,-36.3951666666667,-32.131,-39.5696666666667,-25.157
-46.755,-27.4001666666667,-34.855,-32.3076,-31.864,-33.9978,-34.7603333333333,-32.837
-30.795,-26.1683333333333,-30.721,-32.8074,-28.8215,-33.9122,-38.321,-36.823
-25.306,-21.6126666666667,-33.8942,-30.0738,-35.6253333333333,-39.371,-39.4036666666667,-30.009
-19.999,-19.1916666666667,-22.7628,-22.9564,-24.6353333333333,-30.543,-33.8836666666667,-30.205
-33.02,-34.49,-50.2316,-47.9958,-51.6191666666667,-52.1718,-54.5286666666667,-58.93
-20.569,-26.8833333333333,-39.3578,-40.776,-47.83,-48.4492,-44.7686666666667,-45.912
-23.898,-26.1001666666667,-37.4602,-41.4996,-44.7548333333333,-42.118,-51.1956666666667,-44.646
-21.843,-18.6108333333333,-40.0488,-42.6224,-44.5898333333333,-36.683,-48.9376666666667,-45.354
-30.354,-24.6526666666667,-32.4204,-40.9984,-40.482,-40.204,-42.3253333333333,-50.895
-21.179,-18.1863333333333,-30.8738,-38.8082,-36.6681666666667,-34.2778,-29.2443333333333,-31.028
-23.739,-26.2498333333333,-33.2586,-35.385,-43.9693333333333,-47.9368,-36.767,-39.554
-27.261,-29.1361666666667,-36.7566,-39.0362,-48.0128333333333,-47.087,-44.6606666666667,-40.651
-46.115,-23.667,-35.0036,-44.9482,-44.9961666666667,-38.1852,-45.0906666666667,-40.893
-22.477,-25.508,-36.2846,-40.6442,-40.7008333333333,-43.8174,-42.735,-45.694
-20.219,-21.5123333333333,-36.7946,-41.0546,-40.7245,-38.6518,-49.8303333333333,-59.707
-28.68,-25.0958333333333,-42.8952,-40.599,-44.9851666666667,-40.996,-43.8956666666667,-45.239
-24.579,-21.6298333333333,-33.812,-40.1952,-47.6966666666667,-48.1462,-44.6436666666667,-46.151
-37.26,-27.5276666666667,-36.826,-40.7802,-42.6686666666667,-48.8444,-47.5036666666667,-49.555
-34.869,-23.4876666666667,-36.6492,-43.8418,-41.3078333333333,-43.6122,-49.9856666666667,-41.601
-17.631,-25.382,-38.5468,-41.7568,-41.6938333333333,-43.9632,-49.417,-47.217
-32.957,-14.501,-25.7248,-35.7844,-29.0263333333333,-34.3062,-29.462,-27.573
-32.859,-21.6533333333333,-37.863,-39.7146,-41.325,-42.554,-44.56,-42.606
-22.948,-20.9681666666667,-36.0288,-44.1978,-44.6261666666667,-42.709,-47.361,-42.918
-15.818,-26.3856666666667,-37.4616,-46.3176,-41.6211666666667,-47,-37.6173333333333,-52.284
-18.026,-22.188,-37.829,-49.1628,-40.3648333333333,-41.8382,-45.9146666666667,-43.373
-30.989,-25.7555,-36.6146,-36.9882,-40.0386666666667,-43.461,-44.5563333333333,-60.102
-28.599,-25.974,-42.8234,-41.6634,-43.9968333333333,-40.131,-45.832,-48.655
-54.181,-22.8578333333333,-39.0062,-34.3194,-41.3971666666667,-43.8378,-45.8503333333333,-42.394
-31.928,-22.4973333333333,-39.5334,-39.6034,-44.9753333333333,-42.2848,-47.3086666666667,-40.915
-16.643,-23.154,-36.5256,-40.294,-41.8511666666667,-42.8564,-44.179,-42.957
-21.504,-25.564,-34.699,-38.6332,-46.4583333333333,-44.0924,-43.612,-42.459
-23.792,-27.0388333333333,-35.8006,-36.392,-56.3531666666667,-47.609,-40.925,-47.04
-35.203,-25.6543333333333,-38.1208,-42.4874,-46.353,-42.7418,-44.702,-45.919
-22.592,-25.8538333333333,-37.7046,-44.4158,-47.1313333333333,-47.8718,-48.08,-40.633
-21.31,-24.3955,-43.9036,-38.726,-45.0466666666667,-43.5866,-44.8306666666667,-40.145
-22.84,-25.0881666666667,-35.1772,-47.098,-45.9975,-41.2152,-44.861,-39.272
-25.696,-30.8571666666667,-41.626,-39.1416,-40.7443333333333,-46.1416,-46.857,-43.155
-32.828,-23.6201666666667,-35.231,-37.7272,-41.828,-44.7836,-41.977,-39.122
-21.214,-24.748,-40.0358,-40.4468,-43.9393333333333,-42.037,-46.902,-47.6
-24.438,-23.1358333333333,-39.469,-43.5196,-45.3711666666667,-40.7746,-46.567,-43.81
-25.793,-27.8351666666667,-40.6492,-38.6244,-46.3835,-43.4834,-42.6336666666667,-39.215
-22.388,-28.6513333333333,-35.7918,-42.8872,-46.8721666666667,-46.3692,-40.0713333333333,-68.589
-41.502,-21.3383333333333,-35.3274,-43.964,-43.5371666666667,-43.4638,-43.991,-57.645
-43.913,-24.9613333333333,-36.6516,-36.956,-41.2228333333333,-42.016,-52.4,-52.656
-26.023,-25.9441666666667,-38.6852,-37.878,-43.5298333333333,-43.5248,-40.1246666666667,-51.553
-4.7629,4.91865,-10.5016,-19.5638,-18.5821666666667,-30.967,-29.3376666666667,-26.944
6.0743,6.27217333333333,-8.89762,-17.846,-12.8397333333333,-33.3076,-26.0206666666667,-28.228
4.0476,8.31395,-14.97742,-25.4356,-14.777,-27.863,-34.6966666666667,-28.805
4.5975,8.9797,-25.222,-29.6438,-16.9566666666667,-31.2516,-36.0503333333333,-37.55
0.72189,7.32563333333333,-16.1882,-26.5116,-15.0645,-23.8418,-31.868,-31.466
3.2603,9.97916666666667,-15.16116,-22.015,-10.16545,-18.773,-27.328,-22.616
-3.2061,1.46128333333333,-22.0362,-26.8198,-25.8203333333333,-28.105,-30.3936666666667,-39.95
-1.7986,7.1682,-24.0852,-28.8644,-11.6353666666667,-27.7244,-21.194,-25.618
4.8561,3.21663666666667,-25.4072,-26.0542,-14.1867666666667,-34.917,-28.9653333333333,-27.632
1.9237,4.80305,-22.9522,-32.9406,-23.2615,-31.2586,-31.863,-43.577
-45.173,-36.3053333333333,-49.006,-49.4278,-52.6986666666667,-52.4054,-51.4396666666667,-54.432
-39.93,-27.7271666666667,-43.5782,-39.9022,-49.361,-44.5354,-50.7303333333333,-46.846
-20.961,-25.73,-42.7484,-44.4962,-44.0146666666667,-45.9,-56.543,-42.463
-18.368,-25.2788333333333,-39.076,-45.1942,-47.8976666666667,-43.2846,-45.434,-45.475
-20.538,-23.1621666666667,-40.3058,-41.4976,-43.4681666666667,-52.2698,-41.153,-48.381
-54.141,-25.9218333333333,-37.582,-40.452,-43.8685,-43.2038,-39.198,-42.488
-23.132,-23.9858333333333,-38.7792,-40.0736,-39.8956666666667,-43.4382,-46.1066666666667,-38.024
-15.661,-28.7596666666667,-35.3004,-42.0202,-43.5045,-41.5922,-41.1316666666667,-47.421
-25.53,-23.5878333333333,-28.6488,-28.934,-18.3765,-13.9206,-12.077,0.16094
-58.301,-26.1736666666667,-34.2786,-42.2248,-42.8195,-40.215,-45.1263333333333,-30.199
-27.268,-25.4851666666667,-33.063,-36.4758,-46.226,-42.5214,-48.8753333333333,-33.672
-25.96,-27.6005,-37.5052,-42.9754,-43.809,-45.7508,-48.1216666666667,-36.481
-21.328,-24.1811666666667,-39.352,-43.359,-45.2101666666667,-45.643,-49.2316666666667,-43.322
-27.387,-26.0441666666667,-36.0498,-33.3624,-42.975,-47.7896,-50.36,-47.786
-34.602,-24.2726666666667,-38.8652,-39.221,-42.9385,-41.905,-44.2056666666667,-43.51
-20.606,-25.625,-37.324,-44.594,-46.3375,-44.888,-43.2843333333333,-48.636
-46.332,-23.9858333333333,-42.8278,-37.3618,-41.1761666666667,-41.3482,-45.652,-49.326
-15.183,-29.8931666666667,-35.7872,-41.4528,-42.4161666666667,-45.7706,-58.0476666666667,-46.147
-30.214,-9.838315,-16.9314,-15.8866,-12.9078666666667,-16.9588,-27.2783333333333,-11.229
-39.023,-14.3380666666667,-22.5492,-22.6428,-20.7391666666667,-19.7688,-30.346,-11.106
-20.787,-11.0179833333333,-18.2308,-22.0736,-16.2401666666667,-18.453,-24.4406666666667,-13.674
-29.797,-19.4775,-21.5514,-14.4182,-17.6868333333333,-19.9494,-21.4033333333333,-14.323
-36.96,-25.3878333333333,-22.6596,-20.7486,-20.5513333333333,-17.8104,-23.0333333333333,-18.318
-28.365,-21.8103333333333,-22.7784,-21.416,-18.0883333333333,-23.303,-26.0476666666667,-21.586
-26.591,-21.4698333333333,-20.9056,-19.2594,-20.8403333333333,-22.8136,-20.922,-21.481
-34.771,-19.1126666666667,-16.468,-16.0902,-18.6033333333333,-24.2574,-18.205,-16.099
-34.689,-20.4081666666667,-24.9022,-20.0456,-13.2463833333333,-28.0832,-20.6663333333333,-20.795
-21.731,-19.275,-19.9048,-19.675,-19.9376666666667,-17.0838,-19.847,-9.8965
-23.032,-19.9686666666667,-15.7826,-21.4198,-14.7278833333333,-16.32836,-22.5953333333333,-15.715
-16.953,-17.0995,-13.1468,-16.2824,-17.43815,-16.4076,-20.6123333333333,-9.4052
-33.36,-21.751,-20.656,-20.7232,-17.3925,-14.45434,-23.4343333333333,-10.689
-19.981,-0.0222950000000003,-6.29472,-18.616,-14.0221833333333,-11.24614,-13.5617333333333,-3.5863
-22.443,14.8673,-8.20936,-19.1978,-13.1997166666667,-15.18322,-14.9923333333333,-10.317
-7.4907,16.5696166666667,-5.6733,-19.1112,-4.62256333333333,-1.596414,-2.9606,-2.8098
-17.779,17.2723333333333,-5.22666,-21.5624,-6.28901666666667,3.61922,-2.7971,-17.084
-25.236,15.7738833333333,-7.02422,-22.1176,-10.3636333333333,4.695262,-0.628066666666667,-8.1277
-35.848,6.23096666666667,-21.206,-23.346,-28.8735,-8.399,-7.9991,-20.93
-32.78,-1.0789,-26.6216,-31.5344,-33.0216666666667,-31.9714,-29.0416666666667,-36.688
-22.115,-9.94546666666667,-32.8748,-39.5028,-41.0281666666667,-31.8978,-37.2503333333333,-35.802
-31.976,-8.4566825,-34.402,-43.2344,-44.0623333333333,-46.2494,-48.568,-37.631
-37.229,-12.77015,-32.5796,-43.257,-46.7725,-44.6606,-39.977,-38.439
-35.329,-20.2949666666667,-37.3756,-39.2272,-43.0566666666667,-48.8746,-44.9193333333333,-46.453
-32.625,-20.1108333333333,-37.4744,-46.4684,-39.2576666666667,-41.8024,-48.767,-39.89
-23.45,-3.70078333333333,-9.26836,-14.67484,0.112233333333333,1.41008,-10.5883666666667,-13.672
-25.598,-13.2188666666667,-19.8746,-20.1262,-14.9870333333333,-8.64392,-15.8548333333333,4.3941
-35.094,-15.9646833333333,-19.2992,-20.9408,-16.4784,-6.241988,-12.5014666666667,-3.9051
-3.7226,18.5909666666667,-9.274544,-13.7122,2.7103,-15.29256,-23.7573333333333,-22.319
-6.9096,16.5088666666667,-8.48306,-6.37178,-4.47775,-15.9382,-35.3606666666667,-29.946
-0.73881,15.1955333333333,-15.36184,-12.13874,-8.08078333333333,-17.5926,-29.312,-27.083
-3.4677,15.8885,-11.01568,-18.43036,-6.63496666666667,-30.1092,-26.1046666666667,-41.609
-14.811,13.12705,-11.62184,-10.51428,-8.10865,-25.8742,-27.6743333333333,-49.664
-3.1602,13.5028166666667,-14.84122,-15.62728,-12.7676833333333,-31.4776,-31.802,-41.547
-0.29914,15.8409333333333,-11.06118,-12.483,-5.533475,-23.5312,-29.106,-27.658
-10.63,14.3414166666667,-11.99504,-16.4304,-7.73591666666667,-22.1492,-30.9806666666667,-32.03
-0.35325,15.95135,-13.78284,-27.791,-4.29154666666667,-15.4279,-29.03,-37.731
0.61124,18.0028333333333,-8.783828,-16.3382,-6.6709,-1.713904,-22.3363333333333,-35.999
-32.316,17.3778333333333,-8.00524,-15.0882,-10.9475,0.540824,-10.4877,-32.517
0.79843,17.2526,-13.3184612,-16.38308,-15.1844683333333,2.2401708,-12.357,-20.004
-0.0078609,18.0255,-9.0094,-14.15728,-10.72975,4.86338,-5.68846666666667,-14.735
-8.9443,17.0779,-7.7731,-13.0097,-10.1760333333333,2.78799,-3.5647,-12.033
2.4316,16.3409833333333,-12.603122,-15.84504,-13.7068833333333,0.355148,-7.5443,-25.728
-1.6594,16.6708833333333,-10.51457,-13.99358,-9.92118333333333,2.63624,-2.67967333333333,-15.371
-22.722,8.27673333333333,-6.629564,-14.4796,-13.3488166666667,0.24624,2.98053333333333,-9.6888
-3.9992,3.87133333333333,-29.2144,-29.303,-31.3116666666667,-25.2612,-20.8653333333333,-46.52
-8.1488,7.34655,-20.63174,-27.2016,-27.1393333333333,-15.63684,-13.185,-36.982
-15.645,10.2297333333333,-8.26984,-14.04642,-10.2987833333333,-0.16942,2.24846333333333,-10.504
-40.357,5.89643333333333,-11.25094,-18.9854,-17.2126666666667,-6.97148,-4.3317,-11.022
-3.4648,0.234716666666667,-20.6806,-26.1044,-29.0636666666667,-21.463,-17.144,-26.419
-19.428,4.38058333333333,-21.8236,-29.26,-25.7981666666667,-19.386,-17.1073333333333,-36.01
-19.266,3.7878,-22.8074,-23.7434,-28.6408333333333,-24.1514,-31.1596666666667,-32.793
-5.7065,7.57513333333333,-29.5332,-29.5324,-31.0536666666667,-18.7034,-30.7356666666667,-24.739
-1.3934,7.14361666666667,-24.6292,-23.6126,-23.589,-22.0438,-26.281,-38.903
-12.025,9.02618333333333,-18.49954,-21.7828,-24.8165,-33.0992,-40.3843333333333,-36.206
-10.3,9.49466666666667,-14.95832,-20.6364,-17.5421666666667,-15.6202,-20.7806666666667,-28.702
-50.771,4.51991666666667,-14.86564,-21.1526,-19.9033333333333,-24.0618,-27.7266666666667,-29.928
-5.3739,-0.148938333333333,-17.323,-22.075,-25.0526666666667,-26.9822,-28.2203333333333,-30.716
-3.3367,0.179316666666666,-24.8576,-25.1478,-27.2666666666667,-29.9768,-35.8963333333333,-38.995
-21.936,5.4123,-26.9688,-28.9532,-25.222,-35.613,-41.8806666666667,-37.865
-1.619,6.114,-25.3184,-31.4316,-20.5118333333333,-36.6176,-32.8403333333333,-35.46
-14.957,5.39045,-22.8108,-27.4064,-29.778,-34.1622,-36.292,-47.444
-19.584,8.91161666666667,-18.78424,-26.3864,-23.5783333333333,-32.6216,-32.8483333333333,-38.726
-10.401,4.97763333333333,-23.1696,-33.3032,-29.0563333333333,-40.9032,-50.4876666666667,-43.047
-14.97,2.716,-24.8106,-27.5924,-32.2216666666667,-34.0842,-42.9446666666667,-45.386
-7.5505,2.82955833333333,-20.4664,-28.2702,-28.7641666666667,-34.5498,-40.2693333333333,-37.805
-7.3064,-0.93065,-29.0922,-31.8486,-21.101,-15.2686,-21.224,-20.225
-13.931,2.12251666666667,-26.279,-34.0122,-43.7785,-37.1076,-35.6846666666667,-39.956
-64.989,-42.402,-53.366,-57.0144,-60.6176666666667,-65.26,-64.0623333333333,-62.286
-22.546,-28.9716666666667,-43.506,-49.7766,-52.361,-46.508,-56.8006666666667,-57.429
-61.829,-25.5206666666667,-42.5594,-44.8262,-45.5566666666667,-47.9838,-46.346,-47.186
-29.604,-29.8313333333333,-39.1078,-44.5316,-45.7596666666667,-47.8354,-55.5653333333333,-58.323
-28.938,-29.5338333333333,-44.3118,-41.3852,-45.9355,-46.7856,-45.1916666666667,-47.606
-67.168,-26.5246666666667,-46.2818,-40.5988,-47.1813333333333,-48.4236,-50.17,-55.013
-40.624,-25.9655,-42.372,-46.6878,-44.1378333333333,-46.605,-52.7506666666667,-39.049
-37.605,-31.521,-39.8356,-44.7062,-47.4646666666667,-45.548,-47.436,-43.077
-26.943,-27.6068333333333,-36.4672,-40.3402,-45.6518333333333,-45.9636,-48.3846666666667,-58.207
-37.721,-30.2368333333333,-40.6644,-41.2664,-45.4131666666667,-45.7458,-52.5443333333333,-43.494
-33.593,-25.9688333333333,-36.3136,-43.9748,-41.096,-43.9092,-53.8606666666667,-41.32
-86.496,-30.6345,-36.9272,-38.5806,-36.494,-46.9276,-43.2733333333333,-48.389
-28.282,-28.9795,-34.4078,-46.278,-38.4493333333333,-41.3966,-43.6696666666667,-39.732
-22.015,-21.5825,-37.45,-46.7408,-45.2511666666667,-47.7028,-47.0373333333333,-52.183
-38.733,-29.362,-35.7574,-41.882,-33.8831666666667,-44.3222,-49.5696666666667,-41.785
-28.397,-24.1461666666667,-33.9586,-42.0216,-35.938,-38.7864,-37.5006666666667,-20.439
-32.644,-26.8315,-26.903,-32.7708,-39.593,-35.783,-36.272,-17.186
-36.138,-27.9628333333333,-36.5522,-35.0064,-37.0246666666667,-40.206,-45.7923333333333,-45.141
-17.493,-27.0911666666667,-35.4656,-38.3784,-39.5363333333333,-41.1906,-43.7793333333333,-41.55
-45.331,-24.17,-36.9724,-38.6034,-35.6753333333333,-40.057,-40.2563333333333,-32.906
-24.298,-23.8498333333333,-28.2344,-19.2656,-13.7885666666667,-21.8642,-20.939,-21.041
-24.552,-9.7841,-12.61286,-23.8466,-15.0658,-16.9722,-20.085,-13.016
-22.803,-16.2324,-38.7598,-36.6702,-31.41,-41.188,-43.2873333333333,-46.509
-20.267,-16.768,-32.8846,-43.3976,-34.561,-43.5652,-36.686,-33.086
-36.258,-18.8358333333333,-33.9878,-42.8988,-34.0551666666667,-39.7824,-37.9646666666667,-38.64
-32.893,-20.7671666666667,-35.2756,-37.4234,-36.8686666666667,-41.5208,-43.8663333333333,-32.381
-18.241,-19.8995,-34.483,-42.5844,-35.3946666666667,-43.3708,-43.6143333333333,-47.137
-30.235,-27.3946666666667,-35.6912,-38.2332,-28.9993333333333,-43.0606,-42.6873333333333,-48.521
-22.808,-26.603,-35.4124,-39.9426,-38.3811666666667,-42.6038,-42.2436666666667,-46.713
-28.868,-26.743,-33.1426,-37.6168,-34.1275,-40.981,-39.011,-56.867
-27.674,-29.4238333333333,-37.2838,-43.7764,-38.1045,-45.6332,-37.21,-47.752
-23.598,-26.6295,-28.4378,-44.5708,-40.7683333333333,-49.8922,-50.622,-44.705
-31.399,-30.5858333333333,-34.2078,-38.4882,-39.9823333333333,-43.5498,-40.285,-42.288
-22.798,-30.1746666666667,-36.423,-43.368,-36.9411666666667,-41.5262,-45.3653333333333,-58.047
-35.659,-31.965,-32.3638,-42.7172,-39.0425,-49.4254,-41.6456666666667,-51.14
-21.904,-30.3735,-44.349,-43.3014,-40.233,-45.4444,-48.1206666666667,-48.911
-28.274,-25.3795,-38.8052,-44.6398,-40.7401666666667,-46.138,-37.9356666666667,-40.279
-35.743,-30.3228333333333,-32.1902,-38.5526,-37.7081666666667,-42.2314,-47.3793333333333,-46.841
-28.323,-34.9336666666667,-37.105,-38.687,-43.2418333333333,-46.8776,-54.817,-46.036
-32.861,-29.7165,-39.8018,-38.754,-46.4211666666667,-49.8178,-44.668,-48.324
-27.518,-31.4348333333333,-42.6654,-44.8212,-45.2943333333333,-50.343,-54.096,-50.062
-30.945,-29.4961666666667,-38.886,-45.3174,-48.2963333333333,-48.7532,-46.0553333333333,-47.192
-58.191,-31.1961666666667,-35.9642,-48.6956,-43.1401666666667,-46.0826,-52.5426666666667,-51.494
-19.148,-25.8348333333333,-38.4852,-41.0808,-44.0765,-50.3678,-49.1303333333333,-39.439
-21.148,-28.3268333333333,-39.5528,-42.464,-46.4408333333333,-47.8534,-54.81,-44.065
-47.097,-35.5838333333333,-45.6016,-48.2924,-47.2013333333333,-49.5038,-49.3373333333333,-48.765
-36.754,-24.6158333333333,-39.8182,-44.769,-45.607,-47.8248,-55.543,-59.016
-27.322,-31.058,-38.3778,-49.9066,-47.0913333333333,-42.523,-49.3496666666667,-53.148
-21.778,-6.66250333333333,-5.6993,-13.11034,-13.5955166666667,-15.8067,-23.2936666666667,-30.733
-12.982,-15.18885,-12.46904,-24.8038,-17.5071666666667,-33.6422,-30.809,-35.067
-30.039,-14.5481,-27.7126,-25.2874,-30.165,-36.6414,-38.8993333333333,-48.771
-22.685,-20.4343333333333,-27.2432,-28.3488,-33.0463333333333,-40.297,-50.351,-41.314
-44.836,-24.6798333333333,-35.7822,-43.796,-41.6123333333333,-42.5356,-47.8763333333333,-64.414
-23.789,-29.0766666666667,-41.5732,-36.899,-49.0701666666667,-47.51,-47.776,-56.57
-34.487,-36.3688333333333,-33.8414,-39.1468,-35.3761666666667,-39.796,-49.634,-44.837
-37.639,-28.9676666666667,-34.2524,-42.3448,-41.2358333333333,-40.0518,-42.0113333333333,-48.265
-47.982,-29.9355,-40.1588,-44.26,-40.9278333333333,-48.8804,-53.2936666666667,-47.751
-43.921,-26.4845,-41.757,-41.4436,-42.6681666666667,-44.1866,-47.4373333333333,-49.2
-28.921,-33.2961666666667,-37.9346,-40.9294,-42.579,-48.8908,-47.588,-38.145
-24.765,-26.1616666666667,-42.2422,-46.956,-43.318,-45.9146,-51.9416666666667,-40.278
-35.036,-32.092,-39.8184,-47.1278,-45.7718333333333,-50.8174,-50,-48.755
-33.353,-28.684,-37.3058,-48.612,-47.748,-45.5876,-48.889,-44.902
-25.106,-28.6411666666667,-39.5358,-35.528,-26.4578333333333,-28.7704,-25.9093333333333,-37.675
-45.374,-34.4691666666667,-36.7602,-41.3716,-47.1896666666667,-43.073,-44.4466666666667,-43.766
-34.746,-29.3658333333333,-40.5286,-45.585,-40.4035,-46.0158,-51.2366666666667,-56.953
-26.808,-21.992,-19.4234,-19.3858,-28.9626666666667,-24.734,-25.796,-25.427
-26.724,-24.3468333333333,-30.4872,-26.1126,-31.0678333333333,-37.383,-33.4773333333333,-32.755
-24.68,-25.2586666666667,-34.6604,-37.3354,-41.4635,-40.8278,-40.0243333333333,-42.785
-30.564,-27.8045,-34.5342,-36.259,-33.2885,-38.2622,-37.422,-43.918
-35.254,-29.0146666666667,-31.8304,-35.9332,-38.3191666666667,-28.8704,-42.1963333333333,-25.305
-28.77,-29.4775,-37.6076,-38.4094,-33.4006666666667,-31.6814,-36.9926666666667,-28.809
-26.916,-25.241,-36.4722,-34.0312,-34.0243333333333,-37.9214,-34.285,-26.858
-37.182,-25.5643333333333,-38.7942,-36.2324,-34.1921666666667,-31.718,-37.021,-42.825
-48.296,-26.537,-34.9128,-40.2712,-34.576,-33.3066,-35.3896666666667,-32.216
-28.773,-25.3708333333333,-38.8638,-36.3102,-31.9706666666667,-37.9226,-38.6096666666667,-31.923
-25.349,-24.7426666666667,-27.9526,-32.1792,-32.8106666666667,-34.1354,-33.0403333333333,-23.281
-49.412,-31.59,-35.7016,-43.2062,-42.5003333333333,-47.999,-48.2456666666667,-51.383
-34.558,-29.7896666666667,-35.069,-42.5672,-41.176,-42.7478,-44.943,-49.646
-35.788,-21.4345,-35.3568,-49.338,-44.416,-49.1094,-45.662,-50.007
-38.057,-24.4725,-41.6738,-47.2474,-43.4353333333333,-41.7798,-47.078,-59.422
-27.304,-31.4658333333333,-36.5598,-45.1068,-39.1788333333333,-49.4646,-48.136,-49.225
-28.946,-30.3638333333333,-43.8166,-49.8442,-42.3743333333333,-50.2288,-46.14,-50.762
-26.415,-24.8175,-43.6712,-46.5914,-52.6541666666667,-42.87,-42.3656666666667,-43.674
-23.494,-31.5726666666667,-37.8412,-40.5164,-43.8646666666667,-45.8854,-47.506,-58.345
-24.683,-28.9018333333333,-43.3416,-43.786,-44.785,-46.4672,-45.796,-48.553
-44.055,-28.7295,-42.1374,-42.0652,-43.7198333333333,-44.7586,-46.3066666666667,-56.771
-27.952,-25.22,-37.9444,-42.6348,-47.4341666666667,-43.8546,-53.8086666666667,-39.536
-15.635,-24.2246666666667,-41.8404,-42.6676,-45.7551666666667,-47.1736,-47.5463333333333,-39.574
-25.574,-24.1146666666667,-40.3658,-44.9562,-40.689,-42.8614,-44.213,-51.509
-22.238,-28.6929,-38.5874,-38.8908,-46.7443333333333,-42.3866,-45.4206666666667,-43.624
-25.805,-26.279,-34.0362,-46.8168,-55.3578333333333,-48.7714,-47.292,-49.012
-18.073,-29.8151666666667,-43.595,-44.9598,-45.716,-48.6508,-47.945,-43.312
-32.479,-26.5541666666667,-37.734,-43.3754,-43.4718333333333,-45.4634,-55.9233333333333,-53.128
-55.523,-27.1258333333333,-41.2384,-43.0012,-46.0843333333333,-43.9754,-43.463,-44.607
-35.326,-31.7631666666667,-40.8132,-41.657,-45.5921666666667,-46.8136,-53.557,-60.637
-24.587,-27.3943333333333,-39.6862,-44.4594,-48.5548333333333,-51.896,-42.5693333333333,-40.731
-48.092,-30.4691666666667,-39.7718,-41.8076,-42.8933333333333,-45.76,-46.3453333333333,-49.934
-16.83,-24.375,-35.2362,-43.1598,-48.4481666666667,-43.8246,-46.864,-49.176
-20.394,-22.6735,-43.4826,-40.0544,-39.4666666666667,-48.7436,-44.369,-45.629
-20.299,-28.3281666666667,-36.7324,-40.5756,-39.5661666666667,-40.256,-47.7056666666667,-41.985
-26.381,-30.9668333333333,-40.3634,-47.0382,-49.2106666666667,-41.4302,-44.004,-45.353
-28.043,-28.1376666666667,-38.869,-40.7344,-43.0843333333333,-44.1484,-45.0476666666667,-40.395
-37.079,-24.3158333333333,-40.2828,-40.747,-42.4615,-39.8416,-45.8773333333333,-44.727
-46.303,-18.4666833333333,-38.77,-39.2788,-44.2223333333333,-45.7954,-43.2266666666667,-41.519
-30.853,-9.75041666666667,-38.7774,-43.1464,-45.7411666666667,-47.0364,-47.0626666666667,-39.842
-14.254,5.7957,-19.78172,-33.4568,-36.0605,-42.6476,-42.2883333333333,-45.916
-5.019,4.00855666666667,-15.87504,-32.8396,-31.0815,-42.9246,-40.9396666666667,-47.037
-15.347,10.2268,-9.20094,-23.7508,-30.0078333333333,-36.252,-38.1246666666667,-29.27
-9.7226,14.4589,-3.33648,-21.1504,-27.0118333333333,-26.7082,-31.0126666666667,-23.452
-10.345,17.4353333333333,1.949452,-13.32528,-21.2636666666667,-25.6498,-29.5726666666667,-19.206
-21.882,17.7216166666667,3.979992,-2.624058,-13.477,-14.5586,-19.7403333333333,-23.247
-14.192,17.3363666666667,5.28774,0.888454,-9.8785,-10.74792,-9.6038,-13.194
-34.046,19.0245,5.79052,3.99138,-8.73266666666667,-7.37966,-7.2325,-9.775
-19.81,19.255,5.377834,3.339,-8.65731666666667,-7.94354,-7.28306666666667,-10.254
-15.063,19.5106666666667,3.078214,3.67204,-9.33786666666667,-11.71034,-5.54636666666667,-11.407
-12.63,19.5918333333333,0.974928,3.6559,-9.88263333333333,-12.78982,-4.55723333333333,-20.456
-14.911,19.9106666666667,2.38632,3.1244,-9.02266666666667,-12.13462,-4.00756666666667,-13.681
-10.191,19.932,2.563086,2.395578,-8.58366666666667,-10.33588,-1.46803333333333,-12.258
-16.759,19.5766666666667,2.60555,-0.244736,-6.92708016666667,-9.29356,-3.185935,-5.3718
-15.394,19.1433333333333,2.563206,-2.567904,-4.32288333333333,-7.91526,-0.0899333333333332,-4.7104
-34.78,18.7804,2.168784,-5.2562,-1.32178333333333,-5.99476,0.0595913333333334,-5.8109
-14.903,18.401,1.02092,-9.6567,1.00783333333333,-2.777318,1.55708333333333,-2.3545
-19.547,17.7721666666667,0.11526,-15.7896,2.29536666666667,-0.6609,1.33486,2.8129
-20.479,16.9461666666667,-1.22004,-16.1858,-1.7693,2.42186746,3.84353333333333,2.0088
-21.496,11.70215,-2.634906,-4.07476,-2.40405333333333,-12.36584,-20.6123333333333,-30.072
-31.552,14.7387666666667,-8.78584,-7.343958,-5.82488333333333,-15.461032,-33.334,-30.063
-28.098,14.3260333333333,-10.5471,-9.26404,-6.85488333333333,-13.01212,-33.773,-30.844
-16.974,13.4058,-13.73362,-12.51986,-12.6012166666667,-20.9278,-38.2836666666667,-26.382
-16.769,10.2195666666667,-23.2368,-18.046,-19.1981666666667,-25.9284,-42.354,-35.804
-20.599,-0.621266666666667,-26.27,-24.8926,-24.6166666666667,-30.7806,-40.4813333333333,-30.439
-8.5731,-2.79852,-26.9652,-22.3716,-25.7303333333333,-35.4658,-32.9933333333333,-31.035
-33.985,-1.92605883333333,-23.0124,-23.9238,-26.347,-26.6054,-42.0946666666667,-44.67
-32.631,-9.30893666666667,-27.5452,-27.0028,-28.8681666666667,-41.1682,-46.7746666666667,-43.26
-14.103,-12.8842333333333,-34.4154,-36.0894,-39.8046666666667,-47.5948,-46.6373333333333,-42.561
-20.23,-18.3506166666667,-39.5142,-38.6558,-33.894,-33.4588,-32.63,-31.49
-22.08,-7.02133333333333,-21.53572,-19.109,-13.9951666666667,-16.688,-16.343,-18.247
-8.8678,-10.1062333333333,-16.25702,-23.2156,-16.9146833333333,-22.6206,-30.4686666666667,-26.05
-21.602,-7.67720166666667,-16.38786,-22.4234,-12.2815,-21.7436,-29.6586666666667,-29.011
-14.296,12.7292333333333,-6.97486,-15.10176,-8.10461666666667,-21.4832,-24.7386666666667,-25.238
0.12006,15.01865,-10.0369,-18.6962,-3.97483333333333,-10.7892,-16.959,-28.744
-0.23361,13.2254666666667,-10.9087,-17.8666,-11.7349166666667,-21.092,-28.2436666666667,-24.12
-13.218,13.2656,-13.36554,-18.132,-8.39988333333333,-19.7172,-21.6863333333333,-20.816
-0.41552,14.1398833333333,-9.46212,-18.30098,-7.020535,-15.2104,-13.0813333333333,-9.2506
-1.4248,15.5388166666667,6.177762,-3.51066,-1.56843333333333,-9.6175,-5.49436666666667,-27.058
-4.8408,15.2504833333333,13.26888,-5.0394,5.49618333333333,-4.4714,1.368,-6.8206
-5.8475,13.1580333333333,11.385748,-0.690097,5.362535,2.904118,4.45723333333333,-11.872
0.31829,15.1529333333333,-4.618,-9.14586,-4.09663333333333,-0.74876,7.1775,-5.539
-14.222,14.2710666666667,-4.74086,-9.51466,-6.25936666666667,-2.402202,2.73046666666667,-10.564
-1.6991,13.5102821666667,-10.09004,-13.0034,-11.7125666666667,-14.37858,0.250123333333333,-14.65
-3.0763,13.7660333333333,-8.66812,-11.13814,-9.0656,-3.31046,4.29683333333333,-7.446
-12.596,10.4312166666667,-10.88654,-12.77448,-12.8006833333333,-4.68166,-7.15283333333333,-13.155
-37.341,6.30285,-18.00888,-17.1788,-24.203,-27.41,-17.7566666666667,-31.571
0.83773,6.74005,-18.89324,-24.6748,-29.934,-26.1854,-31.2056666666667,-32.796
-30.14,8.54865,-13.88384,-15.3852,-13.9368333333333,-18.8712,-25.6363333333333,-40.884
-9.6017,-0.962403166666666,-38.467,-35.8304,-40.037,-37.3022,-39.0896666666667,-37.938
-16.121,-7.10151833333333,-31.7288,-35.0836,-32.4503333333333,-39.0798,-36.5183333333333,-41.542
-18.866,-13.8686,-42.6236,-42.5792,-43.822,-39.9336,-44.1676666666667,-50.815
-12.699,-14.6815,-40.9516,-48.0154,-42.9285,-45.1084,-45.7393333333333,-45.826
-20.381,-23.0846666666667,-41.0662,-46.8744,-45.6903333333333,-42.5856,-42.6886666666667,-43.705
-16.488,-19.8998166666667,-38.4412,-45.7706,-46.4135,-44.7024,-49.0413333333333,-43.563
-31.961,-27.3876666666667,-39.425,-41.7846,-41.9206666666667,-52.2738,-47.1913333333333,-45.713
-40.731,-22.0966666666667,-39.6844,-44.3698,-51.1991666666667,-46.6944,-51.4303333333333,-41.908
-33.006,-26.9116666666667,-37.0638,-45.9958,-43.631,-45.3728,-53.359,-48.895
-34.416,-27.743,-44.0412,-46.9926,-47.987,-53.67,-43.4153333333333,-47.249
-28.041,-20.8485,-42.565,-48.8516,-41.9345,-40.7294,-50.315,-45.314
-30.979,-22.5771666666667,-40.632,-40.2236,-45.6645,-50.2052,-48.0746666666667,-44.093
-26.946,-21.8906666666667,-39.614,-47.2632,-39.0638333333333,-46.4102,-61.0453333333333,-54.803
-33.668,-13.3519333333333,-12.3068,-15.0744,-15.2031666666667,-12.1872,-15.996,-15.426
-20.196,-4.8257085,-11.91988,-18.5048,-17.8926666666667,-3.8806,-6.1505,4.3815
-35.612,-13.6414,-19.6082,-18.6674,-18.6921666666667,-3.71495,-8.7338,8.0846
-17.087,-17.179,-19.8978,-22.4616,-11.38515,-1.0774544,-8.94866666666667,4.8829
-21.848,-18.1718333333333,-28.8254,-21.255,-13.5309833333333,-6.9036,-11.4952,-3.1107
-24.228,-11.70775,-22.6596,-26.7808,-27.3791666666667,-7.5623,-13.2314,2.6496
-25.431,-15.5681666666667,-27.322,-21.3212,-21.828,-8.226328,-6.88916666666667,-4.2696
-30.355,-20.4361666666667,-28.422,-23.3752,-19.289,-12.90484,-12.2543333333333,-15.904
-15.848,-13.8774,-32.0492,-29.206,-32.6881666666667,-21.8014,-12.003,-20.581
-3.511,11.33682,-12.53302,-20.5696,-21.742,-17.5942,-5.38826666666667,-7.4061
-13.988,13.4066,-13.89646,-13.70568,-21.2333333333333,-12.9547,-10.3025333333333,-4.0424
-4.3577,16.2152833333333,-10.45322,-13.21766,-11.64625,-6.42282,-1.62193333333333,-4.3911
-3.3329,16.5755833333333,-7.93334,-13.4428,-7.15365,-3.53872,1.98471,-5.5303
1.2364,14.9403666666667,-8.53056,-15.19568,-9.42145,-7.063738,-4.05836666666667,-11.147
-30.082,15.60975,-10.70592,-14.05168,-9.05805,-6.53886,2.77753333333333,-9.3082
0.15301,14.0682166666667,-8.16368,-10.86428,-8.09526666666667,-5.65402,-0.28919,-8.2401
0.36809,11.1398166666667,-10.4682,-13.13104,-12.4931166666667,-11.8709,-2.38821333333333,-14.212
-9.9274,14.2079833333333,-11.08562,-12.9843,-8.4162,-8.2145,0.5971,-11.428
-6.3963,13.0883666666667,-8.8243,-11.08224,-9.01405,-7.24076,-1.54753333333333,-19.322
1.722,12.7636833333333,-14.132538,-15.2047,-14.54075,-12.43636,-2.12846666666667,-24.742
0.48496,14.1892833333333,-9.682016,-15.81008,-8.73958333333333,-9.63256,-1.37537,-16.153
-8.5461,12.2338166666667,-10.667892,-13.69514,-13.4515833333333,-9.51862,-6.21443333333333,-23.807
-6.0101,13.3016,-13.51514,-16.6458,-13.2764833333333,-10.2148,-9.9415,-31.48
2.619,13.5569,-11.22086,-14.82684,-12.7047,-16.7466,-21.3336666666667,-32.901
0.35705,10.67705,-13.259898,-17.10848,-13.7683333333333,-18.2522,-30.2046666666667,-33.941
-41.919,13.8615833333333,-11.226994,-17.03276,-12.0854,-16.8146,-22.8493333333333,-23.983
-1.0648,13.81695,-11.904094,-15.73484,-12.0828666666667,-16.624,-27.0846666666667,-25.72
2.535,10.85495,-16.236,-15.97,-18.9465,-24.6818,-27.754,-33.96
-1.5894,14.47035,-13.63208,-17.4402,-15.9483333333333,-24.2358,-27.766,-37.714
-14.889,12.8658666666667,-12.89478,-17.9132,-17.1696666666667,-27.8556,-33.1453333333333,-43.169
0.56213,11.7406666666667,-15.1409,-20.9844,-26.3761666666667,-31.1048,-32.892,-29.826
2.6832,13.2995,-13.42598,-19.6432,-19.9426666666667,-36.0332,-40.025,-41.024
1.0915,9.60198333333333,-16.63136,-22.3706,-25.9173333333333,-29.8476,-32.1043333333333,-34.833
-4.9077,9.50213333333333,-18.41212,-23.7488,-27.3708333333333,-33.1402,-34.356,-30.434
-10.766,3.54571666666667,-22.4532,-31.7832,-30.4185,-34.815,-40.553,-40.753
-7.0715,0.5663,-27.2144,-32.8546,-28.243,-34.3962,-39.4886666666667,-36.478
-6.4727,-5.43211666666667,-32.9174,-26.377,-16.4351666666667,-28.9682,-34.9366666666667,-38.644
-15.078,-15.1909166666667,-36.12,-28.6968,-27.3631666666667,-34.095,-38.813,-41.604
-20.9,-21.1298333333333,-39.7208,-33.9226,-31.4638333333333,-38.0726,-41.995,-58.09
-59.337,-23.2656666666667,-37.8512,-43.4622,-36.1086666666667,-38.3952,-42.7563333333333,-40.621
-25.901,-28.6305,-33.7384,-38.6478,-41.0496666666667,-39.9462,-41.343,-43.217
-25.438,-23.4421666666667,-33.42,-39.4546,-40.6663333333333,-46.0482,-43.006,-42.878
-17.897,-24.3591666666667,-42.462,-42.7488,-39.3481666666667,-49.113,-41.3203333333333,-54.739
-21.161,0.153933333333333,-3.7291,-5.04194,-3.85031666666667,-4.191218,-1.21286,-0.49928
-13.042,-14.0898,-19.7122,-25.5352,-16.0857333333333,-20.22958,-8.53056666666667,-7.2488
-19.757,14.12755,-10.871632,-12.07504,-4.23478333333333,-4.18828,-9.67606666666667,-11.759
-12.207,15.5606,2.351494,-5.77462,1.01169166666667,-3.750186,-7.7495,-9.5293
-7.698,16.3918333333333,3.542446,-5.221728,3.05373333333333,-3.37696,-10.0384,-14.078
-1.5401,14.0776333333333,6.69762,-1.119792,-0.198426666666667,-8.93598,-13.8073333333333,-14.123
3.5606,17.6603333333333,12.97442,6.698582,4.60846666666667,-2.20936,-11.7383333333333,-10.398
1.2377,11.5119333333333,9.28816,1.993978,-2.28467683333333,-11.941806,-24.6986666666667,-23.617
-7.3753,15.2166666666667,13.52688,6.93498,2.46683333333333,-10.76936,-20.674,-18.284
3.2375,16.8146666666667,16.976,10.43222,7.03896666666667,-11.27886,-20.4143333333333,-16.024
1.2533,9.29096666666667,9.50268,2.44824,-1.929075,-26.0218,-32.0693333333333,-33.129
-16.441,14.3841666666667,13.45412,7.1193,3.59250666666667,-16.154,-23.4636666666667,-14.076
1.4757,15.8285,14.83428,7.55104,5.67161,-17.6996,-23.442,-15.752
3.2074,9.27058333333333,4.78968,-0.94934,0.796516666666667,-23.1262,-28.514,-24.589
-5.9694,15.456,9.98644,3.945308,7.18498333333333,-13.89626,-20.44,-14.875
0.33093,16.4146666666667,7.746348,-1.27074,8.7608,-13.89544,-24.0646666666667,-12.811
4.6997,9.50430983333333,-4.57678,-11.51204,-1.18069566666667,-16.15088,-26.6023333333333,-15.502
1.2282,16.5833333333333,-1.22274,-9.77366,1.065025,-11.58698,-24.0946666666667,-9.9636
-3.4032,12.8649333333333,-14.28372,-22.3808,-6.55263333333333,-13.4667,-26.9636666666667,-41.39
-19.456,5.65268333333333,-16.9294,-24.8752,-23.0616666666667,-20.9262,-25.765,-22.31
-1.2438,1.50931666666667,-34.9088,-38.15,-34.2451666666667,-27.8422,-36.124,-50.141
-15.389,-4.073025,-37.1804,-41.0474,-36.3208333333333,-41.5176,-39.3013333333333,-39.333
-8.2049,-12.6390833333333,-41.3568,-37.9788,-46.7491666666667,-47.15,-50.5033333333333,-41.724
-17.241,-14.2969666666667,-42.607,-43.3744,-45.9883333333333,-44.9598,-48.1313333333333,-45.248
-15.176,-17.9353333333333,-43.0962,-45.0752,-43.6146666666667,-46.2918,-46.257,-42.822
-17.328,-22.8594166666667,-37.7278,-44.7382,-42.0796666666667,-45.7256,-43.328,-54.109
-34.15,-4.96134666666667,-7.55998,-15.732,-11.6968333333333,-9.62506,-2.90176666666667,-5.5717
-40.244,-27.2686666666667,-44.9086,-46.7556,-48.9131666666667,-46.2472,-47.594,-43.966
-19.57,-28.2998333333333,-46.1834,-46.0754,-42.9258333333333,-39.979,-48.576,-57.327
-18.014,-27.4401666666667,-40.7522,-44.1146,-46.1986666666667,-38.657,-56.7883333333333,-49.261
-43.512,-30.701,-38.2446,-48.1264,-49.5771666666667,-46.6512,-40.5686666666667,-37.469
-48.942,-28.6346666666667,-39.3984,-41.4118,-42.6151666666667,-42.9738,-50.236,-46.397
-21.195,-28.3026666666667,-42.5454,-44.2108,-43.8873333333333,-46.3278,-46.16,-44.936
-19.716,-32.525,-42.7688,-39.1852,-43.9476666666667,-44.0788,-44.3303333333333,-44.772
-16.777,-26.5888333333333,-47.3726,-41.404,-47.1806666666667,-41.1326,-39.1533333333333,-50.782
-24.082,-24.5605,-43.9374,-43.3044,-46.0688333333333,-42.8954,-50.383,-41.279
-24.421,-27.3908333333333,-40.3964,-39.627,-42.2595,-40.567,-42.5833333333333,-41.651
-15.491,-12.7136,-19.5652,-24.2484,-21.2551666666667,-27.7408,-29.944,-31.663
-18.985,-23.6083333333333,-46.7856,-42.6888,-42.2878333333333,-43.9084,-45.59,-40.788
-24.855,-20.2273333333333,-35.1116,-46.7954,-46.1178333333333,-45.7174,-58.1823333333333,-42.985
-17.462,-30.0928333333333,-38.8082,-44.0254,-46.7033333333333,-42.244,-47.1936666666667,-43.111
-21.099,-29.3668333333333,-36.5872,-39.492,-43.5426666666667,-36.2266,-42.0116666666667,-43.406
-21.243,-25.4665,-41.2708,-40.9756,-48.0038333333333,-40.6272,-48.5253333333333,-43.632
-27.275,-22.7351666666667,-37.0012,-38.2466,-43.4008333333333,-43.2178,-46.9793333333333,-48.734
-36.064,-26.0011666666667,-44.0368,-43.1158,-45.3053333333333,-42.6412,-44.049,-45.479
-17.962,-18.8521666666667,-43.7226,-39.5962,-42.1093333333333,-48.9262,-41.5503333333333,-40.56
-36.655,-23.3918333333333,-42.8048,-42.9698,-43.2775,-46.3214,-53.2913333333333,-50.368
-48.468,-24.1041666666667,-39.9754,-47.486,-47.9088333333333,-39.1876,-43.6363333333333,-44.915
-29.488,-29.191,-40.9862,-40.269,-41.0348333333333,-45.4968,-41.8393333333333,-56.6
-28.606,-31.0918333333333,-43.8424,-46.0552,-46.0223333333333,-51.392,-45.568,-43.432
-27.264,-24.0036666666667,-38.881,-42.9008,-41.764,-48.2452,-43.7576666666667,-45.015
-25.174,-25.0015,-37.0846,-40.903,-46.4665,-38.5756,-40.963,-45.026
-35.113,-22.5928333333333,-34.4302,-39.468,-34.728,-32.06,-31.8726666666667,-32.376
-32.86,-25.3968333333333,-37.417,-35.2392,-30.7328333333333,-41.5086,-37.9073333333333,-39.946
-25.641,-26.7926666666667,-32.0118,-39.7472,-29.7095,-28.6506,-28.593,-25.484
-18.625,-28.0048333333333,-34.011,-43.2738,-29.8745,-24.7936,-24.5803333333333,-16.187
-31.386,-20.0901666666667,-34.671,-36.8748,-26.1956666666667,-28.3148,-33.601,-23.262
-23.984,-19.5036666666667,-32.759,-38.5524,-27.5251666666667,-27.1904,-21.176,-26.873
-21.895,-22.1398333333333,-29.452,-32.305,-26.3715,-29.8714,-23.9866666666667,-25.727
-21.736,-19.558,-20.9502,-23.0748,-18.8566666666667,-21.0032,-19.8943333333333,-29.709
-17.542,-20.0541666666667,-31.3334,-35.1094,-35.2303333333333,-34.6268,-27.8366666666667,-23.051
-16.314,-23.4936666666667,-29.2326,-36.7174,-28.6913333333333,-29.1156,-29.5283333333333,-24.031
-19.344,-20.4055666666667,-31.1094,-30.7084,-30.0476666666667,-34.2762,-30.4043333333333,-30.555
-29.987,-27.0803333333333,-31.2376,-30.9932,-33.5051666666667,-29.9856,-32.5016666666667,-33.045
-15.845,-22.0611666666667,-31.5084,-33.1806,-32.5331666666667,-34.4852,-30.0573333333333,-24.853
-20.95,-26.2596666666667,-33.7724,-31.6368,-30.5738333333333,-34.2212,-28.1433333333333,-24.915
-11.541,-23.1919166666667,-28.9276,-37.988,-37.5598333333333,-37.0818,-33.5306666666667,-34.519
-29.946,-38.3428333333333,-52.5408,-50.2778,-55.4726666666667,-60.406,-56.7153333333333,-55.801
-39.855,-25.5765,-41.5696,-43.8962,-46.6593333333333,-48.9372,-48.0406666666667,-54.349
-31.765,-27.5183333333333,-36.017,-42.4434,-43.8523333333333,-42.6768,-42.4393333333333,-44.801
-26.595,-29.759,-36.2904,-38.9764,-44.7553333333333,-47.3218,-48.7043333333333,-50.182
-20.839,-23.6448333333333,-37.6016,-40.2418,-44.0658333333333,-48.9758,-46.2013333333333,-49.498
-26.095,-27.9036666666667,-37.6852,-43.651,-45.6726666666667,-43.9948,-47.9506666666667,-51.377
-32.626,-29.2895,-37.1136,-38.7946,-45.2043333333333,-47.2218,-44.686,-38.385
-26.013,-27.2788333333333,-34.7798,-43.3016,-41.623,-45.3108,-42.8416666666667,-51.407
-28.264,-33.3518333333333,-31.8948,-42.5438,-44.2433333333333,-41.671,-43.9933333333333,-47.798
-31.731,-24.8516666666667,-29.966,-41.5068,-41.1551666666667,-48.4168,-46.0426666666667,-43.327
-21.612,-24.853,-35.8526,-38.7606,-42.4955,-42.246,-46.7663333333333,-52.553
-43.427,-26.1093333333333,-38.7716,-50.9134,-46.6988333333333,-43.516,-47.2426666666667,-40.078
-30.559,-28.6441666666667,-37.1848,-42.1644,-43.3185,-42.4646,-47.642,-43.029
-32.976,-23.7281666666667,-34.2236,-44.1126,-41.4913333333333,-43.0476,-44.4156666666667,-41.88
-24.846,-20.4525,-40.8636,-42.5962,-44.08,-51.0658,-38.3053333333333,-36.107
-39.219,-28.1181666666667,-38.9044,-41.0992,-46.5076666666667,-44.032,-43.8583333333333,-38.824
-18.149,-22.0943333333333,-36.939,-39.5154,-40.942,-46.7204,-45.0516666666667,-46.706
-24.211,-25.9826666666667,-36.741,-45.1086,-43.629,-44.4022,-44.4576666666667,-38.494
-35.415,-23.5666666666667,-33.4878,-41.2124,-45.633,-44.7524,-47.7926666666667,-36.849
-38.108,-26.1415,-35.3378,-44.4976,-42.78,-45.0692,-38.516,-34.432
-24.62,-29.203,-42.2716,-40.9274,-45.8301666666667,-43.7658,-44.6433333333333,-41.732
-20.619,-26.903,-41.8074,-45.5442,-45.3323333333333,-42.8732,-41.526,-63.465
-32.302,-26.8933333333333,-43.3384,-45.2722,-39.9283333333333,-42.3142,-52.1623333333333,-48.599
-23.012,-21.7515,-37.823,-40.9214,-47.6625,-42.8958,-47.7793333333333,-48.639
-28.666,-26.6898333333333,-40.6488,-40.547,-42.8,-41.5638,-50.3256666666667,-39.782
-41.192,-20.6838333333333,-40.2312,-40.4138,-40.4218333333333,-43.8106,-43.3343333333333,-47.125
-17.538,-23.4798333333333,-39.1684,-44.1414,-40.0895,-45.0676,-42.5576666666667,-65.368
-24.83,-21.0441666666667,-39.6028,-39.1046,-38.8753333333333,-44.4374,-41.1126666666667,-42.27
-31.712,-22.157,-36.2236,-40.0508,-38.0055,-41.2216,-35.286,-58.007
-18.398,-19.7905,-40.462,-39.6144,-32.5683333333333,-46.109,-43.104,-61.119
-20.364,-20.556,-33.6856,-38.382,-38.9531666666667,-37.0526,-41.3433333333333,-34.527
-24.914,-20.5683333333333,-38.0728,-29.464,-35.4185,-38.3756,-37.1773333333333,-42.572
-28.525,-18.8631666666667,-32.227,-41.2824,-33.52,-43.4508,-47.5763333333333,-40.597
-19.34,-25.7803333333333,-34.4588,-39.2366,-44.0681666666667,-45.95,-43.6176666666667,-33.386
-15.745,-26.8666666666667,-35.1124,-32.3336,-35.069,-37.9392,-35.7353333333333,-33.682
-26.837,-19.4793333333333,-34.816,-32.4288,-32.529,-30.7624,-46.305,-49.489
-20.318,-25.3636666666667,-37.1312,-35.3526,-42.3961666666667,-35.5782,-43.7596666666667,-30.18
-16.649,-21.0456666666667,-28.9114,-31.2428,-31.2141666666667,-35.5178,-37.6046666666667,-31.499
-19.423,0.83868,-9.36878,-23.7738,-15.1651666666667,-21.5142,-29.251,-12.732
-17.87,-13.6606666666667,-28.7542,-27.6378,-30.8256666666667,-34.8708,-38.396,-37.75
-20.876,-24.7093333333333,-32.469,-37.2226,-35.2218333333333,-37.1842,-39.894,-32.877
-16.933,-19.899,-30.2958,-42.8532,-27.6721666666667,-35.3958,-39.2783333333333,-25.867
-35.718,-20.0895,-35.1452,-41.1508,-39.682,-36.691,-39.778,-36.149
-21.556,-25.2815,-33.6522,-41.0768,-37.7516666666667,-41.2822,-40.0233333333333,-36.822
-17.654,-34.4206666666667,-31.5236,-36.2096,-35.011,-40.7274,-41.5466666666667,-48.604
-21.76,-16.0083333333333,-34.1798,-39.942,-32.5716666666667,-37.6594,-41.6436666666667,-40.266
-23.149,-19.0101666666667,-39.8826,-36.6986,-31.5381666666667,-40.3838,-39.2013333333333,-38.054
-21.921,-22.6923333333333,-38.9884,-42.5016,-35.3508333333333,-42.2216,-43.8456666666667,-37.345
-21.258,-25.426,-31.6676,-37.3904,-37.2981666666667,-38.9406,-46.2713333333333,-44.83
-21.944,-25.3075,-32.5346,-42.922,-36.0303333333333,-41.8524,-44.8,-38.58
-19.261,-24.8665,-34.8584,-37.8888,-43.1296666666667,-43.118,-37.9853333333333,-47.871
-23.197,-23.5405,-32.0724,-39.1198,-37.7551666666667,-41.0222,-48.133,-43.794
-22.406,-26.7838333333333,-37.4514,-37.2244,-41.5473333333333,-40.6678,-32.4343333333333,-45.533
-46.497,-29.0386666666667,-35.3434,-40.0486,-42.1455,-51.2748,-39.3276666666667,-46.434
-34.331,-23.3648333333333,-31.7664,-37.567,-39.8658333333333,-43.892,-37.9696666666667,-42.365
-25.101,-28.329,-41.4204,-41.7914,-39.3435,-39.1812,-39.8193333333333,-40.397
-19.118,-22.7731666666667,-38.2414,-37.5688,-41.816,-40.573,-52.4756666666667,-47.902
-21.12,-23.7926666666667,-39.1796,-40.7298,-42.6028333333333,-49.6476,-48.2176666666667,-44.614
-27.527,-29.9496666666667,-39.4596,-44.1766,-43.1856666666667,-42.5366,-45.1963333333333,-51.818
-15.296,9.90513333333333,0.06027,-10.45452,-5.17373833333333,-7.0396,-5.4413,-12.39
0.62692,7.07648333333333,-17.98764,-30.5462,-21.6721666666667,-31.3874,-26.9173333333333,-21.047
-3.6404,10.4915016666667,-7.70219,-18.619,-3.85723333333333,-28.8488,-11.7782333333333,-12.419
-4.8779,6.18355,-4.7197,-11.91548,-7.89235,-24.7114,-21.409,-20.735
0.48639,2.47240666666667,-18.19598,-27.7428,-22.9278333333333,-29.7388,-29.402,-34.131
-4.953,6.6556,-22.0398,-23.8058,-4.97946833333333,-29.7108,-33.0766666666667,-33.777
-28.925,9.29735,-13.488,-20.14392,-1.80091,-15.5482,-21.7956666666667,-32.584
-13.71,6.94325,-14.69196,-17.0236,-7.24085,-20.2068,-25.4996666666667,-21.807
-9.1714,1.469555,-18.3576,-18.2768,-17.7843333333333,-23.7206,-22.9396666666667,-21.574
-1.4823,2.52041666666667,-17.8816,-20.6522,-19.6106666666667,-26.6874,-27.929,-31.527
-7.7548,7.46346666666667,-22.226,-20.55108,-16.1240166666667,-33.9882,-29.534,-29.887
1.3736,9.14262833333333,-25.67162,-23.68418,-8.81108,-27.2214,-32.5163333333333,-20.665
-3.9545,10.4279166666667,-18.44808,-24.24844,-6.42183333333333,-22.6586,-24.4613333333333,-17.006
-11.077,11.6107833333333,-17.14528,-24.46604,-6.3393,-19.5816,-20.043,-17.192
-14.841,10.5612833333333,-14.8079,-22.8258,-7.93478333333333,-20.6546,-19.569,-29.547
-9.6997,8.04929166666667,-16.6071,-23.088,-9.82366666666667,-20.5836,-23.2063333333333,-33.051
-14.46,9.00948333333333,-19.9026,-30.0826,-23.837,-29.7294,-33.1456666666667,-35.777
-11.723,8.43035,-23.3686,-28.8636,-25.1461666666667,-33.11,-34.66,-36.689
-13.604,2.901335,-22.0374,-32.0992,-25.989,-37.6056,-37.8316666666667,-52.88
-0.72577,2.63220666666667,-22.7584,-24.8116,-27.7396666666667,-28.3666,-30.749,-34.876
-0.22957,1.4428,-24.8746,-26.8468,-28.972,-33.9508,-34.5933333333333,-34.674
-13.638,-0.406716666666667,-18.8556,-25.4976,-24.7285,-29.086,-33.164,-35.813
-6.3148,-5.17806666666667,-33.37,-39.2148,-37.3736666666667,-46.753,-34.4363333333333,-31.233
-15.847,-10.6358,-32.9406,-35.7018,-34.4145,-39.5376,-36.1146666666667,-29.756
-34.815,-14.0287833333333,-33.6018,-36.7116,-34.26,-37.4054,-31.2086666666667,-35.74
-32.15,-13.3137333333333,-31.6936,-30.919,-31.18,-31.5836,-27.798,-20.713
-24.647,-15.8826666666667,-29.0376,-34.433,-33.8905,-38.2166,-37.9213333333333,-28.734
-28.929,-21.8849833333333,-34.6074,-31.7112,-31.3791666666667,-32.9882,-28.4336666666667,-23.754
-16.699,-16.4842666666667,-29.1924,-30.833,-27.2635,-28.6692,-29.3953333333333,-22.443
-18.87,-20.97435,-30.5598,-35.7518,-30.5406666666667,-35.1034,-28.1323333333333,-17.769
-18.994,-18.7531666666667,-30.8614,-29.1724,-31.6115,-36.1646,-31.1156666666667,-23.363
-20.866,-23.4433333333333,-31.383,-33.2418,-26.3891666666667,-35.4062,-31.44,-22.68
-25.447,-25.4023333333333,-30.468,-31.1472,-29.8985,-33.3616,-28.709,-20.41
-19.847,-22.0518333333333,-38.421,-36.8262,-30.3641666666667,-31.148,-29.5533333333333,-26.619
-23.121,-24.781,-28.4956,-32.4358,-33.96,-28.761,-32.2336666666667,-24.75
-31.305,-20.2103333333333,-27.6462,-32.461,-30.0416666666667,-35.6834,-33.783,-26.745
-33.515,-22.6765,-27.789,-32.7418,-27.1748333333333,-32.0712,-33.5493333333333,-24.049
-22.637,-19.6053333333333,-33.824,-34.6106,-31.2878333333333,-36.8734,-32.2396666666667,-36.543
-32.622,-22.618,-34.9418,-29.945,-38.1708333333333,-39.1516,-38.241,-31.571
-20.842,-21.2911666666667,-36.3984,-31.556,-32.3771666666667,-34.3938,-34.7443333333333,-44.406
-44.104,-46.2003333333333,-57.5298,-64.4816,-59.0796666666667,-61.5644,-62.948,-59.404
-47.478,-31.6471666666667,-45.1698,-54.1512,-52.3226666666667,-49.7616,-53.2363333333333,-54.852
-41.329,-30.8741666666667,-47.4944,-44.3506,-48.2301666666667,-48.4318,-47.7826666666667,-49.971
-20.357,-26.8613333333333,-43.8206,-42.2552,-46.807,-51.4062,-50.042,-45.737
-22.501,-31.7331666666667,-42.494,-48.4086,-51.924,-47.9154,-50.979,-49.231
-44.922,-30.3268333333333,-41.0406,-43.0738,-42.8345,-50.775,-46.0323333333333,-42.655
-45.556,-23.3038333333333,-43.5036,-47.8996,-43.0646666666667,-45.7876,-47.2896666666667,-49.895
-31.272,-26.5513333333333,-31.6134,-28.5956,-20.8073333333333,-16.3926,-15.972,-25.554
-24.179,-28.1163333333333,-41.797,-43.5286,-43.0085,-42.7468,-37.674,-36.789
-26.641,-32.1928333333333,-39.174,-41.0936,-39.8865,-44.6386,-30.1976666666667,-35.758
-25.913,-16.5135,-22.722,-27.7342,-22.2313333333333,-22.275,-22.9796666666667,-13.693
-61.856,-9.33333333333333,-18.8498,-32.2448,-16.3883333333333,-22.989,-24.5593333333333,-18.739
-28.959,-21.2364333333333,-39.9794,-39.4364,-31.58,-47.5168,-43.6666666666667,-34.947
-19.775,-20.356,-36.9266,-34.9498,-21.18,-29.2328,-30.3483333333333,-29.704
-21.911,-20.414,-40.674,-42.9344,-18.8446666666667,-30.9518,-35.4003333333333,-32.644
-39.799,-27.14,-37.3936,-42.7022,-36.546,-48.097,-41.8876666666667,-56.729
-36.592,-24.6548333333333,-37.5356,-38.702,-37.099,-43.3386,-43.8716666666667,-45.782
-30.442,-23.4465,-37.555,-49.4168,-36.5006666666667,-40.482,-44.4383333333333,-50.453
-22.473,-29.979,-42.6676,-38.7538,-40.4756666666667,-46.391,-44.0646666666667,-47.427
-40.527,-25.0503333333333,-43.0876,-38.0584,-37.6945,-45.1716,-45.6646666666667,-42.435
-19.591,18.1106666666667,-8.02524,-12.04828,3.14404833333333,-24.6318,-34.3056666666667,-22.988
-3.6449,19.0396666666667,-0.68546,-4.84486,6.947,-17.8514,-27.1713333333333,-20.89
-3.9256,12.80315,-4.16258,-7.85558,1.70963,-18.7278,-25.429,-31.293
-16.667,17.2063333333333,-5.43086,-11.91128,6.011525,-21.4444,-26.9393333333333,-26.595
-11.206,15.24335,-4.373642,-9.4658,2.892,-20.12698,-24.495,-21.554
-4.5293,12.51,-11.848316,-18.49872,1.51398833333333,-20.67606,-32.726,-29.748
-3.2377,11.13965,-12.460896,-19.9838,-1.19530166666667,-18.6563,-28.3113333333333,-28.05
-4.5563,0.421746666666667,-24.2738,-30.6928,-20.4801666666667,-36.729,-39.9646666666667,-40.508
-9.463,-0.463766666666667,-23.1736,-32.0104,-28.0538333333333,-39.165,-46.34,-47.028
-12.183,-3.89555,-25.999,-40.1912,-33.7131666666667,-42.3914,-50.1666666666667,-48.696
-14.46,-10.1107366666667,-34.2896,-39.8796,-41.7725,-45.2032,-49.9253333333333,-47.916
-20.921,-20.0117666666667,-42.508,-44.1426,-46.4336666666667,-45.9356,-51.8223333333333,-44.698
-26.485,-25.5388333333333,-43.1818,-46.0046,-46.9923333333333,-55.923,-52.8586666666667,-61.737
-23.763,-23.8658333333333,-47.511,-44.9208,-45.0036666666667,-55.7492,-50.701,-50.659
-33.842,-33.4203333333333,-47.4026,-45.1788,-48.4775,-52.256,-50.1786666666667,-50.179
-36.835,-28.419,-42.2716,-48.8368,-51.9236666666667,-50.083,-52.33,-52.49
-44.693,-28.919,-41.7582,-47.6034,-47.7441666666667,-45.866,-52.422,-49.277
-25.311,-31.5721666666667,-44.3816,-42.6962,-46.3648333333333,-45.3662,-42.571,-55.526
-22.348,-5.00480833333333,-3.6654,-9.03296,-5.36613333333333,-3.62522,-4.45523333333333,0.47713
-14.213,-3.42936466666667,-9.061954,-15.40202,-10.61675,-7.696628,-4.383,2.7172
-22.458,-10.3497833333333,-19.4166,-13.45308,-11.10635,-10.05348,-12.7181,-18.179
-21.278,-17.5042333333333,-24.2282,-14.41706,-9.65005,-12.05506,-9.54263333333333,-18.577
-21.78,-13.66115,-17.6108,-11.5939,-11.1430833333333,-20.2142,-12.9974666666667,-8.7844
-31.753,-16.9293333333333,-16.6084,-7.64502,-15.51205,-20.283,-19.159,-26.554
-26.442,-19.6416666666667,-14.19652,-7.74294,-17.6221666666667,-20.0944,-21.3983333333333,-22.346
-23.601,-18.2395,-10.8525,-15.5464,-21.5155,-25.0188,-30.8493333333333,-27.019
-25.679,-22.566,-8.50874,-23.0162,-22.4935,-25.1266,-20.1836666666667,-28.952
-39.316,-21.9903333333333,-17.1425,-20.7414,-22.4951666666667,-28.9526,-29.9313333333333,-37.185
-31.255,-25.511,-20.443,-19.9246,-27.5713333333333,-21.073,-32.8096666666667,-35.786
-30.992,-18.0492,-12.54866,-23.7828,-34.7901666666667,-32.5238,-36.8263333333333,-44.054
-18.14,-2.15736666666667,-15.60964,-29.4846,-35.6073333333333,-39.8982,-40.5733333333333,-27.768
-32.517,16.71845,8.9829,-18.6004,-26.779,-24.0616,-31.0216666666667,-12.896
-26.456,-22.756,-25.9184,-27.749,-26.1535,-24.9476,-29.1976666666667,-23.991
-36.061,-25.5373333333333,-30.7786,-31.889,-25.0205,-27.063,-30.1896666666667,-27.723
-31.461,-25.9246666666667,-27.5586,-34.0622,-32.5328333333333,-31.8504,-30.622,-28.104
-25.755,-17.2823333333333,-28.9338,-23.7134,-23.9256666666667,-26.2528,-26.7683333333333,-28.62
-44.425,-27.2351666666667,-37.068,-30.2402,-24.4876666666667,-30.6554,-30.6433333333333,-27.544
-27.619,-25.955,-28.7028,-25.7208,-27.8696666666667,-37.0868,-28.9273333333333,-28.159
-24.813,-22.7908333333333,-31.388,-32.3594,-29.7723333333333,-31.5652,-27.7633333333333,-29.644
-26.835,-24.8506666666667,-31.2914,-31.902,-30.1798333333333,-33.8926,-31.4976666666667,-33.83
-20.798,-14.11905,-27.3052,-28.0358,-26.6695,-33.0614,-32.876,-29.373
-46.289,-25.4088333333333,-29.4202,-32.6906,-33.8685,-35.5302,-31.8106666666667,-39.798
-31.336,-30.4498333333333,-33.448,-35.1264,-37.688,-43.1154,-50.0476666666667,-35.518
-28.908,-27.9938333333333,-29.542,-31.6306,-35.6856666666667,-42.3716,-42.5326666666667,-44.058
-29.536,-27.6388333333333,-35.763,-34.2092,-36.7568333333333,-43.952,-50.761,-36.177
-25.222,-28.6601666666667,-41.0502,-37.6224,-35.8031666666667,-42.2082,-47.605,-43.834
-35.071,-21.9076666666667,-42.1044,-38.7402,-37.8076666666667,-43.9746,-46.144,-54.479
-55.726,-29.5715,-40.9734,-39.8788,-34.2893333333333,-44.9478,-46.1336666666667,-46.758
-38.262,-25.3958333333333,-45.0504,-44.0994,-36.0913333333333,-49.9044,-48.434,-51.608
-33.997,-30.1205,-41.9286,-38.1162,-29.0816666666667,-40.4532,-53.9813333333333,-47.82
-52.477,-30.6411666666667,-50.4596,-40.647,-44.068,-40.3198,-46.442,-53.254
-28.997,-25.0113333333333,-44.9512,-43.78,-47.0388333333333,-45.6428,-39.9523333333333,-53.142
-29.602,-29.888,-44.6314,-47.6624,-43.9845,-46.4212,-54.169,-31.321
-25.378,-24.7926666666667,-44.2248,-47.29,-46.1288333333333,-48.3008,-47.5196666666667,-45.451
